{
"type": "FeatureCollection",
"name": "officee",
"crs": { "type": "name", "properties": { "name": "urn:ogc:def:crs:OGC:1.3:CRS84" } },
"xy_coordinate_resolution": 1e-15,
"features": [
{ "type": "Feature", "properties": { "osm_id": 10961471615, "osm_type": "nodes", "office": "government", "government": "administrative", "opening_hours": null, "health_facility_type": null, "status": null, "medical_system_western": null, "rooms": null, "toilets_disposal": null, "operator": null, "tourism": null, "operator_type": null, "amenity": null, "beds": null, "staff_count_doctors": null, "access": null, "staff_count_nurses": null, "health_facility_level": null, "toilets_handwashing": null, "building": null, "name": "Kantor Kelurahan Argodadi", "health_facility_bed": null }, "geometry": { "type": "Point", "coordinates": [ 110.2497, -7.8469 ] } },
{ "type": "Feature", "properties": { "osm_id": 10961471758, "osm_type": "nodes", "office": "government", "government": "administrative", "opening_hours": null, "health_facility_type": null, "status": null, "medical_system_western": null, "rooms": null, "toilets_disposal": null, "operator": null, "tourism": null, "operator_type": null, "amenity": null, "beds": null, "staff_count_doctors": null, "access": null, "staff_count_nurses": null, "health_facility_level": null, "toilets_handwashing": null, "building": null, "name": "Kantor Kelurahan Salamrejo", "health_facility_bed": null }, "geometry": { "type": "Point", "coordinates": [ 110.2264, -7.8467 ] } },
{ "type": "Feature", "properties": { "osm_id": 10961477497, "osm_type": "nodes", "office": "government", "government": "administrative", "opening_hours": null, "health_facility_type": null, "status": null, "medical_system_western": null, "rooms": null, "toilets_disposal": null, "operator": null, "tourism": null, "operator_type": null, "amenity": null, "beds": null, "staff_count_doctors": null, "access": null, "staff_count_nurses": null, "health_facility_level": null, "toilets_handwashing": null, "building": null, "name": "Kantor Kelurahan Tuksono", "health_facility_bed": null }, "geometry": { "type": "Point", "coordinates": [ 110.2475, -7.8636 ] } },
{ "type": "Feature", "properties": { "osm_id": 10961476684, "osm_type": "nodes", "office": "government", "government": "administrative", "opening_hours": null, "health_facility_type": null, "status": null, "medical_system_western": null, "rooms": null, "toilets_disposal": null, "operator": null, "tourism": null, "operator_type": null, "amenity": null, "beds": null, "staff_count_doctors": null, "access": null, "staff_count_nurses": null, "health_facility_level": null, "toilets_handwashing": null, "building": null, "name": "Kantor Kelurahan Argosari", "health_facility_bed": null }, "geometry": { "type": "Point", "coordinates": [ 110.24, -7.82 ] } },
{ "type": "Feature", "properties": { "osm_id": 10961478929, "osm_type": "nodes", "office": "government", "government": "administrative", "opening_hours": null, "health_facility_type": null, "status": null, "medical_system_western": null, "rooms": null, "toilets_disposal": null, "operator": null, "tourism": null, "operator_type": null, "amenity": null, "beds": null, "staff_count_doctors": null, "access": null, "staff_count_nurses": null, "health_facility_level": null, "toilets_handwashing": null, "building": null, "name": "Kantor Kalurahan Triwidadi", "health_facility_bed": null }, "geometry": { "type": "Point", "coordinates": [ 110.2683, -7.8614 ] } },
{ "type": "Feature", "properties": { "osm_id": 10961472748, "osm_type": "nodes", "office": "government", "government": "administrative", "opening_hours": null, "health_facility_type": null, "status": null, "medical_system_western": null, "rooms": null, "toilets_disposal": null, "operator": null, "tourism": null, "operator_type": null, "amenity": null, "beds": null, "staff_count_doctors": null, "access": null, "staff_count_nurses": null, "health_facility_level": null, "toilets_handwashing": null, "building": null, "name": "Kantor Kelurahan Sumbersari", "health_facility_bed": null }, "geometry": { "type": "Point", "coordinates": [ 110.2711, -7.7853 ] } },
{ "type": "Feature", "properties": { "osm_id": 10961479217, "osm_type": "nodes", "office": "government", "government": "administrative", "opening_hours": null, "health_facility_type": null, "status": null, "medical_system_western": null, "rooms": null, "toilets_disposal": null, "operator": null, "tourism": null, "operator_type": null, "amenity": null, "beds": null, "staff_count_doctors": null, "access": null, "staff_count_nurses": null, "health_facility_level": null, "toilets_handwashing": null, "building": null, "name": "Kantor Kelurahan Argomulyo", "health_facility_bed": null }, "geometry": { "type": "Point", "coordinates": [ 110.2731, -7.8039 ] } },
{ "type": "Feature", "properties": { "osm_id": 10961474149, "osm_type": "nodes", "office": "government", "government": "administrative", "opening_hours": null, "health_facility_type": null, "status": null, "medical_system_western": null, "rooms": null, "toilets_disposal": null, "operator": null, "tourism": null, "operator_type": null, "amenity": null, "beds": null, "staff_count_doctors": null, "access": null, "staff_count_nurses": null, "health_facility_level": null, "toilets_handwashing": null, "building": null, "name": "Kantor Kelurahan Argorejo", "health_facility_bed": null }, "geometry": { "type": "Point", "coordinates": [ 110.2567, -7.8172 ] } },
{ "type": "Feature", "properties": { "osm_id": 12364481285, "osm_type": "nodes", "office": "government", "government": null, "opening_hours": null, "health_facility_type": null, "status": null, "medical_system_western": null, "rooms": null, "toilets_disposal": null, "operator": null, "tourism": null, "operator_type": null, "amenity": null, "beds": null, "staff_count_doctors": null, "access": null, "staff_count_nurses": null, "health_facility_level": null, "toilets_handwashing": null, "building": null, "name": "Kantor Kapanewon Sedayu", "health_facility_bed": null }, "geometry": { "type": "Point", "coordinates": [ 110.2583783, -7.8138177 ] } },
{ "type": "Feature", "properties": { "osm_id": 4576325298, "osm_type": "nodes", "office": null, "government": null, "opening_hours": null, "health_facility_type": null, "status": null, "medical_system_western": null, "rooms": null, "toilets_disposal": null, "operator": null, "tourism": "hostel", "operator_type": null, "amenity": null, "beds": null, "staff_count_doctors": null, "access": null, "staff_count_nurses": null, "health_facility_level": null, "toilets_handwashing": null, "building": null, "name": "Joglo Abiproyo", "health_facility_bed": null }, "geometry": { "type": "Point", "coordinates": [ 110.2515716, -7.814945 ] } },
{ "type": "Feature", "properties": { "osm_id": 10961478485, "osm_type": "nodes", "office": "government", "government": "administrative", "opening_hours": null, "health_facility_type": null, "status": null, "medical_system_western": null, "rooms": null, "toilets_disposal": null, "operator": null, "tourism": null, "operator_type": null, "amenity": null, "beds": null, "staff_count_doctors": null, "access": null, "staff_count_nurses": null, "health_facility_level": null, "toilets_handwashing": null, "building": null, "name": "Kantor Kelurahan Sumberrahayu", "health_facility_bed": null }, "geometry": { "type": "Point", "coordinates": [ 110.2464, -7.8002 ] } },
{ "type": "Feature", "properties": { "osm_id": 9819405184, "osm_type": "nodes", "office": null, "government": null, "opening_hours": null, "health_facility_type": null, "status": null, "medical_system_western": null, "rooms": null, "toilets_disposal": null, "operator": null, "tourism": "hotel", "operator_type": null, "amenity": null, "beds": null, "staff_count_doctors": null, "access": null, "staff_count_nurses": null, "health_facility_level": null, "toilets_handwashing": null, "building": null, "name": "The Cabin Hotel Sutomo", "health_facility_bed": null }, "geometry": { "type": "Point", "coordinates": [ 110.3778556, -7.7969982 ] } },
{ "type": "Feature", "properties": { "osm_id": 10961478721, "osm_type": "nodes", "office": "government", "government": "administrative", "opening_hours": null, "health_facility_type": null, "status": null, "medical_system_western": null, "rooms": null, "toilets_disposal": null, "operator": null, "tourism": null, "operator_type": null, "amenity": null, "beds": null, "staff_count_doctors": null, "access": null, "staff_count_nurses": null, "health_facility_level": null, "toilets_handwashing": null, "building": null, "name": "Kantor Kelurahan Muja Muju", "health_facility_bed": null }, "geometry": { "type": "Point", "coordinates": [ 110.3945, -7.7966 ] } },
{ "type": "Feature", "properties": { "osm_id": 10961474849, "osm_type": "nodes", "office": "government", "government": "administrative", "opening_hours": null, "health_facility_type": null, "status": null, "medical_system_western": null, "rooms": null, "toilets_disposal": null, "operator": null, "tourism": null, "operator_type": null, "amenity": null, "beds": null, "staff_count_doctors": null, "access": null, "staff_count_nurses": null, "health_facility_level": null, "toilets_handwashing": null, "building": null, "name": "Kantor Kelurahan Baciro", "health_facility_bed": null }, "geometry": { "type": "Point", "coordinates": [ 110.3852253, -7.7922741 ] } },
{ "type": "Feature", "properties": { "osm_id": 7871339677, "osm_type": "nodes", "office": null, "government": null, "opening_hours": null, "health_facility_type": null, "status": null, "medical_system_western": null, "rooms": null, "toilets_disposal": null, "operator": "PT Kereta Api Indonesia", "tourism": "hostel", "operator_type": null, "amenity": null, "beds": null, "staff_count_doctors": null, "access": null, "staff_count_nurses": null, "health_facility_level": null, "toilets_handwashing": null, "building": null, "name": "Asrama Balai Pelatihan Teknik Traksi", "health_facility_bed": null }, "geometry": { "type": "Point", "coordinates": [ 110.3778346, -7.7892465 ] } },
{ "type": "Feature", "properties": { "osm_id": 10961475240, "osm_type": "nodes", "office": "government", "government": "administrative", "opening_hours": null, "health_facility_type": null, "status": null, "medical_system_western": null, "rooms": null, "toilets_disposal": null, "operator": null, "tourism": null, "operator_type": null, "amenity": null, "beds": null, "staff_count_doctors": null, "access": null, "staff_count_nurses": null, "health_facility_level": null, "toilets_handwashing": null, "building": null, "name": "Kantor Kelurahan Banaran", "health_facility_bed": null }, "geometry": { "type": "Point", "coordinates": [ 110.215, -7.9625 ] } },
{ "type": "Feature", "properties": { "osm_id": 10961473623, "osm_type": "nodes", "office": "government", "government": "administrative", "opening_hours": null, "health_facility_type": null, "status": null, "medical_system_western": null, "rooms": null, "toilets_disposal": null, "operator": null, "tourism": null, "operator_type": null, "amenity": null, "beds": null, "staff_count_doctors": null, "access": null, "staff_count_nurses": null, "health_facility_level": null, "toilets_handwashing": null, "building": null, "name": "Kantor Kelurahan Banguncipto", "health_facility_bed": null }, "geometry": { "type": "Point", "coordinates": [ 110.2258, -7.8156 ] } },
{ "type": "Feature", "properties": { "osm_id": 12583035076, "osm_type": "nodes", "office": null, "government": null, "opening_hours": null, "health_facility_type": null, "status": null, "medical_system_western": null, "rooms": null, "toilets_disposal": null, "operator": null, "tourism": "hostel", "operator_type": null, "amenity": null, "beds": null, "staff_count_doctors": null, "access": null, "staff_count_nurses": null, "health_facility_level": null, "toilets_handwashing": null, "building": null, "name": "Kos Hijau BP", "health_facility_bed": null }, "geometry": { "type": "Point", "coordinates": [ 110.3804881, -7.8297273 ] } },
{ "type": "Feature", "properties": { "osm_id": 9811855301, "osm_type": "nodes", "office": null, "government": null, "opening_hours": null, "health_facility_type": null, "status": null, "medical_system_western": null, "rooms": null, "toilets_disposal": null, "operator": null, "tourism": "hotel", "operator_type": null, "amenity": null, "beds": null, "staff_count_doctors": null, "access": null, "staff_count_nurses": null, "health_facility_level": null, "toilets_handwashing": null, "building": null, "name": "J-Ruby Guesthouse", "health_facility_bed": null }, "geometry": { "type": "Point", "coordinates": [ 110.3573366, -7.8286055 ] } },
{ "type": "Feature", "properties": { "osm_id": 10961474530, "osm_type": "nodes", "office": "government", "government": "administrative", "opening_hours": null, "health_facility_type": null, "status": null, "medical_system_western": null, "rooms": null, "toilets_disposal": null, "operator": null, "tourism": null, "operator_type": null, "amenity": null, "beds": null, "staff_count_doctors": null, "access": null, "staff_count_nurses": null, "health_facility_level": null, "toilets_handwashing": null, "building": null, "name": "Kantor Kelurahan Panggungharjo", "health_facility_bed": null }, "geometry": { "type": "Point", "coordinates": [ 110.3572, -7.8392 ] } },
{ "type": "Feature", "properties": { "osm_id": 1640517334, "osm_type": "nodes", "office": null, "government": null, "opening_hours": null, "health_facility_type": null, "status": null, "medical_system_western": null, "rooms": null, "toilets_disposal": null, "operator": null, "tourism": "hotel", "operator_type": null, "amenity": null, "beds": null, "staff_count_doctors": null, "access": null, "staff_count_nurses": null, "health_facility_level": null, "toilets_handwashing": null, "building": null, "name": "Dusun Jogja Village inn", "health_facility_bed": null }, "geometry": { "type": "Point", "coordinates": [ 110.3688366, -7.8242207 ] } },
{ "type": "Feature", "properties": { "osm_id": 10961471996, "osm_type": "nodes", "office": "government", "government": "administrative", "opening_hours": null, "health_facility_type": null, "status": null, "medical_system_western": null, "rooms": null, "toilets_disposal": null, "operator": null, "tourism": null, "operator_type": null, "amenity": null, "beds": null, "staff_count_doctors": null, "access": null, "staff_count_nurses": null, "health_facility_level": null, "toilets_handwashing": null, "building": null, "name": "Kantor Kelurahan Bangunharjo", "health_facility_bed": null }, "geometry": { "type": "Point", "coordinates": [ 110.3736, -7.8522 ] } },
{ "type": "Feature", "properties": { "osm_id": 1370749559, "osm_type": "nodes", "office": null, "government": null, "opening_hours": null, "health_facility_type": null, "status": null, "medical_system_western": null, "rooms": null, "toilets_disposal": null, "operator": null, "tourism": "hotel", "operator_type": null, "amenity": null, "beds": null, "staff_count_doctors": null, "access": null, "staff_count_nurses": null, "health_facility_level": null, "toilets_handwashing": null, "building": null, "name": "Ros In Hotel", "health_facility_bed": null }, "geometry": { "type": "Point", "coordinates": [ 110.3680377, -7.8356195 ] } },
{ "type": "Feature", "properties": { "osm_id": 10961471501, "osm_type": "nodes", "office": "government", "government": "administrative", "opening_hours": null, "health_facility_type": null, "status": null, "medical_system_western": null, "rooms": null, "toilets_disposal": null, "operator": null, "tourism": null, "operator_type": null, "amenity": null, "beds": null, "staff_count_doctors": null, "access": null, "staff_count_nurses": null, "health_facility_level": null, "toilets_handwashing": null, "building": null, "name": "Kantor Kelurahan Mantrijeron", "health_facility_bed": null }, "geometry": { "type": "Point", "coordinates": [ 110.3641, -7.8246 ] } },
{ "type": "Feature", "properties": { "osm_id": 13093806877, "osm_type": "nodes", "office": "government", "government": "administrative", "opening_hours": null, "health_facility_type": null, "status": null, "medical_system_western": null, "rooms": null, "toilets_disposal": null, "operator": null, "tourism": null, "operator_type": null, "amenity": null, "beds": null, "staff_count_doctors": null, "access": null, "staff_count_nurses": null, "health_facility_level": null, "toilets_handwashing": null, "building": null, "name": "Kantor Kelurahan Sorosutan", "health_facility_bed": null }, "geometry": { "type": "Point", "coordinates": [ 110.3801002, -7.825755 ] } },
{ "type": "Feature", "properties": { "osm_id": 12364337278, "osm_type": "nodes", "office": "government", "government": "yes", "opening_hours": null, "health_facility_type": null, "status": null, "medical_system_western": null, "rooms": null, "toilets_disposal": null, "operator": null, "tourism": null, "operator_type": null, "amenity": null, "beds": null, "staff_count_doctors": null, "access": null, "staff_count_nurses": null, "health_facility_level": null, "toilets_handwashing": null, "building": null, "name": "Kantor Kapanewon Sewon", "health_facility_bed": null }, "geometry": { "type": "Point", "coordinates": [ 110.3592519, -7.8494565 ] } },
{ "type": "Feature", "properties": { "osm_id": 11032099970, "osm_type": "nodes", "office": null, "government": null, "opening_hours": null, "health_facility_type": null, "status": null, "medical_system_western": null, "rooms": null, "toilets_disposal": null, "operator": null, "tourism": "hotel", "operator_type": null, "amenity": null, "beds": null, "staff_count_doctors": null, "access": null, "staff_count_nurses": null, "health_facility_level": null, "toilets_handwashing": null, "building": null, "name": "Sleepy Raccoon Hostel", "health_facility_bed": null }, "geometry": { "type": "Point", "coordinates": [ 110.3676952, -7.8350524 ] } },
{ "type": "Feature", "properties": { "osm_id": 4815329721, "osm_type": "nodes", "office": null, "government": null, "opening_hours": null, "health_facility_type": null, "status": null, "medical_system_western": null, "rooms": null, "toilets_disposal": null, "operator": "Giyatna", "tourism": "guest_house", "operator_type": null, "amenity": null, "beds": null, "staff_count_doctors": null, "access": null, "staff_count_nurses": null, "health_facility_level": null, "toilets_handwashing": null, "building": null, "name": "Giyatna", "health_facility_bed": null }, "geometry": { "type": "Point", "coordinates": [ 110.3579882, -7.8379779 ] } },
{ "type": "Feature", "properties": { "osm_id": 4437071889, "osm_type": "nodes", "office": null, "government": null, "opening_hours": null, "health_facility_type": null, "status": null, "medical_system_western": null, "rooms": null, "toilets_disposal": null, "operator": null, "tourism": "hostel", "operator_type": null, "amenity": null, "beds": null, "staff_count_doctors": null, "access": null, "staff_count_nurses": null, "health_facility_level": null, "toilets_handwashing": null, "building": null, "name": "Casa de Vicky Nono", "health_facility_bed": null }, "geometry": { "type": "Point", "coordinates": [ 110.3569811, -7.8241208 ] } },
{ "type": "Feature", "properties": { "osm_id": 12229036104, "osm_type": "nodes", "office": null, "government": null, "opening_hours": null, "health_facility_type": null, "status": null, "medical_system_western": null, "rooms": null, "toilets_disposal": null, "operator": null, "tourism": "chalet", "operator_type": null, "amenity": null, "beds": null, "staff_count_doctors": null, "access": null, "staff_count_nurses": null, "health_facility_level": null, "toilets_handwashing": null, "building": null, "name": "Villa Sare", "health_facility_bed": null }, "geometry": { "type": "Point", "coordinates": [ 110.319763, -7.8418152 ] } },
{ "type": "Feature", "properties": { "osm_id": 11055547205, "osm_type": "nodes", "office": null, "government": null, "opening_hours": null, "health_facility_type": null, "status": null, "medical_system_western": null, "rooms": null, "toilets_disposal": null, "operator": null, "tourism": "hotel", "operator_type": null, "amenity": null, "beds": null, "staff_count_doctors": null, "access": null, "staff_count_nurses": null, "health_facility_level": null, "toilets_handwashing": null, "building": null, "name": "Rajaklana Resort and Spa", "health_facility_bed": null }, "geometry": { "type": "Point", "coordinates": [ 110.2870328, -7.8400087 ] } },
{ "type": "Feature", "properties": { "osm_id": 10720341447, "osm_type": "nodes", "office": null, "government": null, "opening_hours": null, "health_facility_type": null, "status": null, "medical_system_western": null, "rooms": null, "toilets_disposal": null, "operator": "HIINCARE", "tourism": null, "operator_type": "public", "amenity": "hospital", "beds": null, "staff_count_doctors": null, "access": null, "staff_count_nurses": null, "health_facility_level": null, "toilets_handwashing": null, "building": null, "name": "RSH IN CARE (Rumah Sehat Holistik) - Bekam Jogja", "health_facility_bed": null }, "geometry": { "type": "Point", "coordinates": [ 110.3097744, -7.8387586 ] } },
{ "type": "Feature", "properties": { "osm_id": 9025585287, "osm_type": "nodes", "office": null, "government": null, "opening_hours": null, "health_facility_type": null, "status": null, "medical_system_western": null, "rooms": null, "toilets_disposal": null, "operator": null, "tourism": "hotel", "operator_type": null, "amenity": null, "beds": null, "staff_count_doctors": null, "access": null, "staff_count_nurses": null, "health_facility_level": null, "toilets_handwashing": null, "building": null, "name": "Joglo Mandapa Boutique Hotel & Resto", "health_facility_bed": null }, "geometry": { "type": "Point", "coordinates": [ 110.3383718, -7.8315706 ] } },
{ "type": "Feature", "properties": { "osm_id": 5566324706, "osm_type": "nodes", "office": null, "government": null, "opening_hours": null, "health_facility_type": null, "status": null, "medical_system_western": null, "rooms": null, "toilets_disposal": null, "operator": null, "tourism": "guest_house", "operator_type": null, "amenity": null, "beds": null, "staff_count_doctors": null, "access": null, "staff_count_nurses": null, "health_facility_level": null, "toilets_handwashing": null, "building": null, "name": "Omah Sembungan", "health_facility_bed": null }, "geometry": { "type": "Point", "coordinates": [ 110.3382488, -7.8358265 ] } },
{ "type": "Feature", "properties": { "osm_id": 5566207901, "osm_type": "nodes", "office": null, "government": null, "opening_hours": null, "health_facility_type": null, "status": null, "medical_system_western": null, "rooms": null, "toilets_disposal": null, "operator": null, "tourism": "guest_house", "operator_type": null, "amenity": null, "beds": null, "staff_count_doctors": null, "access": null, "staff_count_nurses": null, "health_facility_level": null, "toilets_handwashing": null, "building": null, "name": "Villa Tropicana", "health_facility_bed": null }, "geometry": { "type": "Point", "coordinates": [ 110.320521, -7.8410293 ] } },
{ "type": "Feature", "properties": { "osm_id": 5418151537, "osm_type": "nodes", "office": null, "government": null, "opening_hours": null, "health_facility_type": null, "status": null, "medical_system_western": null, "rooms": null, "toilets_disposal": null, "operator": null, "tourism": "hotel", "operator_type": null, "amenity": null, "beds": null, "staff_count_doctors": null, "access": null, "staff_count_nurses": null, "health_facility_level": null, "toilets_handwashing": null, "building": null, "name": "The Sawah", "health_facility_bed": null }, "geometry": { "type": "Point", "coordinates": [ 110.3239257, -7.8418017 ] } },
{ "type": "Feature", "properties": { "osm_id": 3616854457, "osm_type": "nodes", "office": "government", "government": null, "opening_hours": null, "health_facility_type": null, "status": null, "medical_system_western": null, "rooms": null, "toilets_disposal": null, "operator": null, "tourism": null, "operator_type": null, "amenity": null, "beds": null, "staff_count_doctors": null, "access": null, "staff_count_nurses": null, "health_facility_level": null, "toilets_handwashing": null, "building": null, "name": "Badan Metrologi", "health_facility_bed": null }, "geometry": { "type": "Point", "coordinates": [ 110.3245203, -7.819509 ] } },
{ "type": "Feature", "properties": { "osm_id": 5418151583, "osm_type": "nodes", "office": null, "government": null, "opening_hours": null, "health_facility_type": null, "status": null, "medical_system_western": null, "rooms": null, "toilets_disposal": null, "operator": null, "tourism": "hotel", "operator_type": null, "amenity": null, "beds": null, "staff_count_doctors": null, "access": null, "staff_count_nurses": null, "health_facility_level": null, "toilets_handwashing": null, "building": null, "name": "Blue Garden", "health_facility_bed": null }, "geometry": { "type": "Point", "coordinates": [ 110.313297, -7.8460348 ] } },
{ "type": "Feature", "properties": { "osm_id": 7063226686, "osm_type": "nodes", "office": null, "government": null, "opening_hours": "Mo-Su 08:00-20:00", "health_facility_type": null, "status": null, "medical_system_western": null, "rooms": null, "toilets_disposal": null, "operator": null, "tourism": "guest_house", "operator_type": null, "amenity": null, "beds": null, "staff_count_doctors": null, "access": null, "staff_count_nurses": null, "health_facility_level": null, "toilets_handwashing": null, "building": null, "name": "Filistay Homestay", "health_facility_bed": null }, "geometry": { "type": "Point", "coordinates": [ 110.3310707, -7.8498362 ] } },
{ "type": "Feature", "properties": { "osm_id": 5418151543, "osm_type": "nodes", "office": null, "government": null, "opening_hours": null, "health_facility_type": null, "status": null, "medical_system_western": null, "rooms": null, "toilets_disposal": null, "operator": null, "tourism": "hotel", "operator_type": null, "amenity": null, "beds": null, "staff_count_doctors": null, "access": null, "staff_count_nurses": null, "health_facility_level": null, "toilets_handwashing": null, "building": null, "name": "Blue Steps", "health_facility_bed": null }, "geometry": { "type": "Point", "coordinates": [ 110.3183275, -7.8407854 ] } },
{ "type": "Feature", "properties": { "osm_id": 3616855006, "osm_type": "nodes", "office": null, "government": null, "opening_hours": null, "health_facility_type": null, "status": null, "medical_system_western": null, "rooms": null, "toilets_disposal": null, "operator": null, "tourism": "hotel", "operator_type": null, "amenity": null, "beds": null, "staff_count_doctors": null, "access": null, "staff_count_nurses": null, "health_facility_level": null, "toilets_handwashing": null, "building": null, "name": "Pondok Gajah", "health_facility_bed": null }, "geometry": { "type": "Point", "coordinates": [ 110.333326, -7.8241513 ] } },
{ "type": "Feature", "properties": { "osm_id": 1308636954, "osm_type": "nodes", "office": "government", "government": "administrative", "opening_hours": null, "health_facility_type": null, "status": null, "medical_system_western": null, "rooms": null, "toilets_disposal": null, "operator": null, "tourism": null, "operator_type": null, "amenity": null, "beds": null, "staff_count_doctors": null, "access": null, "staff_count_nurses": null, "health_facility_level": null, "toilets_handwashing": null, "building": null, "name": "Kantor Kalurahan Tamantirto", "health_facility_bed": null }, "geometry": { "type": "Point", "coordinates": [ 110.3268, -7.8251 ] } },
{ "type": "Feature", "properties": { "osm_id": 3630844908, "osm_type": "nodes", "office": "government", "government": "administrative", "opening_hours": null, "health_facility_type": null, "status": null, "medical_system_western": null, "rooms": null, "toilets_disposal": null, "operator": null, "tourism": null, "operator_type": null, "amenity": null, "beds": null, "staff_count_doctors": null, "access": null, "staff_count_nurses": null, "health_facility_level": null, "toilets_handwashing": null, "building": null, "name": "Kantor Kalurahan Bangunjiwo", "health_facility_bed": null }, "geometry": { "type": "Point", "coordinates": [ 110.3132, -7.8397 ] } },
{ "type": "Feature", "properties": { "osm_id": 13185591204, "osm_type": "nodes", "office": null, "government": null, "opening_hours": null, "health_facility_type": null, "status": null, "medical_system_western": null, "rooms": null, "toilets_disposal": null, "operator": null, "tourism": "hostel", "operator_type": null, "amenity": null, "beds": null, "staff_count_doctors": null, "access": null, "staff_count_nurses": null, "health_facility_level": null, "toilets_handwashing": null, "building": null, "name": null, "health_facility_bed": null }, "geometry": { "type": "Point", "coordinates": [ 110.3333693, -7.8271434 ] } },
{ "type": "Feature", "properties": { "osm_id": 13200453901, "osm_type": "nodes", "office": null, "government": null, "opening_hours": null, "health_facility_type": null, "status": null, "medical_system_western": null, "rooms": null, "toilets_disposal": null, "operator": null, "tourism": "hostel", "operator_type": null, "amenity": null, "beds": null, "staff_count_doctors": null, "access": null, "staff_count_nurses": null, "health_facility_level": null, "toilets_handwashing": null, "building": null, "name": "Kos Putra Sofya", "health_facility_bed": null }, "geometry": { "type": "Point", "coordinates": [ 110.3333666, -7.8271369 ] } },
{ "type": "Feature", "properties": { "osm_id": 5056528162, "osm_type": "nodes", "office": null, "government": null, "opening_hours": null, "health_facility_type": null, "status": null, "medical_system_western": null, "rooms": "3", "toilets_disposal": null, "operator": "Andy Zulfan (Memet)", "tourism": "guest_house", "operator_type": null, "amenity": null, "beds": null, "staff_count_doctors": null, "access": null, "staff_count_nurses": null, "health_facility_level": null, "toilets_handwashing": null, "building": null, "name": "Rumah Senjakala", "health_facility_bed": null }, "geometry": { "type": "Point", "coordinates": [ 110.3394202, -7.8354383 ] } },
{ "type": "Feature", "properties": { "osm_id": 3530590736, "osm_type": "nodes", "office": null, "government": null, "opening_hours": null, "health_facility_type": null, "status": null, "medical_system_western": null, "rooms": null, "toilets_disposal": null, "operator": null, "tourism": "hotel", "operator_type": null, "amenity": null, "beds": null, "staff_count_doctors": null, "access": null, "staff_count_nurses": null, "health_facility_level": null, "toilets_handwashing": null, "building": null, "name": "Hotel Paku Mas", "health_facility_bed": null }, "geometry": { "type": "Point", "coordinates": [ 110.4027952, -7.7834848 ] } },
{ "type": "Feature", "properties": { "osm_id": 11919849132, "osm_type": "nodes", "office": null, "government": null, "opening_hours": null, "health_facility_type": null, "status": null, "medical_system_western": null, "rooms": null, "toilets_disposal": null, "operator": null, "tourism": null, "operator_type": null, "amenity": "hospital", "beds": null, "staff_count_doctors": null, "access": null, "staff_count_nurses": null, "health_facility_level": null, "toilets_handwashing": null, "building": null, "name": "PUSKESMAS BANGUNTAPAN", "health_facility_bed": null }, "geometry": { "type": "Point", "coordinates": [ 110.413987, -7.8291876 ] } },
{ "type": "Feature", "properties": { "osm_id": 10961476856, "osm_type": "nodes", "office": "government", "government": "administrative", "opening_hours": null, "health_facility_type": null, "status": null, "medical_system_western": null, "rooms": null, "toilets_disposal": null, "operator": null, "tourism": null, "operator_type": null, "amenity": null, "beds": null, "staff_count_doctors": null, "access": null, "staff_count_nurses": null, "health_facility_level": null, "toilets_handwashing": null, "building": null, "name": "Kantor Kelurahan Sorosutan", "health_facility_bed": null }, "geometry": { "type": "Point", "coordinates": [ 110.3968, -7.8257 ] } },
{ "type": "Feature", "properties": { "osm_id": 3636136397, "osm_type": "nodes", "office": "government", "government": "administrative", "opening_hours": null, "health_facility_type": null, "status": null, "medical_system_western": null, "rooms": null, "toilets_disposal": null, "operator": null, "tourism": null, "operator_type": null, "amenity": null, "beds": null, "staff_count_doctors": null, "access": null, "staff_count_nurses": null, "health_facility_level": null, "toilets_handwashing": null, "building": null, "name": "Kantor Kapanewon Banguntapan", "health_facility_bed": null }, "geometry": { "type": "Point", "coordinates": [ 110.410839, -7.8285428 ] } },
{ "type": "Feature", "properties": { "osm_id": 10961478050, "osm_type": "nodes", "office": "government", "government": "administrative", "opening_hours": null, "health_facility_type": null, "status": null, "medical_system_western": null, "rooms": null, "toilets_disposal": null, "operator": null, "tourism": null, "operator_type": null, "amenity": null, "beds": null, "staff_count_doctors": null, "access": null, "staff_count_nurses": null, "health_facility_level": null, "toilets_handwashing": null, "building": null, "name": "Kantor Kelurahan Purbayan", "health_facility_bed": null }, "geometry": { "type": "Point", "coordinates": [ 110.4013, -7.8226 ] } },
{ "type": "Feature", "properties": { "osm_id": 12581941617, "osm_type": "nodes", "office": "government", "government": "administrative", "opening_hours": null, "health_facility_type": null, "status": null, "medical_system_western": null, "rooms": null, "toilets_disposal": null, "operator": null, "tourism": null, "operator_type": null, "amenity": null, "beds": null, "staff_count_doctors": null, "access": null, "staff_count_nurses": null, "health_facility_level": null, "toilets_handwashing": null, "building": null, "name": "Kantor Kelurahan Prenggan", "health_facility_bed": null }, "geometry": { "type": "Point", "coordinates": [ 110.3996727, -7.822808 ] } },
{ "type": "Feature", "properties": { "osm_id": 3557508872, "osm_type": "nodes", "office": null, "government": null, "opening_hours": null, "health_facility_type": null, "status": null, "medical_system_western": null, "rooms": null, "toilets_disposal": null, "operator": null, "tourism": "hotel", "operator_type": null, "amenity": null, "beds": null, "staff_count_doctors": null, "access": null, "staff_count_nurses": null, "health_facility_level": null, "toilets_handwashing": null, "building": null, "name": "Hotel Jayakarta", "health_facility_bed": null }, "geometry": { "type": "Point", "coordinates": [ 110.4195542, -7.7836203 ] } },
{ "type": "Feature", "properties": { "osm_id": 3530590735, "osm_type": "nodes", "office": null, "government": null, "opening_hours": null, "health_facility_type": null, "status": null, "medical_system_western": null, "rooms": null, "toilets_disposal": null, "operator": null, "tourism": "hotel", "operator_type": null, "amenity": null, "beds": null, "staff_count_doctors": null, "access": null, "staff_count_nurses": null, "health_facility_level": null, "toilets_handwashing": null, "building": null, "name": "Sriwedari Hotel and Cottage", "health_facility_bed": null }, "geometry": { "type": "Point", "coordinates": [ 110.4043703, -7.7835198 ] } },
{ "type": "Feature", "properties": { "osm_id": 10961472313, "osm_type": "nodes", "office": "government", "government": "administrative", "opening_hours": null, "health_facility_type": null, "status": null, "medical_system_western": null, "rooms": null, "toilets_disposal": null, "operator": null, "tourism": null, "operator_type": null, "amenity": null, "beds": null, "staff_count_doctors": null, "access": null, "staff_count_nurses": null, "health_facility_level": null, "toilets_handwashing": null, "building": null, "name": "Kantor Kelurahan Rejowinangun", "health_facility_bed": null }, "geometry": { "type": "Point", "coordinates": [ 110.4000393, -7.8166012 ] } },
{ "type": "Feature", "properties": { "osm_id": 10961472665, "osm_type": "nodes", "office": "government", "government": "administrative", "opening_hours": null, "health_facility_type": null, "status": null, "medical_system_western": null, "rooms": null, "toilets_disposal": null, "operator": null, "tourism": null, "operator_type": null, "amenity": null, "beds": null, "staff_count_doctors": null, "access": null, "staff_count_nurses": null, "health_facility_level": null, "toilets_handwashing": null, "building": null, "name": "Kantor Kalurahan Banguntapan", "health_facility_bed": null }, "geometry": { "type": "Point", "coordinates": [ 110.4025999, -7.8071194 ] } },
{ "type": "Feature", "properties": { "osm_id": 13255530470, "osm_type": "nodes", "office": "government", "government": "transportation", "opening_hours": null, "health_facility_type": null, "status": null, "medical_system_western": null, "rooms": null, "toilets_disposal": null, "operator": null, "tourism": null, "operator_type": null, "amenity": null, "beds": null, "staff_count_doctors": null, "access": null, "staff_count_nurses": null, "health_facility_level": null, "toilets_handwashing": null, "building": null, "name": "PT Anindya Mitra Internasional", "health_facility_bed": null }, "geometry": { "type": "Point", "coordinates": [ 110.4027691, -7.8000423 ] } },
{ "type": "Feature", "properties": { "osm_id": 13159375605, "osm_type": "nodes", "office": "government", "government": "administrative", "opening_hours": null, "health_facility_type": null, "status": null, "medical_system_western": null, "rooms": null, "toilets_disposal": null, "operator": null, "tourism": null, "operator_type": null, "amenity": null, "beds": null, "staff_count_doctors": null, "access": null, "staff_count_nurses": null, "health_facility_level": null, "toilets_handwashing": null, "building": null, "name": "Kantor Kalurahan Baturetno", "health_facility_bed": null }, "geometry": { "type": "Point", "coordinates": [ 110.4154659, -7.8194014 ] } },
{ "type": "Feature", "properties": { "osm_id": 9697463558, "osm_type": "nodes", "office": null, "government": null, "opening_hours": null, "health_facility_type": null, "status": null, "medical_system_western": null, "rooms": null, "toilets_disposal": null, "operator": null, "tourism": "hotel", "operator_type": null, "amenity": null, "beds": null, "staff_count_doctors": null, "access": null, "staff_count_nurses": null, "health_facility_level": null, "toilets_handwashing": null, "building": null, "name": "Satoria", "health_facility_bed": null }, "geometry": { "type": "Point", "coordinates": [ 110.4220532, -7.7839031 ] } },
{ "type": "Feature", "properties": { "osm_id": 5551609423, "osm_type": "nodes", "office": null, "government": null, "opening_hours": null, "health_facility_type": null, "status": null, "medical_system_western": null, "rooms": null, "toilets_disposal": null, "operator": null, "tourism": "hotel", "operator_type": null, "amenity": null, "beds": null, "staff_count_doctors": null, "access": null, "staff_count_nurses": null, "health_facility_level": null, "toilets_handwashing": null, "building": null, "name": "Arga Hotel actual location", "health_facility_bed": null }, "geometry": { "type": "Point", "coordinates": [ 110.4169476, -7.7851084 ] } },
{ "type": "Feature", "properties": { "osm_id": 5915697985, "osm_type": "nodes", "office": null, "government": null, "opening_hours": null, "health_facility_type": null, "status": null, "medical_system_western": null, "rooms": null, "toilets_disposal": null, "operator": null, "tourism": "guest_house", "operator_type": null, "amenity": null, "beds": null, "staff_count_doctors": null, "access": null, "staff_count_nurses": null, "health_facility_level": null, "toilets_handwashing": null, "building": null, "name": "Habibi Homestay", "health_facility_bed": null }, "geometry": { "type": "Point", "coordinates": [ 110.4168831, -7.7860004 ] } },
{ "type": "Feature", "properties": { "osm_id": 9187445817, "osm_type": "nodes", "office": null, "government": null, "opening_hours": null, "health_facility_type": null, "status": null, "medical_system_western": null, "rooms": null, "toilets_disposal": null, "operator": null, "tourism": "hotel", "operator_type": null, "amenity": null, "beds": null, "staff_count_doctors": null, "access": null, "staff_count_nurses": null, "health_facility_level": null, "toilets_handwashing": null, "building": null, "name": "Grand Rohan Jogja", "health_facility_bed": null }, "geometry": { "type": "Point", "coordinates": [ 110.4051366, -7.7982935 ] } },
{ "type": "Feature", "properties": { "osm_id": 13795936924, "osm_type": "nodes", "office": null, "government": null, "opening_hours": null, "health_facility_type": null, "status": null, "medical_system_western": null, "rooms": "5", "toilets_disposal": null, "operator": null, "tourism": "hotel", "operator_type": null, "amenity": null, "beds": null, "staff_count_doctors": null, "access": null, "staff_count_nurses": null, "health_facility_level": null, "toilets_handwashing": null, "building": null, "name": "Kos Bu Tari", "health_facility_bed": null }, "geometry": { "type": "Point", "coordinates": [ 110.4146047, -7.8143892 ] } },
{ "type": "Feature", "properties": { "osm_id": 10961471523, "osm_type": "nodes", "office": "government", "government": "administrative", "opening_hours": null, "health_facility_type": null, "status": null, "medical_system_western": null, "rooms": null, "toilets_disposal": null, "operator": null, "tourism": null, "operator_type": null, "amenity": null, "beds": null, "staff_count_doctors": null, "access": null, "staff_count_nurses": null, "health_facility_level": null, "toilets_handwashing": null, "building": null, "name": "Kantor Kelurahan Banjarasri", "health_facility_bed": null }, "geometry": { "type": "Point", "coordinates": [ 110.2253, -7.6978 ] } },
{ "type": "Feature", "properties": { "osm_id": 10961477261, "osm_type": "nodes", "office": "government", "government": "administrative", "opening_hours": null, "health_facility_type": null, "status": null, "medical_system_western": null, "rooms": null, "toilets_disposal": null, "operator": null, "tourism": null, "operator_type": null, "amenity": null, "beds": null, "staff_count_doctors": null, "access": null, "staff_count_nurses": null, "health_facility_level": null, "toilets_handwashing": null, "building": null, "name": "Kantor Kelurahan Banjararum", "health_facility_bed": null }, "geometry": { "type": "Point", "coordinates": [ 110.2242, -7.7161 ] } },
{ "type": "Feature", "properties": { "osm_id": 10961474056, "osm_type": "nodes", "office": "government", "government": "administrative", "opening_hours": null, "health_facility_type": null, "status": null, "medical_system_western": null, "rooms": null, "toilets_disposal": null, "operator": null, "tourism": null, "operator_type": null, "amenity": null, "beds": null, "staff_count_doctors": null, "access": null, "staff_count_nurses": null, "health_facility_level": null, "toilets_handwashing": null, "building": null, "name": "Kantor Kelurahan Banjarharjo", "health_facility_bed": null }, "geometry": { "type": "Point", "coordinates": [ 110.2572, -7.6886 ] } },
{ "type": "Feature", "properties": { "osm_id": 10961476590, "osm_type": "nodes", "office": "government", "government": "administrative", "opening_hours": null, "health_facility_type": null, "status": null, "medical_system_western": null, "rooms": null, "toilets_disposal": null, "operator": null, "tourism": null, "operator_type": null, "amenity": null, "beds": null, "staff_count_doctors": null, "access": null, "staff_count_nurses": null, "health_facility_level": null, "toilets_handwashing": null, "building": null, "name": "Kantor Kelurahan Banjaroyo", "health_facility_bed": null }, "geometry": { "type": "Point", "coordinates": [ 110.2594707, -7.6592199 ] } },
{ "type": "Feature", "properties": { "osm_id": 10961479125, "osm_type": "nodes", "office": "government", "government": "administrative", "opening_hours": null, "health_facility_type": null, "status": null, "medical_system_western": null, "rooms": null, "toilets_disposal": null, "operator": null, "tourism": null, "operator_type": null, "amenity": null, "beds": null, "staff_count_doctors": null, "access": null, "staff_count_nurses": null, "health_facility_level": null, "toilets_handwashing": null, "building": null, "name": "Kantor Kelurahan Kebon Harjo", "health_facility_bed": null }, "geometry": { "type": "Point", "coordinates": [ 110.1531872, -7.7061419 ] } },
{ "type": "Feature", "properties": { "osm_id": 10961473386, "osm_type": "nodes", "office": "government", "government": "administrative", "opening_hours": null, "health_facility_type": null, "status": null, "medical_system_western": null, "rooms": null, "toilets_disposal": null, "operator": null, "tourism": null, "operator_type": null, "amenity": null, "beds": null, "staff_count_doctors": null, "access": null, "staff_count_nurses": null, "health_facility_level": null, "toilets_handwashing": null, "building": null, "name": "Kantor Kelurahan Banjarsari", "health_facility_bed": null }, "geometry": { "type": "Point", "coordinates": [ 110.1731, -7.7086 ] } },
{ "type": "Feature", "properties": { "osm_id": 3631002643, "osm_type": "nodes", "office": "government", "government": null, "opening_hours": null, "health_facility_type": null, "status": null, "medical_system_western": null, "rooms": null, "toilets_disposal": null, "operator": null, "tourism": null, "operator_type": null, "amenity": null, "beds": null, "staff_count_doctors": null, "access": null, "staff_count_nurses": null, "health_facility_level": null, "toilets_handwashing": null, "building": null, "name": "BPBD Bantul", "health_facility_bed": null }, "geometry": { "type": "Point", "coordinates": [ 110.3217836, -7.899562 ] } },
{ "type": "Feature", "properties": { "osm_id": 3631002655, "osm_type": "nodes", "office": "government", "government": null, "opening_hours": null, "health_facility_type": null, "status": null, "medical_system_western": null, "rooms": null, "toilets_disposal": null, "operator": null, "tourism": null, "operator_type": null, "amenity": null, "beds": null, "staff_count_doctors": null, "access": null, "staff_count_nurses": null, "health_facility_level": null, "toilets_handwashing": null, "building": null, "name": "Disnaker Bantul", "health_facility_bed": null }, "geometry": { "type": "Point", "coordinates": [ 110.3242213, -7.8902458 ] } },
{ "type": "Feature", "properties": { "osm_id": 3630978234, "osm_type": "nodes", "office": "government", "government": null, "opening_hours": null, "health_facility_type": null, "status": null, "medical_system_western": null, "rooms": null, "toilets_disposal": null, "operator": null, "tourism": null, "operator_type": null, "amenity": null, "beds": null, "staff_count_doctors": null, "access": null, "staff_count_nurses": null, "health_facility_level": null, "toilets_handwashing": null, "building": null, "name": "Kantor PDAM Bantul", "health_facility_bed": null }, "geometry": { "type": "Point", "coordinates": [ 110.3375681, -7.8933358 ] } },
{ "type": "Feature", "properties": { "osm_id": 1839422315, "osm_type": "nodes", "office": "telecommunication", "government": null, "opening_hours": null, "health_facility_type": null, "status": null, "medical_system_western": null, "rooms": null, "toilets_disposal": null, "operator": null, "tourism": null, "operator_type": null, "amenity": null, "beds": null, "staff_count_doctors": null, "access": null, "staff_count_nurses": null, "health_facility_level": null, "toilets_handwashing": null, "building": null, "name": "Telkom Bantul", "health_facility_bed": null }, "geometry": { "type": "Point", "coordinates": [ 110.3352644, -7.8923525 ] } },
{ "type": "Feature", "properties": { "osm_id": 10961472378, "osm_type": "nodes", "office": "government", "government": "administrative", "opening_hours": null, "health_facility_type": null, "status": null, "medical_system_western": null, "rooms": null, "toilets_disposal": null, "operator": null, "tourism": null, "operator_type": null, "amenity": null, "beds": null, "staff_count_doctors": null, "access": null, "staff_count_nurses": null, "health_facility_level": null, "toilets_handwashing": null, "building": null, "name": "Kantor Kalurahan Palbapang", "health_facility_bed": null }, "geometry": { "type": "Point", "coordinates": [ 110.3203, -7.9056 ] } },
{ "type": "Feature", "properties": { "osm_id": 10961477445, "osm_type": "nodes", "office": "government", "government": "administrative", "opening_hours": null, "health_facility_type": null, "status": null, "medical_system_western": null, "rooms": null, "toilets_disposal": null, "operator": null, "tourism": null, "operator_type": null, "amenity": null, "beds": null, "staff_count_doctors": null, "access": null, "staff_count_nurses": null, "health_facility_level": null, "toilets_handwashing": null, "building": null, "name": "Kantor Kalurahan Bantul", "health_facility_bed": null }, "geometry": { "type": "Point", "coordinates": [ 110.3317, -7.8825 ] } },
{ "type": "Feature", "properties": { "osm_id": 12364550289, "osm_type": "nodes", "office": "government", "government": "administrative", "opening_hours": null, "health_facility_type": null, "status": null, "medical_system_western": null, "rooms": null, "toilets_disposal": null, "operator": null, "tourism": null, "operator_type": null, "amenity": null, "beds": null, "staff_count_doctors": null, "access": null, "staff_count_nurses": null, "health_facility_level": null, "toilets_handwashing": null, "building": null, "name": "Kantor Kapanewon Bantul", "health_facility_bed": null }, "geometry": { "type": "Point", "coordinates": [ 110.3319929, -7.8834214 ] } },
{ "type": "Feature", "properties": { "osm_id": 13143907755, "osm_type": "nodes", "office": "government", "government": "public_service", "opening_hours": "Mo-Fr 07:30-15:30", "health_facility_type": null, "status": null, "medical_system_western": null, "rooms": null, "toilets_disposal": null, "operator": null, "tourism": null, "operator_type": null, "amenity": null, "beds": null, "staff_count_doctors": null, "access": null, "staff_count_nurses": null, "health_facility_level": null, "toilets_handwashing": null, "building": null, "name": "Bappeda Kabupaten Bantul", "health_facility_bed": null }, "geometry": { "type": "Point", "coordinates": [ 110.3279253, -7.8869744 ] } },
{ "type": "Feature", "properties": { "osm_id": 13143930551, "osm_type": "nodes", "office": "government", "government": "administrative", "opening_hours": "Mo-Fri 07:30-15:30", "health_facility_type": null, "status": null, "medical_system_western": null, "rooms": null, "toilets_disposal": null, "operator": null, "tourism": null, "operator_type": null, "amenity": null, "beds": null, "staff_count_doctors": null, "access": null, "staff_count_nurses": null, "health_facility_level": null, "toilets_handwashing": null, "building": null, "name": "Dinas Komunikasi dan Informatika Kabupaen Bantul", "health_facility_bed": null }, "geometry": { "type": "Point", "coordinates": [ 110.3274959, -7.8866034 ] } },
{ "type": "Feature", "properties": { "osm_id": 13146151147, "osm_type": "nodes", "office": "government", "government": null, "opening_hours": "Mo-Fr 07:30-15:30", "health_facility_type": null, "status": null, "medical_system_western": null, "rooms": null, "toilets_disposal": null, "operator": null, "tourism": null, "operator_type": null, "amenity": null, "beds": null, "staff_count_doctors": null, "access": null, "staff_count_nurses": null, "health_facility_level": null, "toilets_handwashing": null, "building": null, "name": "Badan Kepegawaian Pendidikan dan Pelatihan Kabupaten Bantul", "health_facility_bed": null }, "geometry": { "type": "Point", "coordinates": [ 110.3279038, -7.8862465 ] } },
{ "type": "Feature", "properties": { "osm_id": 13146154429, "osm_type": "nodes", "office": "government", "government": "administrative", "opening_hours": "Mo-Sa 07:30-15:30", "health_facility_type": null, "status": null, "medical_system_western": null, "rooms": null, "toilets_disposal": null, "operator": null, "tourism": null, "operator_type": null, "amenity": null, "beds": null, "staff_count_doctors": null, "access": null, "staff_count_nurses": null, "health_facility_level": null, "toilets_handwashing": null, "building": null, "name": "Sekretariat Daerah Kabupaten Bantul", "health_facility_bed": null }, "geometry": { "type": "Point", "coordinates": [ 110.3275569, -7.8864487 ] } },
{ "type": "Feature", "properties": { "osm_id": 13146192006, "osm_type": "nodes", "office": "government", "government": "administrative", "opening_hours": "Mo-Fr 07:30-:15.30", "health_facility_type": null, "status": null, "medical_system_western": null, "rooms": null, "toilets_disposal": null, "operator": null, "tourism": null, "operator_type": null, "amenity": null, "beds": null, "staff_count_doctors": null, "access": null, "staff_count_nurses": null, "health_facility_level": null, "toilets_handwashing": null, "building": null, "name": "BPKPAD Kabupaten Bantul", "health_facility_bed": null }, "geometry": { "type": "Point", "coordinates": [ 110.328092, -7.8865216 ] } },
{ "type": "Feature", "properties": { "osm_id": 3630751765, "osm_type": "nodes", "office": "government", "government": null, "opening_hours": null, "health_facility_type": null, "status": null, "medical_system_western": null, "rooms": null, "toilets_disposal": null, "operator": null, "tourism": null, "operator_type": null, "amenity": null, "beds": null, "staff_count_doctors": null, "access": null, "staff_count_nurses": null, "health_facility_level": null, "toilets_handwashing": null, "building": null, "name": "Samsat Bantul", "health_facility_bed": null }, "geometry": { "type": "Point", "coordinates": [ 110.3295974, -7.8909084 ] } },
{ "type": "Feature", "properties": { "osm_id": 10961476971, "osm_type": "nodes", "office": "government", "government": "administrative", "opening_hours": null, "health_facility_type": null, "status": null, "medical_system_western": null, "rooms": null, "toilets_disposal": null, "operator": null, "tourism": null, "operator_type": null, "amenity": null, "beds": null, "staff_count_doctors": null, "access": null, "staff_count_nurses": null, "health_facility_level": null, "toilets_handwashing": null, "building": null, "name": "Kantor Kelurahan Banyuroto", "health_facility_bed": null }, "geometry": { "type": "Point", "coordinates": [ 110.1886, -7.7997 ] } },
{ "type": "Feature", "properties": { "osm_id": 13159375607, "osm_type": "nodes", "office": "government", "government": "administrative", "opening_hours": null, "health_facility_type": null, "status": null, "medical_system_western": null, "rooms": null, "toilets_disposal": null, "operator": null, "tourism": null, "operator_type": null, "amenity": null, "beds": null, "staff_count_doctors": null, "access": null, "staff_count_nurses": null, "health_facility_level": null, "toilets_handwashing": null, "building": null, "name": "Kantor Kalurahan Potorono", "health_facility_bed": null }, "geometry": { "type": "Point", "coordinates": [ 110.422624, -7.8334096 ] } },
{ "type": "Feature", "properties": { "osm_id": 3305628217, "osm_type": "nodes", "office": null, "government": null, "opening_hours": null, "health_facility_type": null, "status": null, "medical_system_western": null, "rooms": null, "toilets_disposal": null, "operator": null, "tourism": "hotel", "operator_type": null, "amenity": null, "beds": null, "staff_count_doctors": null, "access": null, "staff_count_nurses": null, "health_facility_level": null, "toilets_handwashing": null, "building": null, "name": "Trans Yogya", "health_facility_bed": null }, "geometry": { "type": "Point", "coordinates": [ 110.3739488, -7.7937659 ] } },
{ "type": "Feature", "properties": { "osm_id": 6939520399, "osm_type": "nodes", "office": null, "government": null, "opening_hours": null, "health_facility_type": null, "status": null, "medical_system_western": null, "rooms": null, "toilets_disposal": null, "operator": null, "tourism": "hotel", "operator_type": null, "amenity": null, "beds": null, "staff_count_doctors": null, "access": null, "staff_count_nurses": null, "health_facility_level": null, "toilets_handwashing": null, "building": null, "name": "Metro LMalioboro Living", "health_facility_bed": null }, "geometry": { "type": "Point", "coordinates": [ 110.374086, -7.7935432 ] } },
{ "type": "Feature", "properties": { "osm_id": 10961477672, "osm_type": "nodes", "office": "government", "government": "administrative", "opening_hours": null, "health_facility_type": null, "status": null, "medical_system_western": null, "rooms": null, "toilets_disposal": null, "operator": null, "tourism": null, "operator_type": null, "amenity": null, "beds": null, "staff_count_doctors": null, "access": null, "staff_count_nurses": null, "health_facility_level": null, "toilets_handwashing": null, "building": null, "name": "Kantor Kelurahan Bausasran", "health_facility_bed": null }, "geometry": { "type": "Point", "coordinates": [ 110.3767749, -7.7949023 ] } },
{ "type": "Feature", "properties": { "osm_id": 7811256796, "osm_type": "nodes", "office": null, "government": null, "opening_hours": null, "health_facility_type": null, "status": null, "medical_system_western": null, "rooms": null, "toilets_disposal": null, "operator": null, "tourism": "guest_house", "operator_type": null, "amenity": null, "beds": null, "staff_count_doctors": null, "access": null, "staff_count_nurses": null, "health_facility_level": null, "toilets_handwashing": null, "building": null, "name": "Ndalem Kotabaru", "health_facility_bed": null }, "geometry": { "type": "Point", "coordinates": [ 110.3731828, -7.788263 ] } },
{ "type": "Feature", "properties": { "osm_id": 9198357820, "osm_type": "nodes", "office": "government", "government": "administrative", "opening_hours": null, "health_facility_type": null, "status": null, "medical_system_western": null, "rooms": null, "toilets_disposal": null, "operator": null, "tourism": null, "operator_type": null, "amenity": null, "beds": null, "staff_count_doctors": null, "access": null, "staff_count_nurses": null, "health_facility_level": null, "toilets_handwashing": null, "building": null, "name": "Kantor Kelurahan Tegalpanggung", "health_facility_bed": null }, "geometry": { "type": "Point", "coordinates": [ 110.3727655, -7.7907105 ] } },
{ "type": "Feature", "properties": { "osm_id": 10961476960, "osm_type": "nodes", "office": "government", "government": "administrative", "opening_hours": null, "health_facility_type": null, "status": null, "medical_system_western": null, "rooms": null, "toilets_disposal": null, "operator": null, "tourism": null, "operator_type": null, "amenity": null, "beds": null, "staff_count_doctors": null, "access": null, "staff_count_nurses": null, "health_facility_level": null, "toilets_handwashing": null, "building": null, "name": "Kantor Kelurahan Bendungan", "health_facility_bed": null }, "geometry": { "type": "Point", "coordinates": [ 110.1428, -7.8936 ] } },
{ "type": "Feature", "properties": { "osm_id": 10961476580, "osm_type": "nodes", "office": "government", "government": "administrative", "opening_hours": null, "health_facility_type": null, "status": null, "medical_system_western": null, "rooms": null, "toilets_disposal": null, "operator": null, "tourism": null, "operator_type": null, "amenity": null, "beds": null, "staff_count_doctors": null, "access": null, "staff_count_nurses": null, "health_facility_level": null, "toilets_handwashing": null, "building": null, "name": "Kantor Kelurahan Tayuban", "health_facility_bed": null }, "geometry": { "type": "Point", "coordinates": [ 110.1528, -7.905 ] } },
{ "type": "Feature", "properties": { "osm_id": 10961477952, "osm_type": "nodes", "office": "government", "government": "administrative", "opening_hours": null, "health_facility_type": null, "status": null, "medical_system_western": null, "rooms": null, "toilets_disposal": null, "operator": null, "tourism": null, "operator_type": null, "amenity": null, "beds": null, "staff_count_doctors": null, "access": null, "staff_count_nurses": null, "health_facility_level": null, "toilets_handwashing": null, "building": null, "name": "Kantor Kelurahan Bener", "health_facility_bed": null }, "geometry": { "type": "Point", "coordinates": [ 110.3535, -7.7767 ] } },
{ "type": "Feature", "properties": { "osm_id": 3557258298, "osm_type": "nodes", "office": null, "government": null, "opening_hours": null, "health_facility_type": null, "status": null, "medical_system_western": null, "rooms": null, "toilets_disposal": null, "operator": null, "tourism": "guest_house", "operator_type": null, "amenity": null, "beds": null, "staff_count_doctors": null, "access": null, "staff_count_nurses": null, "health_facility_level": null, "toilets_handwashing": null, "building": null, "name": "Acacia Guest House", "health_facility_bed": null }, "geometry": { "type": "Point", "coordinates": [ 110.3578036, -7.7704671 ] } },
{ "type": "Feature", "properties": { "osm_id": 10961472417, "osm_type": "nodes", "office": "government", "government": "administrative", "opening_hours": null, "health_facility_type": null, "status": null, "medical_system_western": null, "rooms": null, "toilets_disposal": null, "operator": null, "tourism": null, "operator_type": null, "amenity": null, "beds": null, "staff_count_doctors": null, "access": null, "staff_count_nurses": null, "health_facility_level": null, "toilets_handwashing": null, "building": null, "name": "Kantor Kelurahan Bojong", "health_facility_bed": null }, "geometry": { "type": "Point", "coordinates": [ 110.1339, -7.9133 ] } },
{ "type": "Feature", "properties": { "osm_id": 4818047992, "osm_type": "nodes", "office": "government", "government": "administrative", "opening_hours": "Mo-Fr 08:00-15:30", "health_facility_type": null, "status": null, "medical_system_western": null, "rooms": null, "toilets_disposal": null, "operator": null, "tourism": null, "operator_type": null, "amenity": null, "beds": null, "staff_count_doctors": null, "access": null, "staff_count_nurses": null, "health_facility_level": null, "toilets_handwashing": null, "building": null, "name": "Kantor Kelurahan Keparakan", "health_facility_bed": null }, "geometry": { "type": "Point", "coordinates": [ 110.3739, -7.815 ] } },
{ "type": "Feature", "properties": { "osm_id": 12473282634, "osm_type": "nodes", "office": null, "government": null, "opening_hours": null, "health_facility_type": null, "status": null, "medical_system_western": null, "rooms": null, "toilets_disposal": null, "operator": null, "tourism": "guest_house", "operator_type": null, "amenity": null, "beds": null, "staff_count_doctors": null, "access": null, "staff_count_nurses": null, "health_facility_level": null, "toilets_handwashing": null, "building": null, "name": "Renjana Bed & Breakfast", "health_facility_bed": null }, "geometry": { "type": "Point", "coordinates": [ 110.3710841, -7.8160765 ] } },
{ "type": "Feature", "properties": { "osm_id": 3377547360, "osm_type": "nodes", "office": null, "government": null, "opening_hours": null, "health_facility_type": null, "status": null, "medical_system_western": null, "rooms": null, "toilets_disposal": null, "operator": null, "tourism": "guest_house", "operator_type": null, "amenity": null, "beds": null, "staff_count_doctors": null, "access": null, "staff_count_nurses": null, "health_facility_level": null, "toilets_handwashing": null, "building": null, "name": "Tropis Homestay", "health_facility_bed": null }, "geometry": { "type": "Point", "coordinates": [ 110.369487, -7.8188791 ] } },
{ "type": "Feature", "properties": { "osm_id": 5318487964, "osm_type": "nodes", "office": null, "government": null, "opening_hours": null, "health_facility_type": null, "status": null, "medical_system_western": null, "rooms": null, "toilets_disposal": null, "operator": null, "tourism": "hotel", "operator_type": null, "amenity": null, "beds": null, "staff_count_doctors": null, "access": null, "staff_count_nurses": null, "health_facility_level": null, "toilets_handwashing": null, "building": null, "name": "Pandanaran", "health_facility_bed": null }, "geometry": { "type": "Point", "coordinates": [ 110.372381, -7.8194868 ] } },
{ "type": "Feature", "properties": { "osm_id": 11451288964, "osm_type": "nodes", "office": null, "government": null, "opening_hours": null, "health_facility_type": null, "status": null, "medical_system_western": null, "rooms": null, "toilets_disposal": null, "operator": null, "tourism": "hotel", "operator_type": null, "amenity": null, "beds": null, "staff_count_doctors": null, "access": null, "staff_count_nurses": null, "health_facility_level": null, "toilets_handwashing": null, "building": null, "name": "Sartika Hotel", "health_facility_bed": null }, "geometry": { "type": "Point", "coordinates": [ 110.3727699, -7.8195468 ] } },
{ "type": "Feature", "properties": { "osm_id": 6855834428, "osm_type": "nodes", "office": null, "government": null, "opening_hours": null, "health_facility_type": null, "status": null, "medical_system_western": null, "rooms": null, "toilets_disposal": null, "operator": null, "tourism": "guest_house", "operator_type": null, "amenity": null, "beds": null, "staff_count_doctors": null, "access": null, "staff_count_nurses": null, "health_facility_level": null, "toilets_handwashing": null, "building": null, "name": "Nextdoor Homestay", "health_facility_bed": null }, "geometry": { "type": "Point", "coordinates": [ 110.3690913, -7.8169998 ] } },
{ "type": "Feature", "properties": { "osm_id": 2257634218, "osm_type": "nodes", "office": null, "government": null, "opening_hours": null, "health_facility_type": null, "status": null, "medical_system_western": null, "rooms": null, "toilets_disposal": null, "operator": null, "tourism": "hotel", "operator_type": null, "amenity": null, "beds": null, "staff_count_doctors": null, "access": null, "staff_count_nurses": null, "health_facility_level": null, "toilets_handwashing": null, "building": null, "name": "Indah Palace", "health_facility_bed": null }, "geometry": { "type": "Point", "coordinates": [ 110.3724939, -7.8183158 ] } },
{ "type": "Feature", "properties": { "osm_id": 13355366602, "osm_type": "nodes", "office": null, "government": null, "opening_hours": null, "health_facility_type": null, "status": null, "medical_system_western": null, "rooms": null, "toilets_disposal": null, "operator": null, "tourism": "guest_house", "operator_type": null, "amenity": null, "beds": null, "staff_count_doctors": null, "access": null, "staff_count_nurses": null, "health_facility_level": null, "toilets_handwashing": null, "building": null, "name": "Rumah Kalpataru", "health_facility_bed": null }, "geometry": { "type": "Point", "coordinates": [ 110.3685342, -7.8175162 ] } },
{ "type": "Feature", "properties": { "osm_id": 11061583707, "osm_type": "nodes", "office": null, "government": null, "opening_hours": null, "health_facility_type": null, "status": null, "medical_system_western": null, "rooms": null, "toilets_disposal": null, "operator": null, "tourism": "hostel", "operator_type": null, "amenity": null, "beds": null, "staff_count_doctors": null, "access": null, "staff_count_nurses": null, "health_facility_level": null, "toilets_handwashing": null, "building": null, "name": "Gorga Hostel", "health_facility_bed": null }, "geometry": { "type": "Point", "coordinates": [ 110.3719572, -7.818538 ] } },
{ "type": "Feature", "properties": { "osm_id": 1654009037, "osm_type": "nodes", "office": null, "government": null, "opening_hours": null, "health_facility_type": null, "status": null, "medical_system_western": null, "rooms": null, "toilets_disposal": null, "operator": null, "tourism": "hotel", "operator_type": null, "amenity": null, "beds": null, "staff_count_doctors": null, "access": null, "staff_count_nurses": null, "health_facility_level": null, "toilets_handwashing": null, "building": null, "name": "Matahari", "health_facility_bed": null }, "geometry": { "type": "Point", "coordinates": [ 110.367988, -7.821921 ] } },
{ "type": "Feature", "properties": { "osm_id": 3585118450, "osm_type": "nodes", "office": null, "government": null, "opening_hours": null, "health_facility_type": null, "status": null, "medical_system_western": null, "rooms": null, "toilets_disposal": null, "operator": null, "tourism": "hotel", "operator_type": null, "amenity": null, "beds": null, "staff_count_doctors": null, "access": null, "staff_count_nurses": null, "health_facility_level": null, "toilets_handwashing": null, "building": null, "name": "GreenHost Hotel", "health_facility_bed": null }, "geometry": { "type": "Point", "coordinates": [ 110.3690878, -7.8200358 ] } },
{ "type": "Feature", "properties": { "osm_id": 1640328040, "osm_type": "nodes", "office": null, "government": null, "opening_hours": null, "health_facility_type": null, "status": null, "medical_system_western": null, "rooms": null, "toilets_disposal": null, "operator": null, "tourism": "hotel", "operator_type": null, "amenity": null, "beds": null, "staff_count_doctors": null, "access": null, "staff_count_nurses": null, "health_facility_level": null, "toilets_handwashing": null, "building": null, "name": "Mercury", "health_facility_bed": null }, "geometry": { "type": "Point", "coordinates": [ 110.368702, -7.8196933 ] } },
{ "type": "Feature", "properties": { "osm_id": 9002853901, "osm_type": "nodes", "office": null, "government": null, "opening_hours": null, "health_facility_type": null, "status": null, "medical_system_western": null, "rooms": null, "toilets_disposal": null, "operator": null, "tourism": "hotel", "operator_type": null, "amenity": null, "beds": null, "staff_count_doctors": null, "access": null, "staff_count_nurses": null, "health_facility_level": null, "toilets_handwashing": null, "building": null, "name": "Cantya Hotel", "health_facility_bed": null }, "geometry": { "type": "Point", "coordinates": [ 110.3735585, -7.8222333 ] } },
{ "type": "Feature", "properties": { "osm_id": 9002853900, "osm_type": "nodes", "office": null, "government": null, "opening_hours": null, "health_facility_type": null, "status": null, "medical_system_western": null, "rooms": null, "toilets_disposal": null, "operator": null, "tourism": "hotel", "operator_type": null, "amenity": null, "beds": null, "staff_count_doctors": null, "access": null, "staff_count_nurses": null, "health_facility_level": null, "toilets_handwashing": null, "building": null, "name": "Hotel Olympic", "health_facility_bed": null }, "geometry": { "type": "Point", "coordinates": [ 110.3736496, -7.8220413 ] } },
{ "type": "Feature", "properties": { "osm_id": 9823993300, "osm_type": "nodes", "office": null, "government": null, "opening_hours": null, "health_facility_type": null, "status": null, "medical_system_western": null, "rooms": null, "toilets_disposal": null, "operator": null, "tourism": "hotel", "operator_type": null, "amenity": null, "beds": null, "staff_count_doctors": null, "access": null, "staff_count_nurses": null, "health_facility_level": null, "toilets_handwashing": null, "building": null, "name": "OYO 524 Makuta Hotel", "health_facility_bed": null }, "geometry": { "type": "Point", "coordinates": [ 110.3708472, -7.8201788 ] } },
{ "type": "Feature", "properties": { "osm_id": 448834564, "osm_type": "nodes", "office": null, "government": null, "opening_hours": null, "health_facility_type": null, "status": null, "medical_system_western": null, "rooms": null, "toilets_disposal": null, "operator": null, "tourism": "hotel", "operator_type": null, "amenity": null, "beds": null, "staff_count_doctors": null, "access": null, "staff_count_nurses": null, "health_facility_level": null, "toilets_handwashing": null, "building": null, "name": "Metro", "health_facility_bed": null }, "geometry": { "type": "Point", "coordinates": [ 110.370827, -7.819927 ] } },
{ "type": "Feature", "properties": { "osm_id": 2524302492, "osm_type": "nodes", "office": null, "government": null, "opening_hours": null, "health_facility_type": null, "status": null, "medical_system_western": null, "rooms": null, "toilets_disposal": null, "operator": null, "tourism": "hotel", "operator_type": null, "amenity": null, "beds": null, "staff_count_doctors": null, "access": null, "staff_count_nurses": null, "health_facility_level": null, "toilets_handwashing": null, "building": null, "name": "Agung", "health_facility_bed": null }, "geometry": { "type": "Point", "coordinates": [ 110.3719783, -7.8199325 ] } },
{ "type": "Feature", "properties": { "osm_id": 3585118451, "osm_type": "nodes", "office": null, "government": null, "opening_hours": null, "health_facility_type": null, "status": null, "medical_system_western": null, "rooms": null, "toilets_disposal": null, "operator": null, "tourism": "hotel", "operator_type": null, "amenity": null, "beds": null, "staff_count_doctors": null, "access": null, "staff_count_nurses": null, "health_facility_level": null, "toilets_handwashing": null, "building": null, "name": "Ki Agung Prestis", "health_facility_bed": null }, "geometry": { "type": "Point", "coordinates": [ 110.3693568, -7.8195224 ] } },
{ "type": "Feature", "properties": { "osm_id": 1366438107, "osm_type": "nodes", "office": null, "government": null, "opening_hours": null, "health_facility_type": null, "status": null, "medical_system_western": null, "rooms": null, "toilets_disposal": null, "operator": null, "tourism": "hotel", "operator_type": null, "amenity": null, "beds": null, "staff_count_doctors": null, "access": null, "staff_count_nurses": null, "health_facility_level": null, "toilets_handwashing": null, "building": null, "name": "Perwita Sari", "health_facility_bed": null }, "geometry": { "type": "Point", "coordinates": [ 110.3715471, -7.8189478 ] } },
{ "type": "Feature", "properties": { "osm_id": 719147415, "osm_type": "nodes", "office": null, "government": null, "opening_hours": null, "health_facility_type": null, "status": null, "medical_system_western": null, "rooms": null, "toilets_disposal": null, "operator": null, "tourism": "hotel", "operator_type": null, "amenity": null, "beds": null, "staff_count_doctors": null, "access": null, "staff_count_nurses": null, "health_facility_level": null, "toilets_handwashing": null, "building": null, "name": null, "health_facility_bed": null }, "geometry": { "type": "Point", "coordinates": [ 110.3716586, -7.8187297 ] } },
{ "type": "Feature", "properties": { "osm_id": 6300830626, "osm_type": "nodes", "office": null, "government": null, "opening_hours": null, "health_facility_type": null, "status": null, "medical_system_western": null, "rooms": null, "toilets_disposal": null, "operator": null, "tourism": "hostel", "operator_type": null, "amenity": null, "beds": null, "staff_count_doctors": null, "access": null, "staff_count_nurses": null, "health_facility_level": null, "toilets_handwashing": null, "building": null, "name": "Happy Buddha", "health_facility_bed": null }, "geometry": { "type": "Point", "coordinates": [ 110.371004, -7.8186841 ] } },
{ "type": "Feature", "properties": { "osm_id": 4946718522, "osm_type": "nodes", "office": null, "government": null, "opening_hours": null, "health_facility_type": null, "status": null, "medical_system_western": null, "rooms": null, "toilets_disposal": null, "operator": null, "tourism": "hotel", "operator_type": null, "amenity": null, "beds": null, "staff_count_doctors": null, "access": null, "staff_count_nurses": null, "health_facility_level": null, "toilets_handwashing": null, "building": null, "name": "Wisam Gajah", "health_facility_bed": null }, "geometry": { "type": "Point", "coordinates": [ 110.3685937, -7.8190654 ] } },
{ "type": "Feature", "properties": { "osm_id": 4946698256, "osm_type": "nodes", "office": null, "government": null, "opening_hours": null, "health_facility_type": null, "status": null, "medical_system_western": null, "rooms": null, "toilets_disposal": null, "operator": null, "tourism": "hotel", "operator_type": null, "amenity": null, "beds": null, "staff_count_doctors": null, "access": null, "staff_count_nurses": null, "health_facility_level": null, "toilets_handwashing": null, "building": null, "name": "Airlangga", "health_facility_bed": null }, "geometry": { "type": "Point", "coordinates": [ 110.3689415, -7.8191143 ] } },
{ "type": "Feature", "properties": { "osm_id": 4194479189, "osm_type": "nodes", "office": null, "government": null, "opening_hours": null, "health_facility_type": null, "status": null, "medical_system_western": null, "rooms": null, "toilets_disposal": null, "operator": null, "tourism": "hostel", "operator_type": null, "amenity": null, "beds": null, "staff_count_doctors": null, "access": null, "staff_count_nurses": null, "health_facility_level": null, "toilets_handwashing": null, "building": null, "name": "A&A B&B", "health_facility_bed": null }, "geometry": { "type": "Point", "coordinates": [ 110.367547, -7.818382 ] } },
{ "type": "Feature", "properties": { "osm_id": 11323130269, "osm_type": "nodes", "office": null, "government": null, "opening_hours": null, "health_facility_type": null, "status": null, "medical_system_western": null, "rooms": null, "toilets_disposal": null, "operator": null, "tourism": "hotel", "operator_type": null, "amenity": null, "beds": null, "staff_count_doctors": null, "access": null, "staff_count_nurses": null, "health_facility_level": null, "toilets_handwashing": null, "building": null, "name": "Kirana Hotel", "health_facility_bed": null }, "geometry": { "type": "Point", "coordinates": [ 110.3726911, -7.8192907 ] } },
{ "type": "Feature", "properties": { "osm_id": 9824010696, "osm_type": "nodes", "office": null, "government": null, "opening_hours": null, "health_facility_type": null, "status": null, "medical_system_western": null, "rooms": null, "toilets_disposal": null, "operator": null, "tourism": "hotel", "operator_type": null, "amenity": null, "beds": null, "staff_count_doctors": null, "access": null, "staff_count_nurses": null, "health_facility_level": null, "toilets_handwashing": null, "building": null, "name": "Gallery Prawirotaman Hotel", "health_facility_bed": null }, "geometry": { "type": "Point", "coordinates": [ 110.371217, -7.8202654 ] } },
{ "type": "Feature", "properties": { "osm_id": 1640323394, "osm_type": "nodes", "office": null, "government": null, "opening_hours": null, "health_facility_type": null, "status": null, "medical_system_western": null, "rooms": null, "toilets_disposal": null, "operator": null, "tourism": "guest_house", "operator_type": null, "amenity": null, "beds": null, "staff_count_doctors": null, "access": null, "staff_count_nurses": null, "health_facility_level": null, "toilets_handwashing": null, "building": null, "name": "Delta Homestay", "health_facility_bed": null }, "geometry": { "type": "Point", "coordinates": [ 110.369418, -7.819688 ] } },
{ "type": "Feature", "properties": { "osm_id": 3487503061, "osm_type": "nodes", "office": null, "government": null, "opening_hours": null, "health_facility_type": null, "status": null, "medical_system_western": null, "rooms": null, "toilets_disposal": null, "operator": null, "tourism": "hotel", "operator_type": null, "amenity": null, "beds": null, "staff_count_doctors": null, "access": null, "staff_count_nurses": null, "health_facility_level": null, "toilets_handwashing": null, "building": null, "name": "Candra Kirana", "health_facility_bed": null }, "geometry": { "type": "Point", "coordinates": [ 110.3678554, -7.8216814 ] } },
{ "type": "Feature", "properties": { "osm_id": 3487503064, "osm_type": "nodes", "office": null, "government": null, "opening_hours": null, "health_facility_type": null, "status": null, "medical_system_western": null, "rooms": null, "toilets_disposal": null, "operator": null, "tourism": "hotel", "operator_type": null, "amenity": null, "beds": null, "staff_count_doctors": null, "access": null, "staff_count_nurses": null, "health_facility_level": null, "toilets_handwashing": null, "building": null, "name": "Dhina Finny Graha", "health_facility_bed": null }, "geometry": { "type": "Point", "coordinates": [ 110.3679537, -7.8214794 ] } },
{ "type": "Feature", "properties": { "osm_id": 3487503294, "osm_type": "nodes", "office": null, "government": null, "opening_hours": null, "health_facility_type": null, "status": null, "medical_system_western": null, "rooms": null, "toilets_disposal": null, "operator": null, "tourism": "guest_house", "operator_type": null, "amenity": null, "beds": null, "staff_count_doctors": null, "access": null, "staff_count_nurses": null, "health_facility_level": null, "toilets_handwashing": null, "building": null, "name": "Yogyakarta Homestay", "health_facility_bed": null }, "geometry": { "type": "Point", "coordinates": [ 110.3678654, -7.821422 ] } },
{ "type": "Feature", "properties": { "osm_id": 10961473365, "osm_type": "nodes", "office": "government", "government": "administrative", "opening_hours": null, "health_facility_type": null, "status": null, "medical_system_western": null, "rooms": null, "toilets_disposal": null, "operator": null, "tourism": null, "operator_type": null, "amenity": null, "beds": null, "staff_count_doctors": null, "access": null, "staff_count_nurses": null, "health_facility_level": null, "toilets_handwashing": null, "building": null, "name": "Kantor Kelurahan Brontokusuman", "health_facility_bed": null }, "geometry": { "type": "Point", "coordinates": [ 110.3695425, -7.8227396 ] } },
{ "type": "Feature", "properties": { "osm_id": 4685626989, "osm_type": "nodes", "office": null, "government": null, "opening_hours": null, "health_facility_type": null, "status": null, "medical_system_western": null, "rooms": null, "toilets_disposal": null, "operator": null, "tourism": "hotel", "operator_type": null, "amenity": null, "beds": null, "staff_count_doctors": null, "access": null, "staff_count_nurses": null, "health_facility_level": null, "toilets_handwashing": null, "building": null, "name": "Omah Salam", "health_facility_bed": null }, "geometry": { "type": "Point", "coordinates": [ 110.3700596, -7.8180496 ] } },
{ "type": "Feature", "properties": { "osm_id": 12468745199, "osm_type": "nodes", "office": null, "government": null, "opening_hours": null, "health_facility_type": null, "status": null, "medical_system_western": null, "rooms": null, "toilets_disposal": null, "operator": null, "tourism": "hotel", "operator_type": null, "amenity": null, "beds": null, "staff_count_doctors": null, "access": null, "staff_count_nurses": null, "health_facility_level": null, "toilets_handwashing": null, "building": null, "name": "Limasan 514", "health_facility_bed": null }, "geometry": { "type": "Point", "coordinates": [ 110.3699802, -7.818114 ] } },
{ "type": "Feature", "properties": { "osm_id": 11413923975, "osm_type": "nodes", "office": null, "government": null, "opening_hours": null, "health_facility_type": null, "status": null, "medical_system_western": null, "rooms": null, "toilets_disposal": null, "operator": null, "tourism": "hostel", "operator_type": null, "amenity": null, "beds": null, "staff_count_doctors": null, "access": null, "staff_count_nurses": null, "health_facility_level": null, "toilets_handwashing": null, "building": null, "name": "Good Karma", "health_facility_bed": null }, "geometry": { "type": "Point", "coordinates": [ 110.3693218, -7.8168867 ] } },
{ "type": "Feature", "properties": { "osm_id": 3921534721, "osm_type": "nodes", "office": null, "government": null, "opening_hours": null, "health_facility_type": null, "status": null, "medical_system_western": null, "rooms": null, "toilets_disposal": null, "operator": null, "tourism": "guest_house", "operator_type": null, "amenity": null, "beds": null, "staff_count_doctors": null, "access": null, "staff_count_nurses": null, "health_facility_level": null, "toilets_handwashing": null, "building": null, "name": "ViaVia", "health_facility_bed": null }, "geometry": { "type": "Point", "coordinates": [ 110.3699774, -7.8182969 ] } },
{ "type": "Feature", "properties": { "osm_id": 4782416223, "osm_type": "nodes", "office": null, "government": null, "opening_hours": null, "health_facility_type": null, "status": null, "medical_system_western": null, "rooms": null, "toilets_disposal": null, "operator": null, "tourism": "hotel", "operator_type": null, "amenity": null, "beds": null, "staff_count_doctors": null, "access": null, "staff_count_nurses": null, "health_facility_level": null, "toilets_handwashing": null, "building": null, "name": "Eclipse hotel", "health_facility_bed": null }, "geometry": { "type": "Point", "coordinates": [ 110.3720421, -7.8190907 ] } },
{ "type": "Feature", "properties": { "osm_id": 5315171725, "osm_type": "nodes", "office": null, "government": null, "opening_hours": null, "health_facility_type": null, "status": null, "medical_system_western": null, "rooms": null, "toilets_disposal": null, "operator": null, "tourism": "hotel", "operator_type": null, "amenity": null, "beds": null, "staff_count_doctors": null, "access": null, "staff_count_nurses": null, "health_facility_level": null, "toilets_handwashing": null, "building": null, "name": "Agung Inn", "health_facility_bed": null }, "geometry": { "type": "Point", "coordinates": [ 110.371549, -7.8193792 ] } },
{ "type": "Feature", "properties": { "osm_id": 6777660886, "osm_type": "nodes", "office": null, "government": null, "opening_hours": null, "health_facility_type": null, "status": null, "medical_system_western": null, "rooms": null, "toilets_disposal": null, "operator": null, "tourism": "hostel", "operator_type": null, "amenity": null, "beds": null, "staff_count_doctors": null, "access": null, "staff_count_nurses": null, "health_facility_level": null, "toilets_handwashing": null, "building": null, "name": "Oke Baik Hostel", "health_facility_bed": null }, "geometry": { "type": "Point", "coordinates": [ 110.3718741, -7.8185007 ] } },
{ "type": "Feature", "properties": { "osm_id": 6813348885, "osm_type": "nodes", "office": null, "government": null, "opening_hours": null, "health_facility_type": null, "status": null, "medical_system_western": null, "rooms": null, "toilets_disposal": null, "operator": null, "tourism": "hostel", "operator_type": null, "amenity": null, "beds": null, "staff_count_doctors": null, "access": null, "staff_count_nurses": null, "health_facility_level": null, "toilets_handwashing": null, "building": null, "name": "OK baik real location", "health_facility_bed": null }, "geometry": { "type": "Point", "coordinates": [ 110.3718535, -7.8185344 ] } },
{ "type": "Feature", "properties": { "osm_id": 9914468817, "osm_type": "nodes", "office": null, "government": null, "opening_hours": null, "health_facility_type": null, "status": null, "medical_system_western": null, "rooms": null, "toilets_disposal": null, "operator": null, "tourism": "hotel", "operator_type": null, "amenity": null, "beds": null, "staff_count_doctors": null, "access": null, "staff_count_nurses": null, "health_facility_level": null, "toilets_handwashing": null, "building": null, "name": "Aloha Hotel", "health_facility_bed": null }, "geometry": { "type": "Point", "coordinates": [ 110.3721733, -7.8187833 ] } },
{ "type": "Feature", "properties": { "osm_id": 5595942622, "osm_type": "nodes", "office": null, "government": null, "opening_hours": null, "health_facility_type": null, "status": null, "medical_system_western": null, "rooms": null, "toilets_disposal": null, "operator": null, "tourism": "hotel", "operator_type": null, "amenity": null, "beds": null, "staff_count_doctors": null, "access": null, "staff_count_nurses": null, "health_facility_level": null, "toilets_handwashing": null, "building": null, "name": "Hotel Pulung", "health_facility_bed": null }, "geometry": { "type": "Point", "coordinates": [ 110.3675472, -7.8197883 ] } },
{ "type": "Feature", "properties": { "osm_id": 10961477104, "osm_type": "nodes", "office": "government", "government": "administrative", "opening_hours": null, "health_facility_type": null, "status": null, "medical_system_western": null, "rooms": null, "toilets_disposal": null, "operator": null, "tourism": null, "operator_type": null, "amenity": null, "beds": null, "staff_count_doctors": null, "access": null, "staff_count_nurses": null, "health_facility_level": null, "toilets_handwashing": null, "building": null, "name": "Kantor Kelurahan Pandowan", "health_facility_bed": null }, "geometry": { "type": "Point", "coordinates": [ 110.2156, -7.9411 ] } },
{ "type": "Feature", "properties": { "osm_id": 10961474570, "osm_type": "nodes", "office": "government", "government": "administrative", "opening_hours": null, "health_facility_type": null, "status": null, "medical_system_western": null, "rooms": null, "toilets_disposal": null, "operator": null, "tourism": null, "operator_type": null, "amenity": null, "beds": null, "staff_count_doctors": null, "access": null, "staff_count_nurses": null, "health_facility_level": null, "toilets_handwashing": null, "building": null, "name": "Kantor Kelurahan Brosot", "health_facility_bed": null }, "geometry": { "type": "Point", "coordinates": [ 110.2392, -7.9403 ] } },
{ "type": "Feature", "properties": { "osm_id": 10961477773, "osm_type": "nodes", "office": "government", "government": "administrative", "opening_hours": null, "health_facility_type": null, "status": null, "medical_system_western": null, "rooms": null, "toilets_disposal": null, "operator": null, "tourism": null, "operator_type": null, "amenity": null, "beds": null, "staff_count_doctors": null, "access": null, "staff_count_nurses": null, "health_facility_level": null, "toilets_handwashing": null, "building": null, "name": "Kantor Kelurahan Kranggan", "health_facility_bed": null }, "geometry": { "type": "Point", "coordinates": [ 110.2239, -7.9475 ] } },
{ "type": "Feature", "properties": { "osm_id": 3428139821, "osm_type": "nodes", "office": null, "government": null, "opening_hours": null, "health_facility_type": null, "status": null, "medical_system_western": null, "rooms": null, "toilets_disposal": null, "operator": null, "tourism": null, "operator_type": null, "amenity": "hospital", "beds": null, "staff_count_doctors": null, "access": null, "staff_count_nurses": null, "health_facility_level": null, "toilets_handwashing": null, "building": null, "name": "Puskesmas Galur II", "health_facility_bed": null }, "geometry": { "type": "Point", "coordinates": [ 110.2245003, -7.9471928 ] } },
{ "type": "Feature", "properties": { "osm_id": 10961473087, "osm_type": "nodes", "office": "government", "government": "administrative", "opening_hours": null, "health_facility_type": null, "status": null, "medical_system_western": null, "rooms": null, "toilets_disposal": null, "operator": null, "tourism": null, "operator_type": null, "amenity": null, "beds": null, "staff_count_doctors": null, "access": null, "staff_count_nurses": null, "health_facility_level": null, "toilets_handwashing": null, "building": null, "name": "Kantor Kelurahan Bugel", "health_facility_bed": null }, "geometry": { "type": "Point", "coordinates": [ 110.1594, -7.9253 ] } },
{ "type": "Feature", "properties": { "osm_id": 9821757956, "osm_type": "nodes", "office": null, "government": null, "opening_hours": null, "health_facility_type": null, "status": null, "medical_system_western": null, "rooms": null, "toilets_disposal": null, "operator": null, "tourism": "hotel", "operator_type": null, "amenity": null, "beds": null, "staff_count_doctors": null, "access": null, "staff_count_nurses": null, "health_facility_level": null, "toilets_handwashing": null, "building": null, "name": "Hotel Citra Kita Yogyakarta", "health_facility_bed": null }, "geometry": { "type": "Point", "coordinates": [ 110.3612494, -7.7821776 ] } },
{ "type": "Feature", "properties": { "osm_id": 2631261031, "osm_type": "nodes", "office": null, "government": null, "opening_hours": null, "health_facility_type": null, "status": null, "medical_system_western": null, "rooms": null, "toilets_disposal": null, "operator": null, "tourism": null, "operator_type": null, "amenity": "hospital", "beds": null, "staff_count_doctors": null, "access": null, "staff_count_nurses": null, "health_facility_level": null, "toilets_handwashing": null, "building": null, "name": "Klinik Adhiwarga PKBI DIY", "health_facility_bed": null }, "geometry": { "type": "Point", "coordinates": [ 110.3570675, -7.7851411 ] } },
{ "type": "Feature", "properties": { "osm_id": 3755348225, "osm_type": "nodes", "office": "government", "government": null, "opening_hours": null, "health_facility_type": null, "status": null, "medical_system_western": null, "rooms": null, "toilets_disposal": null, "operator": null, "tourism": null, "operator_type": null, "amenity": null, "beds": null, "staff_count_doctors": null, "access": null, "staff_count_nurses": null, "health_facility_level": null, "toilets_handwashing": null, "building": null, "name": "Dinas PU Prov. DIY", "health_facility_bed": null }, "geometry": { "type": "Point", "coordinates": [ 110.362736, -7.786754 ] } },
{ "type": "Feature", "properties": { "osm_id": 10198975863, "osm_type": "nodes", "office": null, "government": null, "opening_hours": null, "health_facility_type": null, "status": null, "medical_system_western": null, "rooms": null, "toilets_disposal": null, "operator": null, "tourism": "hotel", "operator_type": null, "amenity": null, "beds": null, "staff_count_doctors": null, "access": null, "staff_count_nurses": null, "health_facility_level": null, "toilets_handwashing": null, "building": null, "name": null, "health_facility_bed": null }, "geometry": { "type": "Point", "coordinates": [ 110.3612321, -7.7863041 ] } },
{ "type": "Feature", "properties": { "osm_id": 10961474993, "osm_type": "nodes", "office": "government", "government": "administrative", "opening_hours": null, "health_facility_type": null, "status": null, "medical_system_western": null, "rooms": null, "toilets_disposal": null, "operator": null, "tourism": null, "operator_type": null, "amenity": null, "beds": null, "staff_count_doctors": null, "access": null, "staff_count_nurses": null, "health_facility_level": null, "toilets_handwashing": null, "building": null, "name": "Kantor Kelurahan Bumijo", "health_facility_bed": null }, "geometry": { "type": "Point", "coordinates": [ 110.3588, -7.7863 ] } },
{ "type": "Feature", "properties": { "osm_id": 3557258296, "osm_type": "nodes", "office": null, "government": null, "opening_hours": null, "health_facility_type": null, "status": null, "medical_system_western": null, "rooms": null, "toilets_disposal": null, "operator": null, "tourism": "hotel", "operator_type": null, "amenity": null, "beds": null, "staff_count_doctors": null, "access": null, "staff_count_nurses": null, "health_facility_level": null, "toilets_handwashing": null, "building": null, "name": "Laxston Hotel", "health_facility_bed": null }, "geometry": { "type": "Point", "coordinates": [ 110.3610956, -7.7803009 ] } },
{ "type": "Feature", "properties": { "osm_id": 10181449060, "osm_type": "nodes", "office": "government", "government": "administrative", "opening_hours": null, "health_facility_type": null, "status": null, "medical_system_western": null, "rooms": null, "toilets_disposal": null, "operator": null, "tourism": null, "operator_type": null, "amenity": null, "beds": null, "staff_count_doctors": null, "access": null, "staff_count_nurses": null, "health_facility_level": null, "toilets_handwashing": null, "building": null, "name": "Kantor Kalurahan Bumirejo", "health_facility_bed": null }, "geometry": { "type": "Point", "coordinates": [ 110.1967378, -7.9124193 ] } },
{ "type": "Feature", "properties": { "osm_id": 10961471367, "osm_type": "nodes", "office": "government", "government": "administrative", "opening_hours": null, "health_facility_type": null, "status": null, "medical_system_western": null, "rooms": null, "toilets_disposal": null, "operator": null, "tourism": null, "operator_type": null, "amenity": null, "beds": null, "staff_count_doctors": null, "access": null, "staff_count_nurses": null, "health_facility_level": null, "toilets_handwashing": null, "building": null, "name": "Kantor Kelurahan Tirta Rahayu", "health_facility_bed": null }, "geometry": { "type": "Point", "coordinates": [ 110.2022, -7.93 ] } },
{ "type": "Feature", "properties": { "osm_id": 10961473901, "osm_type": "nodes", "office": "government", "government": "administrative", "opening_hours": null, "health_facility_type": null, "status": null, "medical_system_western": null, "rooms": null, "toilets_disposal": null, "operator": null, "tourism": null, "operator_type": null, "amenity": null, "beds": null, "staff_count_doctors": null, "access": null, "staff_count_nurses": null, "health_facility_level": null, "toilets_handwashing": null, "building": null, "name": "Kantor Kelurahan Wahyuharjo", "health_facility_bed": null }, "geometry": { "type": "Point", "coordinates": [ 110.1944, -7.9286 ] } },
{ "type": "Feature", "properties": { "osm_id": 10961476435, "osm_type": "nodes", "office": "government", "government": "administrative", "opening_hours": null, "health_facility_type": null, "status": null, "medical_system_western": null, "rooms": null, "toilets_disposal": null, "operator": null, "tourism": null, "operator_type": null, "amenity": null, "beds": null, "staff_count_doctors": null, "access": null, "staff_count_nurses": null, "health_facility_level": null, "toilets_handwashing": null, "building": null, "name": "Kantor Kelurahan Bumirejo", "health_facility_bed": null }, "geometry": { "type": "Point", "coordinates": [ 110.1969, -7.9125 ] } },
{ "type": "Feature", "properties": { "osm_id": 10961478444, "osm_type": "nodes", "office": "government", "government": "administrative", "opening_hours": null, "health_facility_type": null, "status": null, "medical_system_western": null, "rooms": null, "toilets_disposal": null, "operator": null, "tourism": null, "operator_type": null, "amenity": null, "beds": null, "staff_count_doctors": null, "access": null, "staff_count_nurses": null, "health_facility_level": null, "toilets_handwashing": null, "building": null, "name": "Kantor Kelurahan Krembangan", "health_facility_bed": null }, "geometry": { "type": "Point", "coordinates": [ 110.1903, -7.8983 ] } },
{ "type": "Feature", "properties": { "osm_id": 10961476776, "osm_type": "nodes", "office": "government", "government": "administrative", "opening_hours": null, "health_facility_type": null, "status": null, "medical_system_western": null, "rooms": null, "toilets_disposal": null, "operator": null, "tourism": null, "operator_type": null, "amenity": null, "beds": null, "staff_count_doctors": null, "access": null, "staff_count_nurses": null, "health_facility_level": null, "toilets_handwashing": null, "building": null, "name": "Kantor Kalurahan Patalan", "health_facility_bed": null }, "geometry": { "type": "Point", "coordinates": [ 110.3494, -7.9286 ] } },
{ "type": "Feature", "properties": { "osm_id": 10961479309, "osm_type": "nodes", "office": "government", "government": "administrative", "opening_hours": null, "health_facility_type": null, "status": null, "medical_system_western": null, "rooms": null, "toilets_disposal": null, "operator": null, "tourism": null, "operator_type": null, "amenity": null, "beds": null, "staff_count_doctors": null, "access": null, "staff_count_nurses": null, "health_facility_level": null, "toilets_handwashing": null, "building": null, "name": "Kantor Kelurahan Canden", "health_facility_bed": null }, "geometry": { "type": "Point", "coordinates": [ 110.3606, -7.9264 ] } },
{ "type": "Feature", "properties": { "osm_id": 10961475397, "osm_type": "nodes", "office": "government", "government": "administrative", "opening_hours": null, "health_facility_type": null, "status": null, "medical_system_western": null, "rooms": null, "toilets_disposal": null, "operator": null, "tourism": null, "operator_type": null, "amenity": null, "beds": null, "staff_count_doctors": null, "access": null, "staff_count_nurses": null, "health_facility_level": null, "toilets_handwashing": null, "building": null, "name": "Kantor Kalurahan Caturharjo", "health_facility_bed": null }, "geometry": { "type": "Point", "coordinates": [ 110.2702329, -7.9399842 ] } },
{ "type": "Feature", "properties": { "osm_id": 10961472559, "osm_type": "nodes", "office": "government", "government": "administrative", "opening_hours": null, "health_facility_type": null, "status": null, "medical_system_western": null, "rooms": null, "toilets_disposal": null, "operator": null, "tourism": null, "operator_type": null, "amenity": null, "beds": null, "staff_count_doctors": null, "access": null, "staff_count_nurses": null, "health_facility_level": null, "toilets_handwashing": null, "building": null, "name": "Kantor Kelurahan Purwogondo", "health_facility_bed": null }, "geometry": { "type": "Point", "coordinates": [ 110.1708, -7.8897 ] } },
{ "type": "Feature", "properties": { "osm_id": 10961473375, "osm_type": "nodes", "office": "government", "government": "administrative", "opening_hours": null, "health_facility_type": null, "status": null, "medical_system_western": null, "rooms": null, "toilets_disposal": null, "operator": null, "tourism": null, "operator_type": null, "amenity": null, "beds": null, "staff_count_doctors": null, "access": null, "staff_count_nurses": null, "health_facility_level": null, "toilets_handwashing": null, "building": null, "name": "Kantor Kelurahan Panjatan", "health_facility_bed": null }, "geometry": { "type": "Point", "coordinates": [ 110.1697, -7.9067 ] } },
{ "type": "Feature", "properties": { "osm_id": 10961475620, "osm_type": "nodes", "office": "government", "government": "administrative", "opening_hours": null, "health_facility_type": null, "status": null, "medical_system_western": null, "rooms": null, "toilets_disposal": null, "operator": null, "tourism": null, "operator_type": null, "amenity": null, "beds": null, "staff_count_doctors": null, "access": null, "staff_count_nurses": null, "health_facility_level": null, "toilets_handwashing": null, "building": null, "name": "Kantor Kelurahan Kanoman", "health_facility_bed": null }, "geometry": { "type": "Point", "coordinates": [ 110.1678, -7.9131 ] } },
{ "type": "Feature", "properties": { "osm_id": 10961475910, "osm_type": "nodes", "office": "government", "government": "administrative", "opening_hours": null, "health_facility_type": null, "status": null, "medical_system_western": null, "rooms": null, "toilets_disposal": null, "operator": null, "tourism": null, "operator_type": null, "amenity": null, "beds": null, "staff_count_doctors": null, "access": null, "staff_count_nurses": null, "health_facility_level": null, "toilets_handwashing": null, "building": null, "name": "Kantor Kelurahan Cerme", "health_facility_bed": null }, "geometry": { "type": "Point", "coordinates": [ 110.1778, -7.8986 ] } },
{ "type": "Feature", "properties": { "osm_id": 6327278157, "osm_type": "nodes", "office": null, "government": null, "opening_hours": null, "health_facility_type": null, "status": null, "medical_system_western": null, "rooms": null, "toilets_disposal": null, "operator": null, "tourism": "hotel", "operator_type": null, "amenity": null, "beds": null, "staff_count_doctors": null, "access": null, "staff_count_nurses": null, "health_facility_level": null, "toilets_handwashing": null, "building": null, "name": "RedDoorz Plus Adya Nalendra", "health_facility_bed": null }, "geometry": { "type": "Point", "coordinates": [ 110.364178, -7.7792534 ] } },
{ "type": "Feature", "properties": { "osm_id": 1359116507, "osm_type": "nodes", "office": null, "government": null, "opening_hours": null, "health_facility_type": null, "status": null, "medical_system_western": null, "rooms": null, "toilets_disposal": null, "operator": null, "tourism": "hotel", "operator_type": null, "amenity": null, "beds": null, "staff_count_doctors": null, "access": null, "staff_count_nurses": null, "health_facility_level": null, "toilets_handwashing": null, "building": null, "name": "Hotel Trim Tiga", "health_facility_bed": null }, "geometry": { "type": "Point", "coordinates": [ 110.3670381, -7.7804558 ] } },
{ "type": "Feature", "properties": { "osm_id": 3557258192, "osm_type": "nodes", "office": null, "government": null, "opening_hours": null, "health_facility_type": null, "status": null, "medical_system_western": null, "rooms": null, "toilets_disposal": null, "operator": null, "tourism": "hotel", "operator_type": null, "amenity": null, "beds": null, "staff_count_doctors": null, "access": null, "staff_count_nurses": null, "health_facility_level": null, "toilets_handwashing": null, "building": null, "name": "Hotel Citradream Yogyakarta", "health_facility_bed": null }, "geometry": { "type": "Point", "coordinates": [ 110.3676243, -7.780212 ] } },
{ "type": "Feature", "properties": { "osm_id": 3557258293, "osm_type": "nodes", "office": null, "government": null, "opening_hours": null, "health_facility_type": null, "status": null, "medical_system_western": null, "rooms": null, "toilets_disposal": null, "operator": null, "tourism": "hotel", "operator_type": null, "amenity": null, "beds": null, "staff_count_doctors": null, "access": null, "staff_count_nurses": null, "health_facility_level": null, "toilets_handwashing": null, "building": null, "name": "Monginsidi Guest House", "health_facility_bed": null }, "geometry": { "type": "Point", "coordinates": [ 110.3659077, -7.7780727 ] } },
{ "type": "Feature", "properties": { "osm_id": 10961472885, "osm_type": "nodes", "office": "government", "government": "administrative", "opening_hours": null, "health_facility_type": null, "status": null, "medical_system_western": null, "rooms": null, "toilets_disposal": null, "operator": null, "tourism": null, "operator_type": null, "amenity": null, "beds": null, "staff_count_doctors": null, "access": null, "staff_count_nurses": null, "health_facility_level": null, "toilets_handwashing": null, "building": null, "name": "Kantor Kelurahan Cokrodiningratan", "health_facility_bed": null }, "geometry": { "type": "Point", "coordinates": [ 110.3666, -7.7801 ] } },
{ "type": "Feature", "properties": { "osm_id": 13866990251, "osm_type": "nodes", "office": null, "government": null, "opening_hours": null, "health_facility_type": null, "status": null, "medical_system_western": null, "rooms": null, "toilets_disposal": null, "operator": null, "tourism": "guest_house", "operator_type": null, "amenity": null, "beds": null, "staff_count_doctors": null, "access": null, "staff_count_nurses": null, "health_facility_level": null, "toilets_handwashing": null, "building": null, "name": "Rumah Tara", "health_facility_bed": null }, "geometry": { "type": "Point", "coordinates": [ 110.3711707, -7.7815938 ] } },
{ "type": "Feature", "properties": { "osm_id": 3557258294, "osm_type": "nodes", "office": null, "government": null, "opening_hours": null, "health_facility_type": null, "status": null, "medical_system_western": null, "rooms": null, "toilets_disposal": null, "operator": null, "tourism": "hotel", "operator_type": null, "amenity": null, "beds": null, "staff_count_doctors": null, "access": null, "staff_count_nurses": null, "health_facility_level": null, "toilets_handwashing": null, "building": null, "name": "Hotel Santika Premiere Jogja", "health_facility_bed": null }, "geometry": { "type": "Point", "coordinates": [ 110.3696825, -7.7825127 ] } },
{ "type": "Feature", "properties": { "osm_id": 13800404270, "osm_type": "nodes", "office": null, "government": null, "opening_hours": null, "health_facility_type": null, "status": null, "medical_system_western": null, "rooms": null, "toilets_disposal": null, "operator": null, "tourism": "hotel", "operator_type": null, "amenity": null, "beds": null, "staff_count_doctors": null, "access": null, "staff_count_nurses": null, "health_facility_level": null, "toilets_handwashing": null, "building": null, "name": "Hotel Tentrem", "health_facility_bed": null }, "geometry": { "type": "Point", "coordinates": [ 110.3686016, -7.7738045 ] } },
{ "type": "Feature", "properties": { "osm_id": 9748490332, "osm_type": "nodes", "office": "telecommunication", "government": null, "opening_hours": null, "health_facility_type": null, "status": null, "medical_system_western": null, "rooms": null, "toilets_disposal": null, "operator": null, "tourism": null, "operator_type": null, "amenity": null, "beds": null, "staff_count_doctors": null, "access": null, "staff_count_nurses": null, "health_facility_level": null, "toilets_handwashing": null, "building": null, "name": "XL Axiata", "health_facility_bed": null }, "geometry": { "type": "Point", "coordinates": [ 110.3943634, -7.7827168 ] } },
{ "type": "Feature", "properties": { "osm_id": 9725910131, "osm_type": "nodes", "office": null, "government": null, "opening_hours": null, "health_facility_type": null, "status": null, "medical_system_western": null, "rooms": null, "toilets_disposal": null, "operator": null, "tourism": "hotel", "operator_type": null, "amenity": null, "beds": null, "staff_count_doctors": null, "access": null, "staff_count_nurses": null, "health_facility_level": null, "toilets_handwashing": null, "building": null, "name": "ibis Hotels", "health_facility_bed": null }, "geometry": { "type": "Point", "coordinates": [ 110.3920533, -7.7839163 ] } },
{ "type": "Feature", "properties": { "osm_id": 4113534818, "osm_type": "nodes", "office": null, "government": null, "opening_hours": null, "health_facility_type": null, "status": null, "medical_system_western": null, "rooms": null, "toilets_disposal": null, "operator": null, "tourism": "hotel", "operator_type": null, "amenity": null, "beds": null, "staff_count_doctors": null, "access": null, "staff_count_nurses": null, "health_facility_level": null, "toilets_handwashing": null, "building": null, "name": "Sabana Homestay", "health_facility_bed": null }, "geometry": { "type": "Point", "coordinates": [ 110.3852788, -7.7818456 ] } },
{ "type": "Feature", "properties": { "osm_id": 9725905457, "osm_type": "nodes", "office": null, "government": null, "opening_hours": null, "health_facility_type": null, "status": null, "medical_system_western": null, "rooms": null, "toilets_disposal": null, "operator": null, "tourism": "hotel", "operator_type": null, "amenity": null, "beds": null, "staff_count_doctors": null, "access": null, "staff_count_nurses": null, "health_facility_level": null, "toilets_handwashing": null, "building": null, "name": "Tickle Hotel", "health_facility_bed": null }, "geometry": { "type": "Point", "coordinates": [ 110.385439, -7.7827723 ] } },
{ "type": "Feature", "properties": { "osm_id": 9725917694, "osm_type": "nodes", "office": null, "government": null, "opening_hours": null, "health_facility_type": null, "status": null, "medical_system_western": null, "rooms": null, "toilets_disposal": null, "operator": null, "tourism": "hotel", "operator_type": null, "amenity": null, "beds": null, "staff_count_doctors": null, "access": null, "staff_count_nurses": null, "health_facility_level": null, "toilets_handwashing": null, "building": null, "name": "Duta Wisata 2 Hotel", "health_facility_bed": null }, "geometry": { "type": "Point", "coordinates": [ 110.3883871, -7.7834674 ] } },
{ "type": "Feature", "properties": { "osm_id": 9748490333, "osm_type": "nodes", "office": "telecommunication", "government": null, "opening_hours": null, "health_facility_type": null, "status": null, "medical_system_western": null, "rooms": null, "toilets_disposal": null, "operator": null, "tourism": null, "operator_type": null, "amenity": null, "beds": null, "staff_count_doctors": null, "access": null, "staff_count_nurses": null, "health_facility_level": null, "toilets_handwashing": null, "building": null, "name": "Biznet", "health_facility_bed": null }, "geometry": { "type": "Point", "coordinates": [ 110.3899662, -7.7833122 ] } },
{ "type": "Feature", "properties": { "osm_id": 3473035399, "osm_type": "nodes", "office": null, "government": null, "opening_hours": null, "health_facility_type": null, "status": null, "medical_system_western": null, "rooms": null, "toilets_disposal": null, "operator": null, "tourism": "hotel", "operator_type": null, "amenity": null, "beds": null, "staff_count_doctors": null, "access": null, "staff_count_nurses": null, "health_facility_level": null, "toilets_handwashing": null, "building": null, "name": "Wisma Pu", "health_facility_bed": null }, "geometry": { "type": "Point", "coordinates": [ 110.3945734, -7.7828531 ] } },
{ "type": "Feature", "properties": { "osm_id": 7331641864, "osm_type": "nodes", "office": null, "government": null, "opening_hours": null, "health_facility_type": null, "status": null, "medical_system_western": null, "rooms": null, "toilets_disposal": null, "operator": null, "tourism": null, "operator_type": "private", "amenity": "hospital", "beds": null, "staff_count_doctors": null, "access": null, "staff_count_nurses": null, "health_facility_level": null, "toilets_handwashing": null, "building": null, "name": "Rumah Sakit Siloam Yogyakarta", "health_facility_bed": null }, "geometry": { "type": "Point", "coordinates": [ 110.3908845, -7.7833994 ] } },
{ "type": "Feature", "properties": { "osm_id": 9725892668, "osm_type": "nodes", "office": null, "government": null, "opening_hours": null, "health_facility_type": null, "status": null, "medical_system_western": null, "rooms": null, "toilets_disposal": null, "operator": null, "tourism": "hotel", "operator_type": null, "amenity": null, "beds": null, "staff_count_doctors": null, "access": null, "staff_count_nurses": null, "health_facility_level": null, "toilets_handwashing": null, "building": null, "name": "Grand Mercure", "health_facility_bed": null }, "geometry": { "type": "Point", "coordinates": [ 110.3922092, -7.7833818 ] } },
{ "type": "Feature", "properties": { "osm_id": 4292814790, "osm_type": "nodes", "office": null, "government": null, "opening_hours": null, "health_facility_type": null, "status": null, "medical_system_western": null, "rooms": null, "toilets_disposal": null, "operator": null, "tourism": "hotel", "operator_type": null, "amenity": null, "beds": null, "staff_count_doctors": null, "access": null, "staff_count_nurses": null, "health_facility_level": null, "toilets_handwashing": null, "building": null, "name": "De Laxston Hotel by Quinn's", "health_facility_bed": null }, "geometry": { "type": "Point", "coordinates": [ 110.3871283, -7.7830255 ] } },
{ "type": "Feature", "properties": { "osm_id": 10961477381, "osm_type": "nodes", "office": "government", "government": "administrative", "opening_hours": null, "health_facility_type": null, "status": null, "medical_system_western": null, "rooms": null, "toilets_disposal": null, "operator": null, "tourism": null, "operator_type": null, "amenity": null, "beds": null, "staff_count_doctors": null, "access": null, "staff_count_nurses": null, "health_facility_level": null, "toilets_handwashing": null, "building": null, "name": "Kantor Kelurahan Demangan", "health_facility_bed": null }, "geometry": { "type": "Point", "coordinates": [ 110.389, -7.7862 ] } },
{ "type": "Feature", "properties": { "osm_id": 4706061490, "osm_type": "nodes", "office": null, "government": null, "opening_hours": "24/7", "health_facility_type": null, "status": null, "medical_system_western": null, "rooms": null, "toilets_disposal": null, "operator": null, "tourism": "guest_house", "operator_type": null, "amenity": null, "beds": null, "staff_count_doctors": null, "access": null, "staff_count_nurses": null, "health_facility_level": null, "toilets_handwashing": null, "building": null, "name": "Langkanae", "health_facility_bed": null }, "geometry": { "type": "Point", "coordinates": [ 110.3942254, -7.787634 ] } },
{ "type": "Feature", "properties": { "osm_id": 10961471644, "osm_type": "nodes", "office": "government", "government": "administrative", "opening_hours": null, "health_facility_type": null, "status": null, "medical_system_western": null, "rooms": null, "toilets_disposal": null, "operator": null, "tourism": null, "operator_type": null, "amenity": null, "beds": null, "staff_count_doctors": null, "access": null, "staff_count_nurses": null, "health_facility_level": null, "toilets_handwashing": null, "building": null, "name": "Kantor Kelurahan Klitren", "health_facility_bed": null }, "geometry": { "type": "Point", "coordinates": [ 110.3844128, -7.7823838 ] } },
{ "type": "Feature", "properties": { "osm_id": 10961472428, "osm_type": "nodes", "office": "government", "government": "administrative", "opening_hours": null, "health_facility_type": null, "status": null, "medical_system_western": null, "rooms": null, "toilets_disposal": null, "operator": null, "tourism": null, "operator_type": null, "amenity": null, "beds": null, "staff_count_doctors": null, "access": null, "staff_count_nurses": null, "health_facility_level": null, "toilets_handwashing": null, "building": null, "name": "Kantor Kelurahan Demangrejo", "health_facility_bed": null }, "geometry": { "type": "Point", "coordinates": [ 110.2047, -7.8856 ] } },
{ "type": "Feature", "properties": { "osm_id": 10961475477, "osm_type": "nodes", "office": "government", "government": "administrative", "opening_hours": null, "health_facility_type": null, "status": null, "medical_system_western": null, "rooms": null, "toilets_disposal": null, "operator": null, "tourism": null, "operator_type": null, "amenity": null, "beds": null, "staff_count_doctors": null, "access": null, "staff_count_nurses": null, "health_facility_level": null, "toilets_handwashing": null, "building": null, "name": "Kantor Kelurahan Demen", "health_facility_bed": null }, "geometry": { "type": "Point", "coordinates": [ 110.0986, -7.8858 ] } },
{ "type": "Feature", "properties": { "osm_id": 10961478154, "osm_type": "nodes", "office": "government", "government": "administrative", "opening_hours": null, "health_facility_type": null, "status": null, "medical_system_western": null, "rooms": null, "toilets_disposal": null, "operator": null, "tourism": null, "operator_type": null, "amenity": null, "beds": null, "staff_count_doctors": null, "access": null, "staff_count_nurses": null, "health_facility_level": null, "toilets_handwashing": null, "building": null, "name": "Kantor Kelurahan Depok", "health_facility_bed": null }, "geometry": { "type": "Point", "coordinates": [ 110.1592, -7.9106 ] } },
{ "type": "Feature", "properties": { "osm_id": 12364361415, "osm_type": "nodes", "office": "government", "government": "administrative", "opening_hours": null, "health_facility_type": null, "status": null, "medical_system_western": null, "rooms": null, "toilets_disposal": null, "operator": null, "tourism": null, "operator_type": null, "amenity": null, "beds": null, "staff_count_doctors": null, "access": null, "staff_count_nurses": null, "health_facility_level": null, "toilets_handwashing": null, "building": null, "name": "Kantor Kapanewon Dlingo", "health_facility_bed": null }, "geometry": { "type": "Point", "coordinates": [ 110.4651498, -7.9352394 ] } },
{ "type": "Feature", "properties": { "osm_id": 13176387831, "osm_type": "nodes", "office": "government", "government": "administrative", "opening_hours": null, "health_facility_type": null, "status": null, "medical_system_western": null, "rooms": null, "toilets_disposal": null, "operator": null, "tourism": null, "operator_type": null, "amenity": null, "beds": null, "staff_count_doctors": null, "access": null, "staff_count_nurses": null, "health_facility_level": null, "toilets_handwashing": null, "building": null, "name": "Kantor Kalurahan Dlingo", "health_facility_bed": null }, "geometry": { "type": "Point", "coordinates": [ 110.466339, -7.9391247 ] } },
{ "type": "Feature", "properties": { "osm_id": 10961474041, "osm_type": "nodes", "office": "government", "government": "administrative", "opening_hours": null, "health_facility_type": null, "status": null, "medical_system_western": null, "rooms": null, "toilets_disposal": null, "operator": null, "tourism": null, "operator_type": null, "amenity": null, "beds": null, "staff_count_doctors": null, "access": null, "staff_count_nurses": null, "health_facility_level": null, "toilets_handwashing": null, "building": null, "name": "Kantor Kelurahan Medono", "health_facility_bed": null }, "geometry": { "type": "Point", "coordinates": [ 110.2031, -7.8191 ] } },
{ "type": "Feature", "properties": { "osm_id": 10961455234, "osm_type": "nodes", "office": "government", "government": "administrative", "opening_hours": null, "health_facility_type": null, "status": null, "medical_system_western": null, "rooms": null, "toilets_disposal": null, "operator": null, "tourism": null, "operator_type": null, "amenity": null, "beds": null, "staff_count_doctors": null, "access": null, "staff_count_nurses": null, "health_facility_level": null, "toilets_handwashing": null, "building": null, "name": "Kantor Kelurahan Donomulyo", "health_facility_bed": null }, "geometry": { "type": "Point", "coordinates": [ 110.1936, -7.8086 ] } },
{ "type": "Feature", "properties": { "osm_id": 10961473807, "osm_type": "nodes", "office": "government", "government": "administrative", "opening_hours": null, "health_facility_type": null, "status": null, "medical_system_western": null, "rooms": null, "toilets_disposal": null, "operator": null, "tourism": null, "operator_type": null, "amenity": null, "beds": null, "staff_count_doctors": null, "access": null, "staff_count_nurses": null, "health_facility_level": null, "toilets_handwashing": null, "building": null, "name": "Kantor Kelurahan Kajangkoso", "health_facility_bed": null }, "geometry": { "type": "Point", "coordinates": [ 110.328, -7.9707 ] } },
{ "type": "Feature", "properties": { "osm_id": 10961477403, "osm_type": "nodes", "office": "government", "government": "administrative", "opening_hours": null, "health_facility_type": null, "status": null, "medical_system_western": null, "rooms": null, "toilets_disposal": null, "operator": null, "tourism": null, "operator_type": null, "amenity": null, "beds": null, "staff_count_doctors": null, "access": null, "staff_count_nurses": null, "health_facility_level": null, "toilets_handwashing": null, "building": null, "name": "Kantor Kalurahan Donotirto", "health_facility_bed": null }, "geometry": { "type": "Point", "coordinates": [ 110.3131, -7.9774 ] } },
{ "type": "Feature", "properties": { "osm_id": 12364562313, "osm_type": "nodes", "office": "government", "government": "administrative", "opening_hours": null, "health_facility_type": null, "status": null, "medical_system_western": null, "rooms": null, "toilets_disposal": null, "operator": null, "tourism": null, "operator_type": null, "amenity": null, "beds": null, "staff_count_doctors": null, "access": null, "staff_count_nurses": null, "health_facility_level": null, "toilets_handwashing": null, "building": null, "name": "Kantor Kapanewon Kretek", "health_facility_bed": null }, "geometry": { "type": "Point", "coordinates": [ 110.3185171, -7.9723062 ] } },
{ "type": "Feature", "properties": { "osm_id": 10961471378, "osm_type": "nodes", "office": "government", "government": "administrative", "opening_hours": null, "health_facility_type": null, "status": null, "medical_system_western": null, "rooms": null, "toilets_disposal": null, "operator": null, "tourism": null, "operator_type": null, "amenity": null, "beds": null, "staff_count_doctors": null, "access": null, "staff_count_nurses": null, "health_facility_level": null, "toilets_handwashing": null, "building": null, "name": "Kantor Kelurahan Gadingharjo", "health_facility_bed": null }, "geometry": { "type": "Point", "coordinates": [ 110.2639, -7.9794 ] } },
{ "type": "Feature", "properties": { "osm_id": 10961477115, "osm_type": "nodes", "office": "government", "government": "administrative", "opening_hours": null, "health_facility_type": null, "status": null, "medical_system_western": null, "rooms": null, "toilets_disposal": null, "operator": null, "tourism": null, "operator_type": null, "amenity": null, "beds": null, "staff_count_doctors": null, "access": null, "staff_count_nurses": null, "health_facility_level": null, "toilets_handwashing": null, "building": null, "name": "Kantor Kelurahan Gadingsari", "health_facility_bed": null }, "geometry": { "type": "Point", "coordinates": [ 110.2558, -7.9694 ] } },
{ "type": "Feature", "properties": { "osm_id": 10961476291, "osm_type": "nodes", "office": "government", "government": "administrative", "opening_hours": null, "health_facility_type": null, "status": null, "medical_system_western": null, "rooms": null, "toilets_disposal": null, "operator": null, "tourism": null, "operator_type": null, "amenity": null, "beds": null, "staff_count_doctors": null, "access": null, "staff_count_nurses": null, "health_facility_level": null, "toilets_handwashing": null, "building": null, "name": "Kantor Kelurahan Garongan", "health_facility_bed": null }, "geometry": { "type": "Point", "coordinates": [ 110.1342, -7.9253 ] } },
{ "type": "Feature", "properties": { "osm_id": 3600247125, "osm_type": "nodes", "office": null, "government": null, "opening_hours": null, "health_facility_type": null, "status": null, "medical_system_western": null, "rooms": null, "toilets_disposal": null, "operator": null, "tourism": "hotel", "operator_type": null, "amenity": null, "beds": null, "staff_count_doctors": null, "access": null, "staff_count_nurses": null, "health_facility_level": null, "toilets_handwashing": null, "building": null, "name": "Bugisan", "health_facility_bed": null }, "geometry": { "type": "Point", "coordinates": [ 110.3515726, -7.8119926 ] } },
{ "type": "Feature", "properties": { "osm_id": 9247001004, "osm_type": "nodes", "office": null, "government": null, "opening_hours": null, "health_facility_type": null, "status": null, "medical_system_western": null, "rooms": "29", "toilets_disposal": null, "operator": null, "tourism": "hotel", "operator_type": null, "amenity": null, "beds": null, "staff_count_doctors": null, "access": null, "staff_count_nurses": null, "health_facility_level": null, "toilets_handwashing": null, "building": null, "name": "Tasik Jogja Hotel", "health_facility_bed": null }, "geometry": { "type": "Point", "coordinates": [ 110.3563386, -7.815548 ] } },
{ "type": "Feature", "properties": { "osm_id": 4955111621, "osm_type": "nodes", "office": null, "government": null, "opening_hours": null, "health_facility_type": null, "status": null, "medical_system_western": null, "rooms": null, "toilets_disposal": null, "operator": "Delia and Connor", "tourism": "guest_house", "operator_type": null, "amenity": null, "beds": null, "staff_count_doctors": null, "access": null, "staff_count_nurses": null, "health_facility_level": null, "toilets_handwashing": null, "building": null, "name": "Rumah Yogya", "health_facility_bed": null }, "geometry": { "type": "Point", "coordinates": [ 110.3565452, -7.8138272 ] } },
{ "type": "Feature", "properties": { "osm_id": 10961474704, "osm_type": "nodes", "office": "government", "government": "administrative", "opening_hours": null, "health_facility_type": null, "status": null, "medical_system_western": null, "rooms": null, "toilets_disposal": null, "operator": null, "tourism": null, "operator_type": null, "amenity": null, "beds": null, "staff_count_doctors": null, "access": null, "staff_count_nurses": null, "health_facility_level": null, "toilets_handwashing": null, "building": null, "name": "Kantor Kelurahan Gedongkiwo", "health_facility_bed": null }, "geometry": { "type": "Point", "coordinates": [ 110.3544, -7.8208 ] } },
{ "type": "Feature", "properties": { "osm_id": 5893704695, "osm_type": "nodes", "office": null, "government": null, "opening_hours": null, "health_facility_type": null, "status": null, "medical_system_western": null, "rooms": null, "toilets_disposal": null, "operator": null, "tourism": "hostel", "operator_type": null, "amenity": null, "beds": null, "staff_count_doctors": null, "access": null, "staff_count_nurses": null, "health_facility_level": null, "toilets_handwashing": null, "building": null, "name": "Hoz Bed and breakfast", "health_facility_bed": null }, "geometry": { "type": "Point", "coordinates": [ 110.3551951, -7.8158447 ] } },
{ "type": "Feature", "properties": { "osm_id": 4826456825, "osm_type": "nodes", "office": "government", "government": "yes", "opening_hours": null, "health_facility_type": null, "status": null, "medical_system_western": null, "rooms": null, "toilets_disposal": null, "operator": null, "tourism": null, "operator_type": null, "amenity": null, "beds": null, "staff_count_doctors": null, "access": null, "staff_count_nurses": null, "health_facility_level": null, "toilets_handwashing": null, "building": null, "name": "Kantor Kecamatan Samigaluh", "health_facility_bed": null }, "geometry": { "type": "Point", "coordinates": [ 110.165698, -7.6704556 ] } },
{ "type": "Feature", "properties": { "osm_id": 10961472717, "osm_type": "nodes", "office": "government", "government": "administrative", "opening_hours": null, "health_facility_type": null, "status": null, "medical_system_western": null, "rooms": null, "toilets_disposal": null, "operator": null, "tourism": null, "operator_type": null, "amenity": null, "beds": null, "staff_count_doctors": null, "access": null, "staff_count_nurses": null, "health_facility_level": null, "toilets_handwashing": null, "building": null, "name": "Kantor Kelurahan Gerbosari", "health_facility_bed": null }, "geometry": { "type": "Point", "coordinates": [ 110.1692, -7.6725 ] } },
{ "type": "Feature", "properties": { "osm_id": 10705747228, "osm_type": "nodes", "office": "government", "government": null, "opening_hours": null, "health_facility_type": null, "status": null, "medical_system_western": null, "rooms": null, "toilets_disposal": null, "operator": null, "tourism": null, "operator_type": null, "amenity": null, "beds": null, "staff_count_doctors": null, "access": null, "staff_count_nurses": null, "health_facility_level": null, "toilets_handwashing": null, "building": null, "name": "KUA Kapanewon Pandak", "health_facility_bed": null }, "geometry": { "type": "Point", "coordinates": [ 110.296253, -7.9149985 ] } },
{ "type": "Feature", "properties": { "osm_id": 10705747223, "osm_type": "nodes", "office": "government", "government": null, "opening_hours": null, "health_facility_type": null, "status": null, "medical_system_western": null, "rooms": null, "toilets_disposal": null, "operator": null, "tourism": null, "operator_type": null, "amenity": null, "beds": null, "staff_count_doctors": null, "access": null, "staff_count_nurses": null, "health_facility_level": null, "toilets_handwashing": null, "building": null, "name": "RUPBASAN Kelas II", "health_facility_bed": null }, "geometry": { "type": "Point", "coordinates": [ 110.2949827, -7.9106736 ] } },
{ "type": "Feature", "properties": { "osm_id": 10705747221, "osm_type": "nodes", "office": "government", "government": "administrative", "opening_hours": null, "health_facility_type": null, "status": null, "medical_system_western": null, "rooms": null, "toilets_disposal": null, "operator": null, "tourism": null, "operator_type": null, "amenity": null, "beds": null, "staff_count_doctors": null, "access": null, "staff_count_nurses": null, "health_facility_level": null, "toilets_handwashing": null, "building": null, "name": "Kantor Kapanewon Pandak", "health_facility_bed": null }, "geometry": { "type": "Point", "coordinates": [ 110.2973575, -7.9098028 ] } },
{ "type": "Feature", "properties": { "osm_id": 10961472192, "osm_type": "nodes", "office": "government", "government": "administrative", "opening_hours": null, "health_facility_type": null, "status": null, "medical_system_western": null, "rooms": null, "toilets_disposal": null, "operator": null, "tourism": null, "operator_type": null, "amenity": null, "beds": null, "staff_count_doctors": null, "access": null, "staff_count_nurses": null, "health_facility_level": null, "toilets_handwashing": null, "building": null, "name": "Kantor Kalurahan Gilangharjo", "health_facility_bed": null }, "geometry": { "type": "Point", "coordinates": [ 110.3120261, -7.9201031 ] } },
{ "type": "Feature", "properties": { "osm_id": 10961474726, "osm_type": "nodes", "office": "government", "government": "administrative", "opening_hours": null, "health_facility_type": null, "status": null, "medical_system_western": null, "rooms": null, "toilets_disposal": null, "operator": null, "tourism": null, "operator_type": null, "amenity": null, "beds": null, "staff_count_doctors": null, "access": null, "staff_count_nurses": null, "health_facility_level": null, "toilets_handwashing": null, "building": null, "name": "Kantor Kelurahan Wijirejo", "health_facility_bed": null }, "geometry": { "type": "Point", "coordinates": [ 110.2989, -7.9011 ] } },
{ "type": "Feature", "properties": { "osm_id": 10961474820, "osm_type": "nodes", "office": "government", "government": "administrative", "opening_hours": null, "health_facility_type": null, "status": null, "medical_system_western": null, "rooms": null, "toilets_disposal": null, "operator": null, "tourism": null, "operator_type": null, "amenity": null, "beds": null, "staff_count_doctors": null, "access": null, "staff_count_nurses": null, "health_facility_level": null, "toilets_handwashing": null, "building": null, "name": "Kantor Kalurahan Sendangsari", "health_facility_bed": null }, "geometry": { "type": "Point", "coordinates": [ 110.2911, -7.8953 ] } },
{ "type": "Feature", "properties": { "osm_id": 10705747215, "osm_type": "nodes", "office": null, "government": null, "opening_hours": null, "health_facility_type": null, "status": null, "medical_system_western": null, "rooms": null, "toilets_disposal": null, "operator": null, "tourism": null, "operator_type": null, "amenity": "hospital", "beds": null, "staff_count_doctors": null, "access": null, "staff_count_nurses": null, "health_facility_level": null, "toilets_handwashing": null, "building": null, "name": "Rumah Sakit Universitas Islam Indonesia", "health_facility_bed": null }, "geometry": { "type": "Point", "coordinates": [ 110.295898, -7.9091703 ] } },
{ "type": "Feature", "properties": { "osm_id": 10961455224, "osm_type": "nodes", "office": "government", "government": "administrative", "opening_hours": null, "health_facility_type": null, "status": null, "medical_system_western": null, "rooms": null, "toilets_disposal": null, "operator": null, "tourism": null, "operator_type": null, "amenity": null, "beds": null, "staff_count_doctors": null, "access": null, "staff_count_nurses": null, "health_facility_level": null, "toilets_handwashing": null, "building": null, "name": "Kantor Kelurahan Giri Peni", "health_facility_bed": null }, "geometry": { "type": "Point", "coordinates": [ 110.1542, -7.8717 ] } },
{ "type": "Feature", "properties": { "osm_id": 11875198704, "osm_type": "nodes", "office": null, "government": null, "opening_hours": null, "health_facility_type": null, "status": null, "medical_system_western": null, "rooms": null, "toilets_disposal": null, "operator": null, "tourism": null, "operator_type": null, "amenity": "hospital", "beds": null, "staff_count_doctors": null, "access": null, "staff_count_nurses": null, "health_facility_level": null, "toilets_handwashing": null, "building": null, "name": "NMM Konsultan Psikologi Kulon Progo", "health_facility_bed": null }, "geometry": { "type": "Point", "coordinates": [ 110.1742826, -7.8670008 ] } },
{ "type": "Feature", "properties": { "osm_id": 11084765924, "osm_type": "nodes", "office": null, "government": null, "opening_hours": null, "health_facility_type": null, "status": null, "medical_system_western": null, "rooms": null, "toilets_disposal": null, "operator": null, "tourism": "guest_house", "operator_type": null, "amenity": null, "beds": null, "staff_count_doctors": null, "access": null, "staff_count_nurses": null, "health_facility_level": null, "toilets_handwashing": null, "building": null, "name": "Rumah Bu Siwi", "health_facility_bed": null }, "geometry": { "type": "Point", "coordinates": [ 110.1694984, -7.8626497 ] } },
{ "type": "Feature", "properties": { "osm_id": 10961477627, "osm_type": "nodes", "office": "government", "government": "administrative", "opening_hours": null, "health_facility_type": null, "status": null, "medical_system_western": null, "rooms": null, "toilets_disposal": null, "operator": null, "tourism": null, "operator_type": null, "amenity": null, "beds": null, "staff_count_doctors": null, "access": null, "staff_count_nurses": null, "health_facility_level": null, "toilets_handwashing": null, "building": null, "name": "Kantor Kelurahan Blimbing", "health_facility_bed": null }, "geometry": { "type": "Point", "coordinates": [ 110.1560817, -7.7504345 ] } },
{ "type": "Feature", "properties": { "osm_id": 10961471904, "osm_type": "nodes", "office": "government", "government": "administrative", "opening_hours": null, "health_facility_type": null, "status": null, "medical_system_western": null, "rooms": null, "toilets_disposal": null, "operator": null, "tourism": null, "operator_type": null, "amenity": null, "beds": null, "staff_count_doctors": null, "access": null, "staff_count_nurses": null, "health_facility_level": null, "toilets_handwashing": null, "building": null, "name": "Kantor Kelurahan Pendoworejo", "health_facility_bed": null }, "geometry": { "type": "Point", "coordinates": [ 110.1872, -7.7447 ] } },
{ "type": "Feature", "properties": { "osm_id": 10961477641, "osm_type": "nodes", "office": "government", "government": "administrative", "opening_hours": null, "health_facility_type": null, "status": null, "medical_system_western": null, "rooms": null, "toilets_disposal": null, "operator": null, "tourism": null, "operator_type": null, "amenity": null, "beds": null, "staff_count_doctors": null, "access": null, "staff_count_nurses": null, "health_facility_level": null, "toilets_handwashing": null, "building": null, "name": "Kantor Kelurahan Giripurwo", "health_facility_bed": null }, "geometry": { "type": "Point", "coordinates": [ 110.1839, -7.7717 ] } },
{ "type": "Feature", "properties": { "osm_id": 10961472234, "osm_type": "nodes", "office": "government", "government": "administrative", "opening_hours": null, "health_facility_type": null, "status": null, "medical_system_western": null, "rooms": null, "toilets_disposal": null, "operator": null, "tourism": null, "operator_type": null, "amenity": null, "beds": null, "staff_count_doctors": null, "access": null, "staff_count_nurses": null, "health_facility_level": null, "toilets_handwashing": null, "building": null, "name": "Kantor Kalurahan Girirejo", "health_facility_bed": null }, "geometry": { "type": "Point", "coordinates": [ 110.3903412, -7.9267946 ] } },
{ "type": "Feature", "properties": { "osm_id": 10961477972, "osm_type": "nodes", "office": "government", "government": "administrative", "opening_hours": null, "health_facility_type": null, "status": null, "medical_system_western": null, "rooms": null, "toilets_disposal": null, "operator": null, "tourism": null, "operator_type": null, "amenity": null, "beds": null, "staff_count_doctors": null, "access": null, "staff_count_nurses": null, "health_facility_level": null, "toilets_handwashing": null, "building": null, "name": "Kantor Kalurahan Karangtengah", "health_facility_bed": null }, "geometry": { "type": "Point", "coordinates": [ 110.3797, -7.9364 ] } },
{ "type": "Feature", "properties": { "osm_id": 3638678462, "osm_type": "nodes", "office": "government", "government": "administrative", "opening_hours": null, "health_facility_type": null, "status": null, "medical_system_western": null, "rooms": null, "toilets_disposal": null, "operator": null, "tourism": null, "operator_type": null, "amenity": null, "beds": null, "staff_count_doctors": null, "access": null, "staff_count_nurses": null, "health_facility_level": null, "toilets_handwashing": null, "building": null, "name": "Kantor Kapanewon Imogiri", "health_facility_bed": null }, "geometry": { "type": "Point", "coordinates": [ 110.3815393, -7.9208056 ] } },
{ "type": "Feature", "properties": { "osm_id": 10961474768, "osm_type": "nodes", "office": "government", "government": "administrative", "opening_hours": null, "health_facility_type": null, "status": null, "medical_system_western": null, "rooms": null, "toilets_disposal": null, "operator": null, "tourism": null, "operator_type": null, "amenity": null, "beds": null, "staff_count_doctors": null, "access": null, "staff_count_nurses": null, "health_facility_level": null, "toilets_handwashing": null, "building": null, "name": "Kantor Kalurahan Karangtalun", "health_facility_bed": null }, "geometry": { "type": "Point", "coordinates": [ 110.3803, -7.9217 ] } },
{ "type": "Feature", "properties": { "osm_id": 10961474005, "osm_type": "nodes", "office": "government", "government": "administrative", "opening_hours": null, "health_facility_type": null, "status": null, "medical_system_western": null, "rooms": null, "toilets_disposal": null, "operator": null, "tourism": null, "operator_type": null, "amenity": null, "beds": null, "staff_count_doctors": null, "access": null, "staff_count_nurses": null, "health_facility_level": null, "toilets_handwashing": null, "building": null, "name": "Kantor Kalurahan Jagalan", "health_facility_bed": null }, "geometry": { "type": "Point", "coordinates": [ 110.3953, -7.8275 ] } },
{ "type": "Feature", "properties": { "osm_id": 10961474323, "osm_type": "nodes", "office": "government", "government": "administrative", "opening_hours": null, "health_facility_type": null, "status": null, "medical_system_western": null, "rooms": null, "toilets_disposal": null, "operator": null, "tourism": null, "operator_type": null, "amenity": null, "beds": null, "staff_count_doctors": null, "access": null, "staff_count_nurses": null, "health_facility_level": null, "toilets_handwashing": null, "building": null, "name": "Kantor Kelurahan Giwangan", "health_facility_bed": null }, "geometry": { "type": "Point", "coordinates": [ 110.3866, -7.8256 ] } },
{ "type": "Feature", "properties": { "osm_id": 4936351521, "osm_type": "nodes", "office": null, "government": null, "opening_hours": null, "health_facility_type": null, "status": null, "medical_system_western": null, "rooms": null, "toilets_disposal": null, "operator": null, "tourism": "hotel", "operator_type": null, "amenity": null, "beds": null, "staff_count_doctors": null, "access": null, "staff_count_nurses": null, "health_facility_level": null, "toilets_handwashing": null, "building": null, "name": "Dewaruci 2 hotel", "health_facility_bed": null }, "geometry": { "type": "Point", "coordinates": [ 110.3898757, -7.8283706 ] } },
{ "type": "Feature", "properties": { "osm_id": 10961473612, "osm_type": "nodes", "office": "government", "government": "administrative", "opening_hours": null, "health_facility_type": null, "status": null, "medical_system_western": null, "rooms": null, "toilets_disposal": null, "operator": null, "tourism": null, "operator_type": null, "amenity": null, "beds": null, "staff_count_doctors": null, "access": null, "staff_count_nurses": null, "health_facility_level": null, "toilets_handwashing": null, "building": null, "name": "Kantor Kelurahan Glagah", "health_facility_bed": null }, "geometry": { "type": "Point", "coordinates": [ 110.0731, -7.9031 ] } },
{ "type": "Feature", "properties": { "osm_id": 10961476147, "osm_type": "nodes", "office": "government", "government": "administrative", "opening_hours": null, "health_facility_type": null, "status": null, "medical_system_western": null, "rooms": null, "toilets_disposal": null, "operator": null, "tourism": null, "operator_type": null, "amenity": null, "beds": null, "staff_count_doctors": null, "access": null, "staff_count_nurses": null, "health_facility_level": null, "toilets_handwashing": null, "building": null, "name": "Kantor Kelurahan Kali Dengen", "health_facility_bed": null }, "geometry": { "type": "Point", "coordinates": [ 110.0806, -7.8925 ] } },
{ "type": "Feature", "properties": { "osm_id": 10961479113, "osm_type": "nodes", "office": "government", "government": "administrative", "opening_hours": null, "health_facility_type": null, "status": null, "medical_system_western": null, "rooms": null, "toilets_disposal": null, "operator": null, "tourism": null, "operator_type": null, "amenity": null, "beds": null, "staff_count_doctors": null, "access": null, "staff_count_nurses": null, "health_facility_level": null, "toilets_handwashing": null, "building": null, "name": "Kantor Kelurahan Gotakan", "health_facility_bed": null }, "geometry": { "type": "Point", "coordinates": [ 110.1617, -7.8969 ] } },
{ "type": "Feature", "properties": { "osm_id": 7846239505, "osm_type": "nodes", "office": null, "government": null, "opening_hours": null, "health_facility_type": null, "status": null, "medical_system_western": null, "rooms": null, "toilets_disposal": null, "operator": null, "tourism": "hotel", "operator_type": null, "amenity": null, "beds": null, "staff_count_doctors": null, "access": null, "staff_count_nurses": null, "health_facility_level": null, "toilets_handwashing": null, "building": null, "name": "Hotel Graha Kinasih", "health_facility_bed": null }, "geometry": { "type": "Point", "coordinates": [ 110.3706366, -7.7872569 ] } },
{ "type": "Feature", "properties": { "osm_id": 7846239503, "osm_type": "nodes", "office": null, "government": null, "opening_hours": null, "health_facility_type": null, "status": null, "medical_system_western": null, "rooms": null, "toilets_disposal": null, "operator": null, "tourism": "hotel", "operator_type": null, "amenity": null, "beds": null, "staff_count_doctors": null, "access": null, "staff_count_nurses": null, "health_facility_level": null, "toilets_handwashing": null, "building": null, "name": "Fave Hotel", "health_facility_bed": null }, "geometry": { "type": "Point", "coordinates": [ 110.3699615, -7.7855389 ] } },
{ "type": "Feature", "properties": { "osm_id": 3557258190, "osm_type": "nodes", "office": null, "government": null, "opening_hours": null, "health_facility_type": null, "status": null, "medical_system_western": null, "rooms": null, "toilets_disposal": null, "operator": null, "tourism": "hotel", "operator_type": null, "amenity": null, "beds": null, "staff_count_doctors": null, "access": null, "staff_count_nurses": null, "health_facility_level": null, "toilets_handwashing": null, "building": null, "name": "The 101", "health_facility_bed": null }, "geometry": { "type": "Point", "coordinates": [ 110.3665757, -7.7843537 ] } },
{ "type": "Feature", "properties": { "osm_id": 4438722097, "osm_type": "nodes", "office": null, "government": null, "opening_hours": null, "health_facility_type": null, "status": null, "medical_system_western": null, "rooms": null, "toilets_disposal": null, "operator": null, "tourism": "guest_house", "operator_type": null, "amenity": null, "beds": null, "staff_count_doctors": null, "access": null, "staff_count_nurses": null, "health_facility_level": null, "toilets_handwashing": null, "building": null, "name": "Hotel Sekar Ayu", "health_facility_bed": null }, "geometry": { "type": "Point", "coordinates": [ 110.3709409, -7.7889685 ] } },
{ "type": "Feature", "properties": { "osm_id": 492167658, "osm_type": "nodes", "office": null, "government": null, "opening_hours": null, "health_facility_type": null, "status": null, "medical_system_western": null, "rooms": null, "toilets_disposal": null, "operator": null, "tourism": "hotel", "operator_type": null, "amenity": null, "beds": null, "staff_count_doctors": null, "access": null, "staff_count_nurses": null, "health_facility_level": null, "toilets_handwashing": null, "building": null, "name": "Griya Sentana", "health_facility_bed": null }, "geometry": { "type": "Point", "coordinates": [ 110.363624, -7.7853525 ] } },
{ "type": "Feature", "properties": { "osm_id": 9821664235, "osm_type": "nodes", "office": null, "government": null, "opening_hours": null, "health_facility_type": null, "status": null, "medical_system_western": null, "rooms": null, "toilets_disposal": null, "operator": null, "tourism": "hotel", "operator_type": null, "amenity": null, "beds": null, "staff_count_doctors": null, "access": null, "staff_count_nurses": null, "health_facility_level": null, "toilets_handwashing": null, "building": null, "name": "Grand Senyum Hotel", "health_facility_bed": null }, "geometry": { "type": "Point", "coordinates": [ 110.3653251, -7.783137 ] } },
{ "type": "Feature", "properties": { "osm_id": 9184084958, "osm_type": "nodes", "office": "government", "government": "education", "opening_hours": null, "health_facility_type": null, "status": null, "medical_system_western": null, "rooms": null, "toilets_disposal": null, "operator": null, "tourism": null, "operator_type": null, "amenity": null, "beds": null, "staff_count_doctors": null, "access": null, "staff_count_nurses": null, "health_facility_level": null, "toilets_handwashing": null, "building": null, "name": "Balai Bahasa", "health_facility_bed": null }, "geometry": { "type": "Point", "coordinates": [ 110.3708525, -7.7847897 ] } },
{ "type": "Feature", "properties": { "osm_id": 11674437504, "osm_type": "nodes", "office": null, "government": null, "opening_hours": null, "health_facility_type": null, "status": null, "medical_system_western": null, "rooms": "94", "toilets_disposal": null, "operator": null, "tourism": "hotel", "operator_type": null, "amenity": null, "beds": null, "staff_count_doctors": null, "access": null, "staff_count_nurses": null, "health_facility_level": null, "toilets_handwashing": null, "building": null, "name": "Riss Hotel Malioboro", "health_facility_bed": null }, "geometry": { "type": "Point", "coordinates": [ 110.3644211, -7.7874823 ] } },
{ "type": "Feature", "properties": { "osm_id": 3557258188, "osm_type": "nodes", "office": null, "government": null, "opening_hours": null, "health_facility_type": null, "status": null, "medical_system_western": null, "rooms": null, "toilets_disposal": null, "operator": null, "tourism": "hotel", "operator_type": null, "amenity": null, "beds": null, "staff_count_doctors": null, "access": null, "staff_count_nurses": null, "health_facility_level": null, "toilets_handwashing": null, "building": null, "name": "Hotel Kombokarno Utama", "health_facility_bed": null }, "geometry": { "type": "Point", "coordinates": [ 110.3671107, -7.7838761 ] } },
{ "type": "Feature", "properties": { "osm_id": 7178810187, "osm_type": "nodes", "office": null, "government": null, "opening_hours": null, "health_facility_type": null, "status": null, "medical_system_western": null, "rooms": null, "toilets_disposal": null, "operator": null, "tourism": "hotel", "operator_type": null, "amenity": null, "beds": null, "staff_count_doctors": null, "access": null, "staff_count_nurses": null, "health_facility_level": null, "toilets_handwashing": null, "building": null, "name": "Hostel White Paal", "health_facility_bed": null }, "geometry": { "type": "Point", "coordinates": [ 110.365171, -7.7830869 ] } },
{ "type": "Feature", "properties": { "osm_id": 11461795249, "osm_type": "nodes", "office": "government", "government": null, "opening_hours": "Mo-Fr 07:10-16:15", "health_facility_type": null, "status": null, "medical_system_western": null, "rooms": null, "toilets_disposal": null, "operator": null, "tourism": null, "operator_type": null, "amenity": null, "beds": null, "staff_count_doctors": null, "access": null, "staff_count_nurses": null, "health_facility_level": null, "toilets_handwashing": null, "building": null, "name": "Otoritas Jasa Keuangan", "health_facility_bed": null }, "geometry": { "type": "Point", "coordinates": [ 110.3687325, -7.7833287 ] } },
{ "type": "Feature", "properties": { "osm_id": 10961478623, "osm_type": "nodes", "office": "government", "government": "administrative", "opening_hours": null, "health_facility_type": null, "status": null, "medical_system_western": null, "rooms": null, "toilets_disposal": null, "operator": null, "tourism": null, "operator_type": null, "amenity": null, "beds": null, "staff_count_doctors": null, "access": null, "staff_count_nurses": null, "health_facility_level": null, "toilets_handwashing": null, "building": null, "name": "Kantor Kelurahan Gowongan", "health_facility_bed": null }, "geometry": { "type": "Point", "coordinates": [ 110.3651, -7.7848 ] } },
{ "type": "Feature", "properties": { "osm_id": 10961473231, "osm_type": "nodes", "office": "government", "government": "administrative", "opening_hours": null, "health_facility_type": null, "status": null, "medical_system_western": null, "rooms": null, "toilets_disposal": null, "operator": null, "tourism": null, "operator_type": null, "amenity": null, "beds": null, "staff_count_doctors": null, "access": null, "staff_count_nurses": null, "health_facility_level": null, "toilets_handwashing": null, "building": null, "name": "Kantor Kelurahan Sidorejo", "health_facility_bed": null }, "geometry": { "type": "Point", "coordinates": [ 110.245, -7.9247 ] } },
{ "type": "Feature", "properties": { "osm_id": 10961475632, "osm_type": "nodes", "office": "government", "government": "administrative", "opening_hours": null, "health_facility_type": null, "status": null, "medical_system_western": null, "rooms": null, "toilets_disposal": null, "operator": null, "tourism": null, "operator_type": null, "amenity": null, "beds": null, "staff_count_doctors": null, "access": null, "staff_count_nurses": null, "health_facility_level": null, "toilets_handwashing": null, "building": null, "name": "Kantor Kelurahan Gulurejo", "health_facility_bed": null }, "geometry": { "type": "Point", "coordinates": [ 110.2625, -7.9119 ] } },
{ "type": "Feature", "properties": { "osm_id": 10961478165, "osm_type": "nodes", "office": "government", "government": "administrative", "opening_hours": null, "health_facility_type": null, "status": null, "medical_system_western": null, "rooms": null, "toilets_disposal": null, "operator": null, "tourism": null, "operator_type": null, "amenity": null, "beds": null, "staff_count_doctors": null, "access": null, "staff_count_nurses": null, "health_facility_level": null, "toilets_handwashing": null, "building": null, "name": "Kantor Kelurahan Ngentakrejo", "health_facility_bed": null }, "geometry": { "type": "Point", "coordinates": [ 110.265, -7.9028 ] } },
{ "type": "Feature", "properties": { "osm_id": 6357867635, "osm_type": "nodes", "office": "government", "government": "yes", "opening_hours": null, "health_facility_type": null, "status": null, "medical_system_western": null, "rooms": null, "toilets_disposal": null, "operator": null, "tourism": null, "operator_type": null, "amenity": null, "beds": null, "staff_count_doctors": null, "access": null, "staff_count_nurses": null, "health_facility_level": null, "toilets_handwashing": null, "building": null, "name": "Kepala RW", "health_facility_bed": null }, "geometry": { "type": "Point", "coordinates": [ 110.3782306, -7.7985247 ] } },
{ "type": "Feature", "properties": { "osm_id": 10961471935, "osm_type": "nodes", "office": "government", "government": "administrative", "opening_hours": null, "health_facility_type": null, "status": null, "medical_system_western": null, "rooms": null, "toilets_disposal": null, "operator": null, "tourism": null, "operator_type": null, "amenity": null, "beds": null, "staff_count_doctors": null, "access": null, "staff_count_nurses": null, "health_facility_level": null, "toilets_handwashing": null, "building": null, "name": "Kantor Kelurahan Purwokinanti", "health_facility_bed": null }, "geometry": { "type": "Point", "coordinates": [ 110.375135, -7.7991769 ] } },
{ "type": "Feature", "properties": { "osm_id": 10961474469, "osm_type": "nodes", "office": "government", "government": "administrative", "opening_hours": null, "health_facility_type": null, "status": null, "medical_system_western": null, "rooms": null, "toilets_disposal": null, "operator": null, "tourism": null, "operator_type": null, "amenity": null, "beds": null, "staff_count_doctors": null, "access": null, "staff_count_nurses": null, "health_facility_level": null, "toilets_handwashing": null, "building": null, "name": "Kantor Kelurahan Gunungketur", "health_facility_bed": null }, "geometry": { "type": "Point", "coordinates": [ 110.3778253, -7.8012784 ] } },
{ "type": "Feature", "properties": { "osm_id": 13159268930, "osm_type": "nodes", "office": "government", "government": "administrative", "opening_hours": null, "health_facility_type": null, "status": null, "medical_system_western": null, "rooms": null, "toilets_disposal": null, "operator": null, "tourism": null, "operator_type": null, "amenity": null, "beds": null, "staff_count_doctors": null, "access": null, "staff_count_nurses": null, "health_facility_level": null, "toilets_handwashing": null, "building": null, "name": "Kantor Kemantren Pakualaman", "health_facility_bed": null }, "geometry": { "type": "Point", "coordinates": [ 110.3776889, -7.7994079 ] } },
{ "type": "Feature", "properties": { "osm_id": 4278281582, "osm_type": "nodes", "office": null, "government": null, "opening_hours": null, "health_facility_type": null, "status": null, "medical_system_western": null, "rooms": null, "toilets_disposal": null, "operator": null, "tourism": "hotel", "operator_type": null, "amenity": null, "beds": null, "staff_count_doctors": null, "access": null, "staff_count_nurses": null, "health_facility_level": null, "toilets_handwashing": null, "building": null, "name": "Hotel Panorama", "health_facility_bed": null }, "geometry": { "type": "Point", "coordinates": [ 110.3787707, -7.8020279 ] } },
{ "type": "Feature", "properties": { "osm_id": 3631002660, "osm_type": "nodes", "office": "government", "government": null, "opening_hours": null, "health_facility_type": null, "status": null, "medical_system_western": null, "rooms": null, "toilets_disposal": null, "operator": null, "tourism": null, "operator_type": null, "amenity": null, "beds": null, "staff_count_doctors": null, "access": null, "staff_count_nurses": null, "health_facility_level": null, "toilets_handwashing": null, "building": null, "name": "Dinas SDA Bantul", "health_facility_bed": null }, "geometry": { "type": "Point", "coordinates": [ 110.3174872, -7.8898295 ] } },
{ "type": "Feature", "properties": { "osm_id": 10961474912, "osm_type": "nodes", "office": "government", "government": "administrative", "opening_hours": null, "health_facility_type": null, "status": null, "medical_system_western": null, "rooms": null, "toilets_disposal": null, "operator": null, "tourism": null, "operator_type": null, "amenity": null, "beds": null, "staff_count_doctors": null, "access": null, "staff_count_nurses": null, "health_facility_level": null, "toilets_handwashing": null, "building": null, "name": "Kantor Kalurahan Ringinharjo", "health_facility_bed": null }, "geometry": { "type": "Point", "coordinates": [ 110.3183, -7.8856 ] } },
{ "type": "Feature", "properties": { "osm_id": 10961477352, "osm_type": "nodes", "office": "government", "government": "administrative", "opening_hours": null, "health_facility_type": null, "status": null, "medical_system_western": null, "rooms": null, "toilets_disposal": null, "operator": null, "tourism": null, "operator_type": null, "amenity": null, "beds": null, "staff_count_doctors": null, "access": null, "staff_count_nurses": null, "health_facility_level": null, "toilets_handwashing": null, "building": null, "name": "Kantor Kalurahan Guwosari", "health_facility_bed": null }, "geometry": { "type": "Point", "coordinates": [ 110.3091839, -7.881015 ] } },
{ "type": "Feature", "properties": { "osm_id": 10961478299, "osm_type": "nodes", "office": "government", "government": "administrative", "opening_hours": null, "health_facility_type": null, "status": null, "medical_system_western": null, "rooms": null, "toilets_disposal": null, "operator": null, "tourism": null, "operator_type": null, "amenity": null, "beds": null, "staff_count_doctors": null, "access": null, "staff_count_nurses": null, "health_facility_level": null, "toilets_handwashing": null, "building": null, "name": "Kantor Kelurahan Karang Wuluh", "health_facility_bed": null }, "geometry": { "type": "Point", "coordinates": [ 110.0583, -7.8725 ] } },
{ "type": "Feature", "properties": { "osm_id": 10961478980, "osm_type": "nodes", "office": "government", "government": "administrative", "opening_hours": null, "health_facility_type": null, "status": null, "medical_system_western": null, "rooms": null, "toilets_disposal": null, "operator": null, "tourism": null, "operator_type": null, "amenity": null, "beds": null, "staff_count_doctors": null, "access": null, "staff_count_nurses": null, "health_facility_level": null, "toilets_handwashing": null, "building": null, "name": "Kantor Kelurahan Hargomulyo", "health_facility_bed": null }, "geometry": { "type": "Point", "coordinates": [ 110.0612422, -7.8685854 ] } },
{ "type": "Feature", "properties": { "osm_id": 10961473242, "osm_type": "nodes", "office": "government", "government": "administrative", "opening_hours": null, "health_facility_type": null, "status": null, "medical_system_western": null, "rooms": null, "toilets_disposal": null, "operator": null, "tourism": null, "operator_type": null, "amenity": null, "beds": null, "staff_count_doctors": null, "access": null, "staff_count_nurses": null, "health_facility_level": null, "toilets_handwashing": null, "building": null, "name": "Kantor Kelurahan Hargorejo", "health_facility_bed": null }, "geometry": { "type": "Point", "coordinates": [ 110.1108, -7.87 ] } },
{ "type": "Feature", "properties": { "osm_id": 10961478010, "osm_type": "nodes", "office": "government", "government": "administrative", "opening_hours": null, "health_facility_type": null, "status": null, "medical_system_western": null, "rooms": null, "toilets_disposal": null, "operator": null, "tourism": null, "operator_type": null, "amenity": null, "beds": null, "staff_count_doctors": null, "access": null, "staff_count_nurses": null, "health_facility_level": null, "toilets_handwashing": null, "building": null, "name": "Kantor Kelurahan Kulur", "health_facility_bed": null }, "geometry": { "type": "Point", "coordinates": [ 110.1025, -7.8736 ] } },
{ "type": "Feature", "properties": { "osm_id": 10961475777, "osm_type": "nodes", "office": "government", "government": "administrative", "opening_hours": null, "health_facility_type": null, "status": null, "medical_system_western": null, "rooms": null, "toilets_disposal": null, "operator": null, "tourism": null, "operator_type": null, "amenity": null, "beds": null, "staff_count_doctors": null, "access": null, "staff_count_nurses": null, "health_facility_level": null, "toilets_handwashing": null, "building": null, "name": "Kantor Kelurahan Hargowilis", "health_facility_bed": null }, "geometry": { "type": "Point", "coordinates": [ 110.1165824, -7.8174366 ] } },
{ "type": "Feature", "properties": { "osm_id": 10961472573, "osm_type": "nodes", "office": "government", "government": "administrative", "opening_hours": null, "health_facility_type": null, "status": null, "medical_system_western": null, "rooms": null, "toilets_disposal": null, "operator": null, "tourism": null, "operator_type": null, "amenity": null, "beds": null, "staff_count_doctors": null, "access": null, "staff_count_nurses": null, "health_facility_level": null, "toilets_handwashing": null, "building": null, "name": "Kantor Kelurahan Hargotirto", "health_facility_bed": null }, "geometry": { "type": "Point", "coordinates": [ 110.1083, -7.8097 ] } },
{ "type": "Feature", "properties": { "osm_id": 10961477301, "osm_type": "nodes", "office": "government", "government": "administrative", "opening_hours": null, "health_facility_type": null, "status": null, "medical_system_western": null, "rooms": null, "toilets_disposal": null, "operator": null, "tourism": null, "operator_type": null, "amenity": null, "beds": null, "staff_count_doctors": null, "access": null, "staff_count_nurses": null, "health_facility_level": null, "toilets_handwashing": null, "building": null, "name": "Kantor Kalurahan Imogiri", "health_facility_bed": null }, "geometry": { "type": "Point", "coordinates": [ 110.3822, -7.9183 ] } },
{ "type": "Feature", "properties": { "osm_id": 3724392322, "osm_type": "nodes", "office": null, "government": null, "opening_hours": null, "health_facility_type": null, "status": null, "medical_system_western": null, "rooms": null, "toilets_disposal": null, "operator": null, "tourism": null, "operator_type": null, "amenity": "hospital", "beds": null, "staff_count_doctors": null, "access": null, "staff_count_nurses": null, "health_facility_level": null, "toilets_handwashing": null, "building": null, "name": "RS Rajawali Citra", "health_facility_bed": null }, "geometry": { "type": "Point", "coordinates": [ 110.4102422, -7.8483302 ] } },
{ "type": "Feature", "properties": { "osm_id": 13159375606, "osm_type": "nodes", "office": "government", "government": "administrative", "opening_hours": null, "health_facility_type": null, "status": null, "medical_system_western": null, "rooms": null, "toilets_disposal": null, "operator": null, "tourism": null, "operator_type": null, "amenity": null, "beds": null, "staff_count_doctors": null, "access": null, "staff_count_nurses": null, "health_facility_level": null, "toilets_handwashing": null, "building": null, "name": "Kantor Kalurahan Jambidan", "health_facility_bed": null }, "geometry": { "type": "Point", "coordinates": [ 110.4103675, -7.8515385 ] } },
{ "type": "Feature", "properties": { "osm_id": 10961474282, "osm_type": "nodes", "office": "government", "government": "administrative", "opening_hours": null, "health_facility_type": null, "status": null, "medical_system_western": null, "rooms": null, "toilets_disposal": null, "operator": null, "tourism": null, "operator_type": null, "amenity": null, "beds": null, "staff_count_doctors": null, "access": null, "staff_count_nurses": null, "health_facility_level": null, "toilets_handwashing": null, "building": null, "name": "Kantor Kelurahan Jangkaran", "health_facility_bed": null }, "geometry": { "type": "Point", "coordinates": [ 110.0400087, -7.8849156 ] } },
{ "type": "Feature", "properties": { "osm_id": 10961475767, "osm_type": "nodes", "office": "government", "government": "administrative", "opening_hours": null, "health_facility_type": null, "status": null, "medical_system_western": null, "rooms": null, "toilets_disposal": null, "operator": null, "tourism": null, "operator_type": null, "amenity": null, "beds": null, "staff_count_doctors": null, "access": null, "staff_count_nurses": null, "health_facility_level": null, "toilets_handwashing": null, "building": null, "name": "Kantor Kelurahan Janten", "health_facility_bed": null }, "geometry": { "type": "Point", "coordinates": [ 110.0622, -7.8758 ] } },
{ "type": "Feature", "properties": { "osm_id": 10961475108, "osm_type": "nodes", "office": "government", "government": "administrative", "opening_hours": null, "health_facility_type": null, "status": null, "medical_system_western": null, "rooms": null, "toilets_disposal": null, "operator": null, "tourism": null, "operator_type": null, "amenity": null, "beds": null, "staff_count_doctors": null, "access": null, "staff_count_nurses": null, "health_facility_level": null, "toilets_handwashing": null, "building": null, "name": "Kantor Kelurahan Jatimulyo", "health_facility_bed": null }, "geometry": { "type": "Point", "coordinates": [ 110.1231, -7.7528 ] } },
{ "type": "Feature", "properties": { "osm_id": 3377375693, "osm_type": "nodes", "office": null, "government": null, "opening_hours": null, "health_facility_type": null, "status": null, "medical_system_western": null, "rooms": null, "toilets_disposal": null, "operator": null, "tourism": null, "operator_type": null, "amenity": "hospital", "beds": null, "staff_count_doctors": null, "access": null, "staff_count_nurses": null, "health_facility_level": null, "toilets_handwashing": null, "building": null, "name": "Puskesmas Girimulyo 2", "health_facility_bed": null }, "geometry": { "type": "Point", "coordinates": [ 110.1459484, -7.7442477 ] } },
{ "type": "Feature", "properties": { "osm_id": 13176387832, "osm_type": "nodes", "office": "government", "government": "administrative", "opening_hours": null, "health_facility_type": null, "status": null, "medical_system_western": null, "rooms": null, "toilets_disposal": null, "operator": null, "tourism": null, "operator_type": null, "amenity": null, "beds": null, "staff_count_doctors": null, "access": null, "staff_count_nurses": null, "health_facility_level": null, "toilets_handwashing": null, "building": null, "name": "Kantor Kalurahan Jatimulyo", "health_facility_bed": null }, "geometry": { "type": "Point", "coordinates": [ 110.4881274, -7.9043241 ] } },
{ "type": "Feature", "properties": { "osm_id": 10961478969, "osm_type": "nodes", "office": "government", "government": "administrative", "opening_hours": null, "health_facility_type": null, "status": null, "medical_system_western": null, "rooms": null, "toilets_disposal": null, "operator": null, "tourism": null, "operator_type": null, "amenity": null, "beds": null, "staff_count_doctors": null, "access": null, "staff_count_nurses": null, "health_facility_level": null, "toilets_handwashing": null, "building": null, "name": "Kantor Kelurahan Jatirejo", "health_facility_bed": null }, "geometry": { "type": "Point", "coordinates": [ 110.2308, -7.9303 ] } },
{ "type": "Feature", "properties": { "osm_id": 10961473097, "osm_type": "nodes", "office": "government", "government": "administrative", "opening_hours": null, "health_facility_type": null, "status": null, "medical_system_western": null, "rooms": null, "toilets_disposal": null, "operator": null, "tourism": null, "operator_type": null, "amenity": null, "beds": null, "staff_count_doctors": null, "access": null, "staff_count_nurses": null, "health_facility_level": null, "toilets_handwashing": null, "building": null, "name": "Kantor Kelurahan Kembang", "health_facility_bed": null }, "geometry": { "type": "Point", "coordinates": [ 110.2081, -7.7528 ] } },
{ "type": "Feature", "properties": { "osm_id": 10961478836, "osm_type": "nodes", "office": "government", "government": "administrative", "opening_hours": null, "health_facility_type": null, "status": null, "medical_system_western": null, "rooms": null, "toilets_disposal": null, "operator": null, "tourism": null, "operator_type": null, "amenity": null, "beds": null, "staff_count_doctors": null, "access": null, "staff_count_nurses": null, "health_facility_level": null, "toilets_handwashing": null, "building": null, "name": "Kantor Kelurahan Jati Sarono", "health_facility_bed": null }, "geometry": { "type": "Point", "coordinates": [ 110.2103, -7.7608 ] } },
{ "type": "Feature", "properties": { "osm_id": 13666888628, "osm_type": "nodes", "office": null, "government": null, "opening_hours": null, "health_facility_type": null, "status": null, "medical_system_western": null, "rooms": null, "toilets_disposal": null, "operator": null, "tourism": null, "operator_type": null, "amenity": "hospital", "beds": null, "staff_count_doctors": null, "access": null, "staff_count_nurses": null, "health_facility_level": null, "toilets_handwashing": null, "building": null, "name": "RS PKU Muhamadiyah Nanggulan", "health_facility_bed": null }, "geometry": { "type": "Point", "coordinates": [ 110.2128813, -7.7539435 ] } },
{ "type": "Feature", "properties": { "osm_id": 11791998169, "osm_type": "nodes", "office": null, "government": null, "opening_hours": null, "health_facility_type": null, "status": null, "medical_system_western": null, "rooms": null, "toilets_disposal": null, "operator": null, "tourism": "hotel", "operator_type": null, "amenity": null, "beds": null, "staff_count_doctors": null, "access": null, "staff_count_nurses": null, "health_facility_level": null, "toilets_handwashing": null, "building": null, "name": "BSH (Bu Sud's House)", "health_facility_bed": null }, "geometry": { "type": "Point", "coordinates": [ 110.3607985, -7.8068062 ] } },
{ "type": "Feature", "properties": { "osm_id": 9835473201, "osm_type": "nodes", "office": null, "government": null, "opening_hours": null, "health_facility_type": null, "status": null, "medical_system_western": null, "rooms": null, "toilets_disposal": null, "operator": null, "tourism": "hotel", "operator_type": null, "amenity": null, "beds": null, "staff_count_doctors": null, "access": null, "staff_count_nurses": null, "health_facility_level": null, "toilets_handwashing": null, "building": null, "name": "Hotel Novatel", "health_facility_bed": null }, "geometry": { "type": "Point", "coordinates": [ 110.3562836, -7.8052424 ] } },
{ "type": "Feature", "properties": { "osm_id": 4564998322, "osm_type": "nodes", "office": null, "government": null, "opening_hours": null, "health_facility_type": null, "status": null, "medical_system_western": null, "rooms": null, "toilets_disposal": null, "operator": null, "tourism": "hostel", "operator_type": null, "amenity": null, "beds": null, "staff_count_doctors": null, "access": null, "staff_count_nurses": null, "health_facility_level": null, "toilets_handwashing": null, "building": null, "name": null, "health_facility_bed": null }, "geometry": { "type": "Point", "coordinates": [ 110.3595283, -7.80924 ] } },
{ "type": "Feature", "properties": { "osm_id": 7117116848, "osm_type": "nodes", "office": null, "government": null, "opening_hours": null, "health_facility_type": null, "status": null, "medical_system_western": null, "rooms": null, "toilets_disposal": null, "operator": null, "tourism": "guest_house", "operator_type": null, "amenity": null, "beds": null, "staff_count_doctors": null, "access": null, "staff_count_nurses": null, "health_facility_level": null, "toilets_handwashing": null, "building": null, "name": "Omah Konco Homestay", "health_facility_bed": null }, "geometry": { "type": "Point", "coordinates": [ 110.3626741, -7.8088496 ] } },
{ "type": "Feature", "properties": { "osm_id": 10961473799, "osm_type": "nodes", "office": "government", "government": "administrative", "opening_hours": null, "health_facility_type": null, "status": null, "medical_system_western": null, "rooms": null, "toilets_disposal": null, "operator": null, "tourism": null, "operator_type": null, "amenity": null, "beds": null, "staff_count_doctors": null, "access": null, "staff_count_nurses": null, "health_facility_level": null, "toilets_handwashing": null, "building": null, "name": "Kantor Kelurahan Notoprajan", "health_facility_bed": null }, "geometry": { "type": "Point", "coordinates": [ 110.3560027, -7.8046462 ] } },
{ "type": "Feature", "properties": { "osm_id": 10961479103, "osm_type": "nodes", "office": "government", "government": "administrative", "opening_hours": null, "health_facility_type": null, "status": null, "medical_system_western": null, "rooms": null, "toilets_disposal": null, "operator": null, "tourism": null, "operator_type": null, "amenity": null, "beds": null, "staff_count_doctors": null, "access": null, "staff_count_nurses": null, "health_facility_level": null, "toilets_handwashing": null, "building": null, "name": "Kantor Kelurahan Kadipaten", "health_facility_bed": null }, "geometry": { "type": "Point", "coordinates": [ 110.357809, -7.808061 ] } },
{ "type": "Feature", "properties": { "osm_id": 13159268929, "osm_type": "nodes", "office": "government", "government": "administrative", "opening_hours": null, "health_facility_type": null, "status": null, "medical_system_western": null, "rooms": null, "toilets_disposal": null, "operator": null, "tourism": null, "operator_type": null, "amenity": null, "beds": null, "staff_count_doctors": null, "access": null, "staff_count_nurses": null, "health_facility_level": null, "toilets_handwashing": null, "building": null, "name": "Kantor Kemantren Ngampilan", "health_facility_bed": null }, "geometry": { "type": "Point", "coordinates": [ 110.3559245, -7.8062206 ] } },
{ "type": "Feature", "properties": { "osm_id": 13093806879, "osm_type": "nodes", "office": "government", "government": "administrative", "opening_hours": null, "health_facility_type": null, "status": null, "medical_system_western": null, "rooms": null, "toilets_disposal": null, "operator": null, "tourism": null, "operator_type": null, "amenity": null, "beds": null, "staff_count_doctors": null, "access": null, "staff_count_nurses": null, "health_facility_level": null, "toilets_handwashing": null, "building": null, "name": "Kantor Kemantren Kraton", "health_facility_bed": null }, "geometry": { "type": "Point", "coordinates": [ 110.3628918, -7.805915 ] } },
{ "type": "Feature", "properties": { "osm_id": 10961476827, "osm_type": "nodes", "office": "government", "government": "administrative", "opening_hours": null, "health_facility_type": null, "status": null, "medical_system_western": null, "rooms": null, "toilets_disposal": null, "operator": null, "tourism": null, "operator_type": null, "amenity": null, "beds": null, "staff_count_doctors": null, "access": null, "staff_count_nurses": null, "health_facility_level": null, "toilets_handwashing": null, "building": null, "name": "Kantor Kelurahan Kaliagung", "health_facility_bed": null }, "geometry": { "type": "Point", "coordinates": [ 110.2033, -7.8303 ] } },
{ "type": "Feature", "properties": { "osm_id": 10961472274, "osm_type": "nodes", "office": "government", "government": "administrative", "opening_hours": null, "health_facility_type": null, "status": null, "medical_system_western": null, "rooms": null, "toilets_disposal": null, "operator": null, "tourism": null, "operator_type": null, "amenity": null, "beds": null, "staff_count_doctors": null, "access": null, "staff_count_nurses": null, "health_facility_level": null, "toilets_handwashing": null, "building": null, "name": "Kantor Kelurahan Kaligintung", "health_facility_bed": null }, "geometry": { "type": "Point", "coordinates": [ 110.0861, -7.8817 ] } },
{ "type": "Feature", "properties": { "osm_id": 10961478311, "osm_type": "nodes", "office": "government", "government": "administrative", "opening_hours": null, "health_facility_type": null, "status": null, "medical_system_western": null, "rooms": null, "toilets_disposal": null, "operator": null, "tourism": null, "operator_type": null, "amenity": null, "beds": null, "staff_count_doctors": null, "access": null, "staff_count_nurses": null, "health_facility_level": null, "toilets_handwashing": null, "building": null, "name": "Kantor Kelurahan Kalirejo", "health_facility_bed": null }, "geometry": { "type": "Point", "coordinates": [ 110.0825532, -7.8281406 ] } },
{ "type": "Feature", "properties": { "osm_id": 6612977386, "osm_type": "nodes", "office": "government", "government": null, "opening_hours": null, "health_facility_type": null, "status": null, "medical_system_western": null, "rooms": null, "toilets_disposal": null, "operator": null, "tourism": null, "operator_type": null, "amenity": null, "beds": null, "staff_count_doctors": null, "access": null, "staff_count_nurses": null, "health_facility_level": null, "toilets_handwashing": null, "building": null, "name": "UPT Pengujian Kendaraan Bermotor Dishub Kulon Progo", "health_facility_bed": null }, "geometry": { "type": "Point", "coordinates": [ 110.1383973, -7.8706911 ] } },
{ "type": "Feature", "properties": { "osm_id": 10961478692, "osm_type": "nodes", "office": "government", "government": "administrative", "opening_hours": null, "health_facility_type": null, "status": null, "medical_system_western": null, "rooms": null, "toilets_disposal": null, "operator": null, "tourism": null, "operator_type": null, "amenity": null, "beds": null, "staff_count_doctors": null, "access": null, "staff_count_nurses": null, "health_facility_level": null, "toilets_handwashing": null, "building": null, "name": "Kantor Kelurahan Karangsari", "health_facility_bed": null }, "geometry": { "type": "Point", "coordinates": [ 110.1464, -7.8583 ] } },
{ "type": "Feature", "properties": { "osm_id": 6854796385, "osm_type": "nodes", "office": "government", "government": null, "opening_hours": null, "health_facility_type": null, "status": null, "medical_system_western": null, "rooms": null, "toilets_disposal": null, "operator": null, "tourism": null, "operator_type": null, "amenity": null, "beds": null, "staff_count_doctors": null, "access": null, "staff_count_nurses": null, "health_facility_level": null, "toilets_handwashing": null, "building": null, "name": "Dinas Perhubungan Kab. Kulonprogo", "health_facility_bed": null }, "geometry": { "type": "Point", "coordinates": [ 110.1390845, -7.8716261 ] } },
{ "type": "Feature", "properties": { "osm_id": 10961472705, "osm_type": "nodes", "office": "government", "government": "administrative", "opening_hours": null, "health_facility_type": null, "status": null, "medical_system_western": null, "rooms": null, "toilets_disposal": null, "operator": null, "tourism": null, "operator_type": null, "amenity": null, "beds": null, "staff_count_doctors": null, "access": null, "staff_count_nurses": null, "health_facility_level": null, "toilets_handwashing": null, "building": null, "name": "Kantor Kelurahan Karang Sewu", "health_facility_bed": null }, "geometry": { "type": "Point", "coordinates": [ 110.2103, -7.945 ] } },
{ "type": "Feature", "properties": { "osm_id": 10961472037, "osm_type": "nodes", "office": "government", "government": "administrative", "opening_hours": null, "health_facility_type": null, "status": null, "medical_system_western": null, "rooms": null, "toilets_disposal": null, "operator": null, "tourism": null, "operator_type": null, "amenity": null, "beds": null, "staff_count_doctors": null, "access": null, "staff_count_nurses": null, "health_facility_level": null, "toilets_handwashing": null, "building": null, "name": "Kantor Kelurahan Nomporejo", "health_facility_bed": null }, "geometry": { "type": "Point", "coordinates": [ 110.2156, -7.9511 ] } },
{ "type": "Feature", "properties": { "osm_id": 1308639064, "osm_type": "nodes", "office": "government", "government": "administrative", "opening_hours": null, "health_facility_type": null, "status": null, "medical_system_western": null, "rooms": null, "toilets_disposal": null, "operator": null, "tourism": null, "operator_type": null, "amenity": null, "beds": null, "staff_count_doctors": null, "access": null, "staff_count_nurses": null, "health_facility_level": null, "toilets_handwashing": null, "building": null, "name": "Kantor Kalurahan Kebonagung", "health_facility_bed": null }, "geometry": { "type": "Point", "coordinates": [ 110.373363, -7.9268779 ] } },
{ "type": "Feature", "properties": { "osm_id": 4893549821, "osm_type": "nodes", "office": null, "government": null, "opening_hours": null, "health_facility_type": null, "status": null, "medical_system_western": null, "rooms": null, "toilets_disposal": null, "operator": null, "tourism": "guest_house", "operator_type": null, "amenity": null, "beds": null, "staff_count_doctors": null, "access": null, "staff_count_nurses": null, "health_facility_level": null, "toilets_handwashing": null, "building": null, "name": null, "health_facility_bed": null }, "geometry": { "type": "Point", "coordinates": [ 110.3759109, -7.9420037 ] } },
{ "type": "Feature", "properties": { "osm_id": 10961474750, "osm_type": "nodes", "office": "government", "government": "administrative", "opening_hours": null, "health_facility_type": null, "status": null, "medical_system_western": null, "rooms": null, "toilets_disposal": null, "operator": null, "tourism": null, "operator_type": null, "amenity": null, "beds": null, "staff_count_doctors": null, "access": null, "staff_count_nurses": null, "health_facility_level": null, "toilets_handwashing": null, "building": null, "name": "Kantor Kelurahan Karangwaru", "health_facility_bed": null }, "geometry": { "type": "Point", "coordinates": [ 110.3646, -7.7722 ] } },
{ "type": "Feature", "properties": { "osm_id": 10961472562, "osm_type": "nodes", "office": "government", "government": "administrative", "opening_hours": null, "health_facility_type": null, "status": null, "medical_system_western": null, "rooms": null, "toilets_disposal": null, "operator": null, "tourism": null, "operator_type": null, "amenity": null, "beds": null, "staff_count_doctors": null, "access": null, "staff_count_nurses": null, "health_facility_level": null, "toilets_handwashing": null, "building": null, "name": "Kantor Kelurahan Karang Wuni", "health_facility_bed": null }, "geometry": { "type": "Point", "coordinates": [ 110.0947, -7.9136 ] } },
{ "type": "Feature", "properties": { "osm_id": 10961471604, "osm_type": "nodes", "office": "government", "government": "administrative", "opening_hours": null, "health_facility_type": null, "status": null, "medical_system_western": null, "rooms": null, "toilets_disposal": null, "operator": null, "tourism": null, "operator_type": null, "amenity": null, "beds": null, "staff_count_doctors": null, "access": null, "staff_count_nurses": null, "health_facility_level": null, "toilets_handwashing": null, "building": null, "name": "Kantor Kelurahan Kebonrejo", "health_facility_bed": null }, "geometry": { "type": "Point", "coordinates": [ 110.0714, -7.88 ] } },
{ "type": "Feature", "properties": { "osm_id": 10961477341, "osm_type": "nodes", "office": "government", "government": "administrative", "opening_hours": null, "health_facility_type": null, "status": null, "medical_system_western": null, "rooms": null, "toilets_disposal": null, "operator": null, "tourism": null, "operator_type": null, "amenity": null, "beds": null, "staff_count_doctors": null, "access": null, "staff_count_nurses": null, "health_facility_level": null, "toilets_handwashing": null, "building": null, "name": "Kantor Kelurahan Temon Kulon", "health_facility_bed": null }, "geometry": { "type": "Point", "coordinates": [ 110.0756, -7.8803 ] } },
{ "type": "Feature", "properties": { "osm_id": 10961472942, "osm_type": "nodes", "office": "government", "government": "administrative", "opening_hours": null, "health_facility_type": null, "status": null, "medical_system_western": null, "rooms": null, "toilets_disposal": null, "operator": null, "tourism": null, "operator_type": null, "amenity": null, "beds": null, "staff_count_doctors": null, "access": null, "staff_count_nurses": null, "health_facility_level": null, "toilets_handwashing": null, "building": null, "name": "Kantor Kelurahan Kedundang", "health_facility_bed": null }, "geometry": { "type": "Point", "coordinates": [ 110.1031, -7.8864 ] } },
{ "type": "Feature", "properties": { "osm_id": 10961475488, "osm_type": "nodes", "office": "government", "government": "administrative", "opening_hours": null, "health_facility_type": null, "status": null, "medical_system_western": null, "rooms": null, "toilets_disposal": null, "operator": null, "tourism": null, "operator_type": null, "amenity": null, "beds": null, "staff_count_doctors": null, "access": null, "staff_count_nurses": null, "health_facility_level": null, "toilets_handwashing": null, "building": null, "name": "Kantor Kelurahan Margosari", "health_facility_bed": null }, "geometry": { "type": "Point", "coordinates": [ 110.1744, -7.855 ] } },
{ "type": "Feature", "properties": { "osm_id": 10961472954, "osm_type": "nodes", "office": "government", "government": "administrative", "opening_hours": "Mo-Fr 08:00-16:00", "health_facility_type": null, "status": null, "medical_system_western": null, "rooms": null, "toilets_disposal": null, "operator": null, "tourism": null, "operator_type": null, "amenity": null, "beds": null, "staff_count_doctors": null, "access": null, "staff_count_nurses": null, "health_facility_level": null, "toilets_handwashing": null, "building": null, "name": "Kantor Kelurahan Kedungsari", "health_facility_bed": null }, "geometry": { "type": "Point", "coordinates": [ 110.1944, -7.8697 ] } },
{ "type": "Feature", "properties": { "osm_id": 4177878362, "osm_type": "nodes", "office": null, "government": null, "opening_hours": null, "health_facility_type": null, "status": null, "medical_system_western": null, "rooms": null, "toilets_disposal": null, "operator": null, "tourism": "hotel", "operator_type": null, "amenity": null, "beds": null, "staff_count_doctors": null, "access": null, "staff_count_nurses": null, "health_facility_level": null, "toilets_handwashing": null, "building": null, "name": "Puri Ageng", "health_facility_bed": null }, "geometry": { "type": "Point", "coordinates": [ 110.3718549, -7.8132093 ] } },
{ "type": "Feature", "properties": { "osm_id": 7117071984, "osm_type": "nodes", "office": null, "government": null, "opening_hours": null, "health_facility_type": null, "status": null, "medical_system_western": null, "rooms": null, "toilets_disposal": null, "operator": null, "tourism": "hostel", "operator_type": null, "amenity": null, "beds": null, "staff_count_doctors": null, "access": null, "staff_count_nurses": null, "health_facility_level": null, "toilets_handwashing": null, "building": null, "name": "Santai Sini", "health_facility_bed": null }, "geometry": { "type": "Point", "coordinates": [ 110.370356, -7.8141081 ] } },
{ "type": "Feature", "properties": { "osm_id": 3120386138, "osm_type": "nodes", "office": null, "government": null, "opening_hours": null, "health_facility_type": null, "status": null, "medical_system_western": null, "rooms": null, "toilets_disposal": null, "operator": null, "tourism": "hotel", "operator_type": null, "amenity": null, "beds": null, "staff_count_doctors": null, "access": null, "staff_count_nurses": null, "health_facility_level": null, "toilets_handwashing": null, "building": null, "name": "Tiga Lima Homestay", "health_facility_bed": null }, "geometry": { "type": "Point", "coordinates": [ 110.3870925, -7.7801836 ] } },
{ "type": "Feature", "properties": { "osm_id": 12846795692, "osm_type": "nodes", "office": null, "government": null, "opening_hours": null, "health_facility_type": null, "status": null, "medical_system_western": null, "rooms": null, "toilets_disposal": null, "operator": "Gilang", "tourism": null, "operator_type": "public", "amenity": "hospital", "beds": null, "staff_count_doctors": null, "access": null, "staff_count_nurses": null, "health_facility_level": null, "toilets_handwashing": null, "building": null, "name": "DKT", "health_facility_bed": null }, "geometry": { "type": "Point", "coordinates": [ 110.3769516, -7.7856374 ] } },
{ "type": "Feature", "properties": { "osm_id": 9149587940, "osm_type": "nodes", "office": "government", "government": "culture", "opening_hours": null, "health_facility_type": null, "status": null, "medical_system_western": null, "rooms": null, "toilets_disposal": null, "operator": null, "tourism": null, "operator_type": null, "amenity": null, "beds": null, "staff_count_doctors": null, "access": null, "staff_count_nurses": null, "health_facility_level": null, "toilets_handwashing": null, "building": null, "name": "Badan Otorita Borobudur", "health_facility_bed": null }, "geometry": { "type": "Point", "coordinates": [ 110.3713631, -7.7848081 ] } },
{ "type": "Feature", "properties": { "osm_id": 9175232116, "osm_type": "nodes", "office": null, "government": null, "opening_hours": null, "health_facility_type": null, "status": null, "medical_system_western": null, "rooms": null, "toilets_disposal": null, "operator": null, "tourism": "guest_house", "operator_type": null, "amenity": null, "beds": null, "staff_count_doctors": null, "access": null, "staff_count_nurses": null, "health_facility_level": null, "toilets_handwashing": null, "building": null, "name": "Kutus-Kutus", "health_facility_bed": null }, "geometry": { "type": "Point", "coordinates": [ 110.3750648, -7.7840128 ] } },
{ "type": "Feature", "properties": { "osm_id": 4414634393, "osm_type": "nodes", "office": "telecommunication", "government": null, "opening_hours": "Mo-Fr 09:00-17:00", "health_facility_type": null, "status": null, "medical_system_western": null, "rooms": null, "toilets_disposal": null, "operator": null, "tourism": null, "operator_type": null, "amenity": null, "beds": null, "staff_count_doctors": null, "access": null, "staff_count_nurses": null, "health_facility_level": null, "toilets_handwashing": null, "building": null, "name": "PT Tekom", "health_facility_bed": null }, "geometry": { "type": "Point", "coordinates": [ 110.3750289, -7.7867796 ] } },
{ "type": "Feature", "properties": { "osm_id": 7851792206, "osm_type": "nodes", "office": "government", "government": "administrative", "opening_hours": "Mo-Sa 08:00-16:00; PH closed", "health_facility_type": null, "status": null, "medical_system_western": null, "rooms": null, "toilets_disposal": null, "operator": null, "tourism": null, "operator_type": null, "amenity": null, "beds": null, "staff_count_doctors": null, "access": null, "staff_count_nurses": null, "health_facility_level": null, "toilets_handwashing": null, "building": null, "name": "Kantor Kelurahan Kotabaru", "health_facility_bed": null }, "geometry": { "type": "Point", "coordinates": [ 110.3778575, -7.7864507 ] } },
{ "type": "Feature", "properties": { "osm_id": 10961472047, "osm_type": "nodes", "office": "government", "government": "administrative", "opening_hours": null, "health_facility_type": null, "status": null, "medical_system_western": null, "rooms": null, "toilets_disposal": null, "operator": null, "tourism": null, "operator_type": null, "amenity": null, "beds": null, "staff_count_doctors": null, "access": null, "staff_count_nurses": null, "health_facility_level": null, "toilets_handwashing": null, "building": null, "name": "Kantor Kelurahan Poncosari", "health_facility_bed": null }, "geometry": { "type": "Point", "coordinates": [ 110.2372, -7.9606 ] } },
{ "type": "Feature", "properties": { "osm_id": 10961472216, "osm_type": "nodes", "office": "government", "government": "administrative", "opening_hours": null, "health_facility_type": null, "status": null, "medical_system_western": null, "rooms": null, "toilets_disposal": null, "operator": null, "tourism": null, "operator_type": null, "amenity": null, "beds": null, "staff_count_doctors": null, "access": null, "staff_count_nurses": null, "health_facility_level": null, "toilets_handwashing": null, "building": null, "name": "Kantor Kelurahan Kricak", "health_facility_bed": null }, "geometry": { "type": "Point", "coordinates": [ 110.3596, -7.7742 ] } },
{ "type": "Feature", "properties": { "osm_id": 9835462835, "osm_type": "nodes", "office": null, "government": null, "opening_hours": null, "health_facility_type": null, "status": null, "medical_system_western": null, "rooms": null, "toilets_disposal": null, "operator": null, "tourism": "hotel", "operator_type": null, "amenity": null, "beds": null, "staff_count_doctors": null, "access": null, "staff_count_nurses": null, "health_facility_level": null, "toilets_handwashing": null, "building": null, "name": "Reddoorz Near Jogja City Mall 3", "health_facility_bed": null }, "geometry": { "type": "Point", "coordinates": [ 110.3602554, -7.7686485 ] } },
{ "type": "Feature", "properties": { "osm_id": 13849114497, "osm_type": "nodes", "office": null, "government": null, "opening_hours": null, "health_facility_type": null, "status": null, "medical_system_western": null, "rooms": null, "toilets_disposal": null, "operator": "Rafi", "tourism": null, "operator_type": "public", "amenity": "hospital", "beds": null, "staff_count_doctors": null, "access": null, "staff_count_nurses": null, "health_facility_level": null, "toilets_handwashing": null, "building": null, "name": "Blackbox Gym", "health_facility_bed": null }, "geometry": { "type": "Point", "coordinates": [ 110.3595422, -7.7715889 ] } },
{ "type": "Feature", "properties": { "osm_id": 10961477631, "osm_type": "nodes", "office": "government", "government": "administrative", "opening_hours": null, "health_facility_type": null, "status": null, "medical_system_western": null, "rooms": null, "toilets_disposal": null, "operator": null, "tourism": null, "operator_type": null, "amenity": null, "beds": null, "staff_count_doctors": null, "access": null, "staff_count_nurses": null, "health_facility_level": null, "toilets_handwashing": null, "building": null, "name": "Kantor Kelurahan Kulwaru", "health_facility_bed": null }, "geometry": { "type": "Point", "coordinates": [ 110.1253, -7.8975 ] } },
{ "type": "Feature", "properties": { "osm_id": 8395855565, "osm_type": "nodes", "office": null, "government": null, "opening_hours": null, "health_facility_type": null, "status": null, "medical_system_western": null, "rooms": null, "toilets_disposal": null, "operator": null, "tourism": "chalet", "operator_type": null, "amenity": null, "beds": null, "staff_count_doctors": null, "access": null, "staff_count_nurses": null, "health_facility_level": null, "toilets_handwashing": null, "building": null, "name": "Griya Foresta", "health_facility_bed": null }, "geometry": { "type": "Point", "coordinates": [ 110.4308753, -7.9241653 ] } },
{ "type": "Feature", "properties": { "osm_id": 13176387833, "osm_type": "nodes", "office": "government", "government": "administrative", "opening_hours": null, "health_facility_type": null, "status": null, "medical_system_western": null, "rooms": null, "toilets_disposal": null, "operator": null, "tourism": null, "operator_type": null, "amenity": null, "beds": null, "staff_count_doctors": null, "access": null, "staff_count_nurses": null, "health_facility_level": null, "toilets_handwashing": null, "building": null, "name": "Kantor Kalurahan Mangunan", "health_facility_bed": null }, "geometry": { "type": "Point", "coordinates": [ 110.4283861, -7.9316027 ] } },
{ "type": "Feature", "properties": { "osm_id": 8070548497, "osm_type": "nodes", "office": null, "government": null, "opening_hours": null, "health_facility_type": null, "status": null, "medical_system_western": null, "rooms": null, "toilets_disposal": null, "operator": null, "tourism": "chalet", "operator_type": null, "amenity": null, "beds": null, "staff_count_doctors": null, "access": null, "staff_count_nurses": null, "health_facility_level": null, "toilets_handwashing": null, "building": null, "name": null, "health_facility_bed": null }, "geometry": { "type": "Point", "coordinates": [ 110.4309465, -7.9299399 ] } },
{ "type": "Feature", "properties": { "osm_id": 5738157722, "osm_type": "nodes", "office": null, "government": null, "opening_hours": "Mo-Su 11:00-15:00", "health_facility_type": null, "status": null, "medical_system_western": null, "rooms": "3", "toilets_disposal": null, "operator": null, "tourism": "hotel", "operator_type": null, "amenity": null, "beds": null, "staff_count_doctors": null, "access": null, "staff_count_nurses": null, "health_facility_level": null, "toilets_handwashing": null, "building": null, "name": "Trava House", "health_facility_bed": null }, "geometry": { "type": "Point", "coordinates": [ 110.364912, -7.8150881 ] } },
{ "type": "Feature", "properties": { "osm_id": 3256672763, "osm_type": "nodes", "office": null, "government": null, "opening_hours": null, "health_facility_type": null, "status": null, "medical_system_western": null, "rooms": null, "toilets_disposal": null, "operator": null, "tourism": "hotel", "operator_type": null, "amenity": null, "beds": null, "staff_count_doctors": null, "access": null, "staff_count_nurses": null, "health_facility_level": null, "toilets_handwashing": null, "building": null, "name": null, "health_facility_bed": null }, "geometry": { "type": "Point", "coordinates": [ 110.3657327, -7.814557 ] } },
{ "type": "Feature", "properties": { "osm_id": 12468697905, "osm_type": "nodes", "office": null, "government": null, "opening_hours": null, "health_facility_type": null, "status": null, "medical_system_western": null, "rooms": null, "toilets_disposal": null, "operator": null, "tourism": "hostel", "operator_type": null, "amenity": null, "beds": null, "staff_count_doctors": null, "access": null, "staff_count_nurses": null, "health_facility_level": null, "toilets_handwashing": null, "building": null, "name": "The Backyard Hostel", "health_facility_bed": null }, "geometry": { "type": "Point", "coordinates": [ 110.3659042, -7.8178639 ] } },
{ "type": "Feature", "properties": { "osm_id": 5432547502, "osm_type": "nodes", "office": null, "government": null, "opening_hours": null, "health_facility_type": null, "status": null, "medical_system_western": null, "rooms": null, "toilets_disposal": null, "operator": "Villa Bougenville", "tourism": "guest_house", "operator_type": null, "amenity": null, "beds": null, "staff_count_doctors": null, "access": null, "staff_count_nurses": null, "health_facility_level": null, "toilets_handwashing": null, "building": null, "name": "Pondok Ijo", "health_facility_bed": null }, "geometry": { "type": "Point", "coordinates": [ 110.3648419, -7.8168656 ] } },
{ "type": "Feature", "properties": { "osm_id": 1652990181, "osm_type": "nodes", "office": null, "government": null, "opening_hours": null, "health_facility_type": null, "status": null, "medical_system_western": null, "rooms": null, "toilets_disposal": null, "operator": null, "tourism": "hotel", "operator_type": null, "amenity": null, "beds": null, "staff_count_doctors": null, "access": null, "staff_count_nurses": null, "health_facility_level": null, "toilets_handwashing": null, "building": null, "name": "Pondok terra", "health_facility_bed": null }, "geometry": { "type": "Point", "coordinates": [ 110.3642294, -7.8172496 ] } },
{ "type": "Feature", "properties": { "osm_id": 11876212070, "osm_type": "nodes", "office": null, "government": null, "opening_hours": null, "health_facility_type": null, "status": null, "medical_system_western": null, "rooms": null, "toilets_disposal": null, "operator": null, "tourism": "hostel", "operator_type": null, "amenity": null, "beds": null, "staff_count_doctors": null, "access": null, "staff_count_nurses": null, "health_facility_level": null, "toilets_handwashing": null, "building": null, "name": "Ranasa Hostel Yogyakarta", "health_facility_bed": null }, "geometry": { "type": "Point", "coordinates": [ 110.3617684, -7.8174208 ] } },
{ "type": "Feature", "properties": { "osm_id": 11877675871, "osm_type": "nodes", "office": null, "government": null, "opening_hours": null, "health_facility_type": null, "status": null, "medical_system_western": null, "rooms": null, "toilets_disposal": null, "operator": null, "tourism": "hostel", "operator_type": null, "amenity": null, "beds": null, "staff_count_doctors": null, "access": null, "staff_count_nurses": null, "health_facility_level": null, "toilets_handwashing": null, "building": null, "name": "Zen Moon Hostel", "health_facility_bed": null }, "geometry": { "type": "Point", "coordinates": [ 110.3651018, -7.8181244 ] } },
{ "type": "Feature", "properties": { "osm_id": 4338038990, "osm_type": "nodes", "office": null, "government": null, "opening_hours": null, "health_facility_type": null, "status": null, "medical_system_western": null, "rooms": null, "toilets_disposal": null, "operator": null, "tourism": "hotel", "operator_type": null, "amenity": null, "beds": null, "staff_count_doctors": null, "access": null, "staff_count_nurses": null, "health_facility_level": null, "toilets_handwashing": null, "building": null, "name": "Venezia Garden Homestay", "health_facility_bed": null }, "geometry": { "type": "Point", "coordinates": [ 110.3665106, -7.8205641 ] } },
{ "type": "Feature", "properties": { "osm_id": 1654014636, "osm_type": "nodes", "office": null, "government": null, "opening_hours": null, "health_facility_type": null, "status": null, "medical_system_western": null, "rooms": null, "toilets_disposal": null, "operator": null, "tourism": "hotel", "operator_type": null, "amenity": null, "beds": null, "staff_count_doctors": null, "access": null, "staff_count_nurses": null, "health_facility_level": null, "toilets_handwashing": null, "building": null, "name": "Ruba Graha", "health_facility_bed": null }, "geometry": { "type": "Point", "coordinates": [ 110.3619557, -7.8212136 ] } },
{ "type": "Feature", "properties": { "osm_id": 6899374154, "osm_type": "nodes", "office": null, "government": null, "opening_hours": null, "health_facility_type": null, "status": null, "medical_system_western": null, "rooms": null, "toilets_disposal": null, "operator": null, "tourism": "hotel", "operator_type": null, "amenity": null, "beds": null, "staff_count_doctors": null, "access": null, "staff_count_nurses": null, "health_facility_level": null, "toilets_handwashing": null, "building": null, "name": "Rumah Eyang", "health_facility_bed": null }, "geometry": { "type": "Point", "coordinates": [ 110.3672849, -7.82004 ] } },
{ "type": "Feature", "properties": { "osm_id": 6899369099, "osm_type": "nodes", "office": null, "government": null, "opening_hours": null, "health_facility_type": null, "status": null, "medical_system_western": null, "rooms": null, "toilets_disposal": null, "operator": null, "tourism": "hotel", "operator_type": null, "amenity": null, "beds": null, "staff_count_doctors": null, "access": null, "staff_count_nurses": null, "health_facility_level": null, "toilets_handwashing": null, "building": null, "name": "Ndalem Mantrijeron", "health_facility_bed": null }, "geometry": { "type": "Point", "coordinates": [ 110.3672193, -7.8196349 ] } },
{ "type": "Feature", "properties": { "osm_id": 6899347341, "osm_type": "nodes", "office": null, "government": null, "opening_hours": null, "health_facility_type": null, "status": null, "medical_system_western": null, "rooms": null, "toilets_disposal": null, "operator": null, "tourism": "hotel", "operator_type": null, "amenity": null, "beds": null, "staff_count_doctors": null, "access": null, "staff_count_nurses": null, "health_facility_level": null, "toilets_handwashing": null, "building": null, "name": "Ndaleman Mantrijeroan", "health_facility_bed": null }, "geometry": { "type": "Point", "coordinates": [ 110.3671904, -7.8196522 ] } },
{ "type": "Feature", "properties": { "osm_id": 5225391851, "osm_type": "nodes", "office": null, "government": null, "opening_hours": null, "health_facility_type": null, "status": null, "medical_system_western": null, "rooms": null, "toilets_disposal": null, "operator": null, "tourism": "guest_house", "operator_type": null, "amenity": null, "beds": null, "staff_count_doctors": null, "access": null, "staff_count_nurses": null, "health_facility_level": null, "toilets_handwashing": null, "building": null, "name": "Maturnuwun", "health_facility_bed": null }, "geometry": { "type": "Point", "coordinates": [ 110.3662969, -7.8198679 ] } },
{ "type": "Feature", "properties": { "osm_id": 6899266842, "osm_type": "nodes", "office": null, "government": null, "opening_hours": null, "health_facility_type": null, "status": null, "medical_system_western": null, "rooms": null, "toilets_disposal": null, "operator": null, "tourism": "hotel", "operator_type": null, "amenity": null, "beds": null, "staff_count_doctors": null, "access": null, "staff_count_nurses": null, "health_facility_level": null, "toilets_handwashing": null, "building": null, "name": "Winatasastra", "health_facility_bed": null }, "geometry": { "type": "Point", "coordinates": [ 110.3670974, -7.8200387 ] } },
{ "type": "Feature", "properties": { "osm_id": 5836038318, "osm_type": "nodes", "office": null, "government": null, "opening_hours": null, "health_facility_type": null, "status": null, "medical_system_western": null, "rooms": null, "toilets_disposal": null, "operator": null, "tourism": "guest_house", "operator_type": null, "amenity": null, "beds": null, "staff_count_doctors": null, "access": null, "staff_count_nurses": null, "health_facility_level": null, "toilets_handwashing": null, "building": null, "name": "RedDoorz", "health_facility_bed": null }, "geometry": { "type": "Point", "coordinates": [ 110.365002, -7.8186528 ] } },
{ "type": "Feature", "properties": { "osm_id": 4279473389, "osm_type": "nodes", "office": null, "government": null, "opening_hours": null, "health_facility_type": null, "status": null, "medical_system_western": null, "rooms": null, "toilets_disposal": null, "operator": null, "tourism": "hostel", "operator_type": null, "amenity": null, "beds": null, "staff_count_doctors": null, "access": null, "staff_count_nurses": null, "health_facility_level": null, "toilets_handwashing": null, "building": null, "name": "OstiC hostel", "health_facility_bed": null }, "geometry": { "type": "Point", "coordinates": [ 110.3614606, -7.8176918 ] } },
{ "type": "Feature", "properties": { "osm_id": 3256672764, "osm_type": "nodes", "office": null, "government": null, "opening_hours": null, "health_facility_type": null, "status": null, "medical_system_western": null, "rooms": null, "toilets_disposal": null, "operator": null, "tourism": "hotel", "operator_type": null, "amenity": null, "beds": null, "staff_count_doctors": null, "access": null, "staff_count_nurses": null, "health_facility_level": null, "toilets_handwashing": null, "building": null, "name": "Puspita", "health_facility_bed": null }, "geometry": { "type": "Point", "coordinates": [ 110.3665892, -7.8147168 ] } },
{ "type": "Feature", "properties": { "osm_id": 3256672771, "osm_type": "nodes", "office": null, "government": null, "opening_hours": null, "health_facility_type": null, "status": null, "medical_system_western": null, "rooms": null, "toilets_disposal": null, "operator": null, "tourism": "hotel", "operator_type": null, "amenity": null, "beds": null, "staff_count_doctors": null, "access": null, "staff_count_nurses": null, "health_facility_level": null, "toilets_handwashing": null, "building": null, "name": "Posein", "health_facility_bed": null }, "geometry": { "type": "Point", "coordinates": [ 110.36639, -7.8146354 ] } },
{ "type": "Feature", "properties": { "osm_id": 10188396617, "osm_type": "nodes", "office": null, "government": null, "opening_hours": null, "health_facility_type": null, "status": null, "medical_system_western": null, "rooms": null, "toilets_disposal": null, "operator": null, "tourism": "hostel", "operator_type": null, "amenity": null, "beds": null, "staff_count_doctors": null, "access": null, "staff_count_nurses": null, "health_facility_level": null, "toilets_handwashing": null, "building": null, "name": "Abrakadabra", "health_facility_bed": null }, "geometry": { "type": "Point", "coordinates": [ 110.3679356, -7.8141814 ] } },
{ "type": "Feature", "properties": { "osm_id": 3487503066, "osm_type": "nodes", "office": null, "government": null, "opening_hours": null, "health_facility_type": null, "status": null, "medical_system_western": null, "rooms": null, "toilets_disposal": null, "operator": null, "tourism": "guest_house", "operator_type": null, "amenity": "cafe", "beds": null, "staff_count_doctors": null, "access": null, "staff_count_nurses": null, "health_facility_level": null, "toilets_handwashing": null, "building": null, "name": "Homestay Ndalem MJ", "health_facility_bed": null }, "geometry": { "type": "Point", "coordinates": [ 110.3659364, -7.8206242 ] } },
{ "type": "Feature", "properties": { "osm_id": 3487503068, "osm_type": "nodes", "office": null, "government": null, "opening_hours": null, "health_facility_type": null, "status": null, "medical_system_western": null, "rooms": null, "toilets_disposal": null, "operator": null, "tourism": "hotel", "operator_type": null, "amenity": null, "beds": null, "staff_count_doctors": null, "access": null, "staff_count_nurses": null, "health_facility_level": null, "toilets_handwashing": null, "building": "yes", "name": "Hotel Dewi Sri", "health_facility_bed": null }, "geometry": { "type": "Point", "coordinates": [ 110.3673655, -7.8219341 ] } },
{ "type": "Feature", "properties": { "osm_id": 3487503069, "osm_type": "nodes", "office": null, "government": null, "opening_hours": null, "health_facility_type": null, "status": null, "medical_system_western": null, "rooms": null, "toilets_disposal": null, "operator": null, "tourism": "hotel", "operator_type": null, "amenity": null, "beds": null, "staff_count_doctors": null, "access": null, "staff_count_nurses": null, "health_facility_level": null, "toilets_handwashing": null, "building": "yes", "name": "Hotel Puri Ganesha", "health_facility_bed": null }, "geometry": { "type": "Point", "coordinates": [ 110.3663361, -7.821832 ] } },
{ "type": "Feature", "properties": { "osm_id": 3487503080, "osm_type": "nodes", "office": null, "government": null, "opening_hours": null, "health_facility_type": null, "status": null, "medical_system_western": null, "rooms": null, "toilets_disposal": null, "operator": null, "tourism": "hotel", "operator_type": null, "amenity": null, "beds": null, "staff_count_doctors": null, "access": null, "staff_count_nurses": null, "health_facility_level": null, "toilets_handwashing": null, "building": "yes", "name": "Nidia", "health_facility_bed": null }, "geometry": { "type": "Point", "coordinates": [ 110.3673012, -7.8218907 ] } },
{ "type": "Feature", "properties": { "osm_id": 3487503084, "osm_type": "nodes", "office": null, "government": null, "opening_hours": null, "health_facility_type": null, "status": null, "medical_system_western": null, "rooms": null, "toilets_disposal": null, "operator": null, "tourism": "hotel", "operator_type": null, "amenity": "restaurant", "beds": null, "staff_count_doctors": null, "access": null, "staff_count_nurses": null, "health_facility_level": null, "toilets_handwashing": null, "building": "yes", "name": "Pramesthi Hotel", "health_facility_bed": null }, "geometry": { "type": "Point", "coordinates": [ 110.3653899, -7.8216489 ] } },
{ "type": "Feature", "properties": { "osm_id": 10316262627, "osm_type": "nodes", "office": "government", "government": "administrative", "opening_hours": null, "health_facility_type": null, "status": null, "medical_system_western": null, "rooms": null, "toilets_disposal": null, "operator": null, "tourism": null, "operator_type": null, "amenity": null, "beds": null, "staff_count_doctors": null, "access": null, "staff_count_nurses": null, "health_facility_level": null, "toilets_handwashing": null, "building": null, "name": "Kantor Kelurahan Mantrijeron", "health_facility_bed": null }, "geometry": { "type": "Point", "coordinates": [ 110.3645574, -7.823544 ] } },
{ "type": "Feature", "properties": { "osm_id": 5068219322, "osm_type": "nodes", "office": null, "government": null, "opening_hours": null, "health_facility_type": null, "status": null, "medical_system_western": null, "rooms": null, "toilets_disposal": null, "operator": null, "tourism": "hostel", "operator_type": null, "amenity": null, "beds": null, "staff_count_doctors": null, "access": null, "staff_count_nurses": null, "health_facility_level": null, "toilets_handwashing": null, "building": null, "name": "Wood Stone", "health_facility_bed": null }, "geometry": { "type": "Point", "coordinates": [ 110.3639491, -7.8164399 ] } },
{ "type": "Feature", "properties": { "osm_id": 5835687804, "osm_type": "nodes", "office": null, "government": null, "opening_hours": null, "health_facility_type": null, "status": null, "medical_system_western": null, "rooms": null, "toilets_disposal": null, "operator": null, "tourism": "guest_house", "operator_type": null, "amenity": null, "beds": null, "staff_count_doctors": null, "access": null, "staff_count_nurses": null, "health_facility_level": null, "toilets_handwashing": null, "building": null, "name": "Rumah Panjaitan Homestay", "health_facility_bed": null }, "geometry": { "type": "Point", "coordinates": [ 110.3622399, -7.8169289 ] } },
{ "type": "Feature", "properties": { "osm_id": 5010530221, "osm_type": "nodes", "office": null, "government": null, "opening_hours": "24/7", "health_facility_type": null, "status": null, "medical_system_western": null, "rooms": null, "toilets_disposal": null, "operator": "Mateus Bayu Laksana Jaya", "tourism": "hostel", "operator_type": null, "amenity": null, "beds": null, "staff_count_doctors": null, "access": null, "staff_count_nurses": null, "health_facility_level": null, "toilets_handwashing": null, "building": null, "name": "Wood Stone Hostel", "health_facility_bed": null }, "geometry": { "type": "Point", "coordinates": [ 110.3640025, -7.8163506 ] } },
{ "type": "Feature", "properties": { "osm_id": 5261287923, "osm_type": "nodes", "office": null, "government": null, "opening_hours": null, "health_facility_type": null, "status": null, "medical_system_western": null, "rooms": null, "toilets_disposal": null, "operator": null, "tourism": "hostel", "operator_type": null, "amenity": null, "beds": null, "staff_count_doctors": null, "access": null, "staff_count_nurses": null, "health_facility_level": null, "toilets_handwashing": null, "building": null, "name": "Wood Stone Hostel", "health_facility_bed": null }, "geometry": { "type": "Point", "coordinates": [ 110.364007, -7.8159771 ] } },
{ "type": "Feature", "properties": { "osm_id": 7114012187, "osm_type": "nodes", "office": null, "government": null, "opening_hours": null, "health_facility_type": null, "status": null, "medical_system_western": null, "rooms": null, "toilets_disposal": null, "operator": null, "tourism": "guest_house", "operator_type": null, "amenity": null, "beds": null, "staff_count_doctors": null, "access": null, "staff_count_nurses": null, "health_facility_level": null, "toilets_handwashing": null, "building": null, "name": "Lia Homestay", "health_facility_bed": null }, "geometry": { "type": "Point", "coordinates": [ 110.3657486, -7.8170564 ] } },
{ "type": "Feature", "properties": { "osm_id": 4940665021, "osm_type": "nodes", "office": null, "government": null, "opening_hours": null, "health_facility_type": null, "status": null, "medical_system_western": null, "rooms": null, "toilets_disposal": null, "operator": null, "tourism": "hotel", "operator_type": null, "amenity": null, "beds": null, "staff_count_doctors": null, "access": null, "staff_count_nurses": null, "health_facility_level": null, "toilets_handwashing": null, "building": null, "name": "Cs", "health_facility_bed": null }, "geometry": { "type": "Point", "coordinates": [ 110.3662781, -7.8207172 ] } },
{ "type": "Feature", "properties": { "osm_id": 4975341823, "osm_type": "nodes", "office": null, "government": null, "opening_hours": null, "health_facility_type": null, "status": null, "medical_system_western": null, "rooms": null, "toilets_disposal": null, "operator": "Dhika Surapati", "tourism": "guest_house", "operator_type": null, "amenity": null, "beds": null, "staff_count_doctors": null, "access": null, "staff_count_nurses": null, "health_facility_level": null, "toilets_handwashing": null, "building": null, "name": "3DI Backpacker Guesthouse", "health_facility_bed": null }, "geometry": { "type": "Point", "coordinates": [ 110.3641881, -7.8199975 ] } },
{ "type": "Feature", "properties": { "osm_id": 5249041422, "osm_type": "nodes", "office": null, "government": null, "opening_hours": null, "health_facility_type": null, "status": null, "medical_system_western": null, "rooms": null, "toilets_disposal": null, "operator": null, "tourism": "hostel", "operator_type": null, "amenity": null, "beds": null, "staff_count_doctors": null, "access": null, "staff_count_nurses": null, "health_facility_level": null, "toilets_handwashing": null, "building": null, "name": "Arjuna Homestay", "health_facility_bed": null }, "geometry": { "type": "Point", "coordinates": [ 110.3664794, -7.8218757 ] } },
{ "type": "Feature", "properties": { "osm_id": 5325463323, "osm_type": "nodes", "office": null, "government": null, "opening_hours": null, "health_facility_type": null, "status": null, "medical_system_western": null, "rooms": null, "toilets_disposal": null, "operator": null, "tourism": "hotel", "operator_type": null, "amenity": null, "beds": null, "staff_count_doctors": null, "access": null, "staff_count_nurses": null, "health_facility_level": null, "toilets_handwashing": null, "building": null, "name": "Villa Pondok Terra", "health_facility_bed": null }, "geometry": { "type": "Point", "coordinates": [ 110.3655112, -7.8171153 ] } },
{ "type": "Feature", "properties": { "osm_id": 5927919186, "osm_type": "nodes", "office": null, "government": null, "opening_hours": null, "health_facility_type": null, "status": null, "medical_system_western": null, "rooms": null, "toilets_disposal": null, "operator": null, "tourism": "hotel", "operator_type": null, "amenity": null, "beds": null, "staff_count_doctors": null, "access": null, "staff_count_nurses": null, "health_facility_level": null, "toilets_handwashing": null, "building": null, "name": "Reddoorz@Mantrijeron 2", "health_facility_bed": null }, "geometry": { "type": "Point", "coordinates": [ 110.3638593, -7.8159408 ] } },
{ "type": "Feature", "properties": { "osm_id": 7034780385, "osm_type": "nodes", "office": null, "government": null, "opening_hours": null, "health_facility_type": null, "status": null, "medical_system_western": null, "rooms": null, "toilets_disposal": null, "operator": null, "tourism": "hotel", "operator_type": null, "amenity": null, "beds": null, "staff_count_doctors": null, "access": null, "staff_count_nurses": null, "health_facility_level": null, "toilets_handwashing": null, "building": null, "name": "The Kresna Hotel", "health_facility_bed": null }, "geometry": { "type": "Point", "coordinates": [ 110.3620197, -7.817706 ] } },
{ "type": "Feature", "properties": { "osm_id": 10961478021, "osm_type": "nodes", "office": "government", "government": "administrative", "opening_hours": null, "health_facility_type": null, "status": null, "medical_system_western": null, "rooms": null, "toilets_disposal": null, "operator": null, "tourism": null, "operator_type": null, "amenity": null, "beds": null, "staff_count_doctors": null, "access": null, "staff_count_nurses": null, "health_facility_level": null, "toilets_handwashing": null, "building": null, "name": "Kantor Kalurahan Pengasih", "health_facility_bed": null }, "geometry": { "type": "Point", "coordinates": [ 110.1672, -7.8433 ] } },
{ "type": "Feature", "properties": { "osm_id": 3472798344, "osm_type": "nodes", "office": null, "government": null, "opening_hours": null, "health_facility_type": null, "status": null, "medical_system_western": null, "rooms": null, "toilets_disposal": null, "operator": null, "tourism": "hotel", "operator_type": null, "amenity": null, "beds": null, "staff_count_doctors": null, "access": null, "staff_count_nurses": null, "health_facility_level": null, "toilets_handwashing": null, "building": null, "name": "favehotel Kusumanegara", "health_facility_bed": null }, "geometry": { "type": "Point", "coordinates": [ 110.3882241, -7.8014508 ] } },
{ "type": "Feature", "properties": { "osm_id": 5970560685, "osm_type": "nodes", "office": null, "government": null, "opening_hours": null, "health_facility_type": null, "status": null, "medical_system_western": null, "rooms": null, "toilets_disposal": null, "operator": null, "tourism": "hotel", "operator_type": null, "amenity": null, "beds": null, "staff_count_doctors": null, "access": null, "staff_count_nurses": null, "health_facility_level": null, "toilets_handwashing": null, "building": null, "name": "Gaia Cosmo Hotel", "health_facility_bed": null }, "geometry": { "type": "Point", "coordinates": [ 110.3926935, -7.7989757 ] } },
{ "type": "Feature", "properties": { "osm_id": 5671318149, "osm_type": "nodes", "office": "government", "government": "healthcare", "opening_hours": null, "health_facility_type": null, "status": null, "medical_system_western": null, "rooms": null, "toilets_disposal": null, "operator": null, "tourism": null, "operator_type": null, "amenity": null, "beds": null, "staff_count_doctors": null, "access": null, "staff_count_nurses": null, "health_facility_level": null, "toilets_handwashing": null, "building": null, "name": "Dinas Kesehatan Kota Yogyakarta", "health_facility_bed": null }, "geometry": { "type": "Point", "coordinates": [ 110.3905513, -7.7998483 ] } },
{ "type": "Feature", "properties": { "osm_id": 10961479268, "osm_type": "nodes", "office": "government", "government": "administrative", "opening_hours": null, "health_facility_type": null, "status": null, "medical_system_western": null, "rooms": null, "toilets_disposal": null, "operator": null, "tourism": null, "operator_type": null, "amenity": null, "beds": null, "staff_count_doctors": null, "access": null, "staff_count_nurses": null, "health_facility_level": null, "toilets_handwashing": null, "building": null, "name": "Kantor Kelurahan Panjangrejo", "health_facility_bed": null }, "geometry": { "type": "Point", "coordinates": [ 110.3319, -7.9594 ] } },
{ "type": "Feature", "properties": { "osm_id": 10961476066, "osm_type": "nodes", "office": "government", "government": "administrative", "opening_hours": null, "health_facility_type": null, "status": null, "medical_system_western": null, "rooms": null, "toilets_disposal": null, "operator": null, "tourism": null, "operator_type": null, "amenity": null, "beds": null, "staff_count_doctors": null, "access": null, "staff_count_nurses": null, "health_facility_level": null, "toilets_handwashing": null, "building": null, "name": "Kantor Kalurahan Sidomulyo", "health_facility_bed": null }, "geometry": { "type": "Point", "coordinates": [ 110.3052303, -7.9567744 ] } },
{ "type": "Feature", "properties": { "osm_id": 10961478599, "osm_type": "nodes", "office": "government", "government": "administrative", "opening_hours": null, "health_facility_type": null, "status": null, "medical_system_western": null, "rooms": null, "toilets_disposal": null, "operator": null, "tourism": null, "operator_type": null, "amenity": null, "beds": null, "staff_count_doctors": null, "access": null, "staff_count_nurses": null, "health_facility_level": null, "toilets_handwashing": null, "building": null, "name": "Kantor Kalurahan Mulyodadi", "health_facility_bed": null }, "geometry": { "type": "Point", "coordinates": [ 110.3222, -7.9433 ] } },
{ "type": "Feature", "properties": { "osm_id": 4496371191, "osm_type": "nodes", "office": null, "government": null, "opening_hours": null, "health_facility_type": null, "status": null, "medical_system_western": null, "rooms": null, "toilets_disposal": null, "operator": null, "tourism": "guest_house", "operator_type": null, "amenity": null, "beds": null, "staff_count_doctors": null, "access": null, "staff_count_nurses": null, "health_facility_level": null, "toilets_handwashing": null, "building": null, "name": "Rumah Antonius Wijaya", "health_facility_bed": null }, "geometry": { "type": "Point", "coordinates": [ 110.3275829, -7.9314802 ] } },
{ "type": "Feature", "properties": { "osm_id": 13666989770, "osm_type": "nodes", "office": null, "government": null, "opening_hours": null, "health_facility_type": null, "status": null, "medical_system_western": null, "rooms": null, "toilets_disposal": null, "operator": null, "tourism": "hotel", "operator_type": null, "amenity": null, "beds": null, "staff_count_doctors": null, "access": null, "staff_count_nurses": null, "health_facility_level": null, "toilets_handwashing": null, "building": null, "name": "Little Tokyo", "health_facility_bed": null }, "geometry": { "type": "Point", "coordinates": [ 110.4401786, -7.8955926 ] } },
{ "type": "Feature", "properties": { "osm_id": 13176387834, "osm_type": "nodes", "office": "government", "government": "administrative", "opening_hours": null, "health_facility_type": null, "status": null, "medical_system_western": null, "rooms": null, "toilets_disposal": null, "operator": null, "tourism": null, "operator_type": null, "amenity": null, "beds": null, "staff_count_doctors": null, "access": null, "staff_count_nurses": null, "health_facility_level": null, "toilets_handwashing": null, "building": null, "name": "Kantor Kalurahan Muntuk", "health_facility_bed": null }, "geometry": { "type": "Point", "coordinates": [ 110.4445766, -7.9099042 ] } },
{ "type": "Feature", "properties": { "osm_id": 12364524751, "osm_type": "nodes", "office": "government", "government": null, "opening_hours": null, "health_facility_type": null, "status": null, "medical_system_western": null, "rooms": null, "toilets_disposal": null, "operator": null, "tourism": null, "operator_type": null, "amenity": null, "beds": null, "staff_count_doctors": null, "access": null, "staff_count_nurses": null, "health_facility_level": null, "toilets_handwashing": null, "building": null, "name": "Kantor Kapanewon Sanden", "health_facility_bed": null }, "geometry": { "type": "Point", "coordinates": [ 110.2658134, -7.9681298 ] } },
{ "type": "Feature", "properties": { "osm_id": 8164034696, "osm_type": "nodes", "office": "government", "government": "yes", "opening_hours": null, "health_facility_type": null, "status": null, "medical_system_western": null, "rooms": null, "toilets_disposal": null, "operator": null, "tourism": null, "operator_type": null, "amenity": null, "beds": null, "staff_count_doctors": null, "access": null, "staff_count_nurses": null, "health_facility_level": null, "toilets_handwashing": null, "building": null, "name": "Kantor Desa Murtigading", "health_facility_bed": null }, "geometry": { "type": "Point", "coordinates": [ 110.2655006, -7.9669101 ] } },
{ "type": "Feature", "properties": { "osm_id": 8164034695, "osm_type": "nodes", "office": "government", "government": null, "opening_hours": null, "health_facility_type": null, "status": null, "medical_system_western": null, "rooms": null, "toilets_disposal": null, "operator": null, "tourism": null, "operator_type": null, "amenity": null, "beds": null, "staff_count_doctors": null, "access": null, "staff_count_nurses": null, "health_facility_level": null, "toilets_handwashing": null, "building": null, "name": "KORAMIL Sanden", "health_facility_bed": null }, "geometry": { "type": "Point", "coordinates": [ 110.2650661, -7.965329 ] } },
{ "type": "Feature", "properties": { "osm_id": 10961478073, "osm_type": "nodes", "office": "government", "government": "administrative", "opening_hours": null, "health_facility_type": null, "status": null, "medical_system_western": null, "rooms": null, "toilets_disposal": null, "operator": null, "tourism": null, "operator_type": null, "amenity": null, "beds": null, "staff_count_doctors": null, "access": null, "staff_count_nurses": null, "health_facility_level": null, "toilets_handwashing": null, "building": null, "name": "Kantor Kelurahan Murtigading", "health_facility_bed": null }, "geometry": { "type": "Point", "coordinates": [ 110.2656, -7.9669 ] } },
{ "type": "Feature", "properties": { "osm_id": 12648754858, "osm_type": "nodes", "office": null, "government": null, "opening_hours": null, "health_facility_type": null, "status": null, "medical_system_western": null, "rooms": null, "toilets_disposal": null, "operator": null, "tourism": "hotel", "operator_type": null, "amenity": null, "beds": null, "staff_count_doctors": null, "access": null, "staff_count_nurses": null, "health_facility_level": null, "toilets_handwashing": null, "building": null, "name": "Sans Nagari", "health_facility_bed": null }, "geometry": { "type": "Point", "coordinates": [ 110.3563331, -7.7986755 ] } },
{ "type": "Feature", "properties": { "osm_id": 4212103389, "osm_type": "nodes", "office": null, "government": null, "opening_hours": null, "health_facility_type": null, "status": null, "medical_system_western": null, "rooms": null, "toilets_disposal": null, "operator": null, "tourism": "hostel", "operator_type": null, "amenity": null, "beds": null, "staff_count_doctors": null, "access": null, "staff_count_nurses": null, "health_facility_level": null, "toilets_handwashing": null, "building": null, "name": "EDU", "health_facility_bed": null }, "geometry": { "type": "Point", "coordinates": [ 110.3562715, -7.7993491 ] } },
{ "type": "Feature", "properties": { "osm_id": 5303125639, "osm_type": "nodes", "office": null, "government": null, "opening_hours": null, "health_facility_type": null, "status": null, "medical_system_western": null, "rooms": null, "toilets_disposal": null, "operator": null, "tourism": "hostel", "operator_type": null, "amenity": null, "beds": null, "staff_count_doctors": null, "access": null, "staff_count_nurses": null, "health_facility_level": null, "toilets_handwashing": null, "building": null, "name": "Yogyakarta Backpacker - Casa Raffles", "health_facility_bed": null }, "geometry": { "type": "Point", "coordinates": [ 110.3577593, -7.8006506 ] } },
{ "type": "Feature", "properties": { "osm_id": 10961476333, "osm_type": "nodes", "office": "government", "government": "administrative", "opening_hours": null, "health_facility_type": null, "status": null, "medical_system_western": null, "rooms": null, "toilets_disposal": null, "operator": null, "tourism": null, "operator_type": null, "amenity": null, "beds": null, "staff_count_doctors": null, "access": null, "staff_count_nurses": null, "health_facility_level": null, "toilets_handwashing": null, "building": null, "name": "Kantor Kelurahan Ngampilan", "health_facility_bed": null }, "geometry": { "type": "Point", "coordinates": [ 110.3581, -7.8007 ] } },
{ "type": "Feature", "properties": { "osm_id": 12919668663, "osm_type": "nodes", "office": null, "government": null, "opening_hours": null, "health_facility_type": null, "status": null, "medical_system_western": null, "rooms": null, "toilets_disposal": null, "operator": null, "tourism": "hotel", "operator_type": null, "amenity": null, "beds": null, "staff_count_doctors": null, "access": null, "staff_count_nurses": null, "health_facility_level": null, "toilets_handwashing": null, "building": null, "name": "Arrayan", "health_facility_bed": null }, "geometry": { "type": "Point", "coordinates": [ 110.3619105, -7.8002857 ] } },
{ "type": "Feature", "properties": { "osm_id": 10961475251, "osm_type": "nodes", "office": "government", "government": "administrative", "opening_hours": null, "health_facility_type": null, "status": null, "medical_system_western": null, "rooms": null, "toilets_disposal": null, "operator": null, "tourism": null, "operator_type": null, "amenity": null, "beds": null, "staff_count_doctors": null, "access": null, "staff_count_nurses": null, "health_facility_level": null, "toilets_handwashing": null, "building": null, "name": "Kantor Kelurahan Ngargosari", "health_facility_bed": null }, "geometry": { "type": "Point", "coordinates": [ 110.1542, -7.6617 ] } },
{ "type": "Feature", "properties": { "osm_id": 10595432520, "osm_type": "nodes", "office": "government", "government": "administrative", "opening_hours": "Mo-Fr 08:00-16:00", "health_facility_type": null, "status": null, "medical_system_western": null, "rooms": null, "toilets_disposal": null, "operator": null, "tourism": null, "operator_type": null, "amenity": null, "beds": null, "staff_count_doctors": null, "access": null, "staff_count_nurses": null, "health_facility_level": null, "toilets_handwashing": null, "building": null, "name": "Kantor Pemerintah Kaluruhan Ngargosari", "health_facility_bed": null }, "geometry": { "type": "Point", "coordinates": [ 110.1542705, -7.6614345 ] } },
{ "type": "Feature", "properties": { "osm_id": 10961471892, "osm_type": "nodes", "office": "government", "government": "administrative", "opening_hours": null, "health_facility_type": null, "status": null, "medical_system_western": null, "rooms": null, "toilets_disposal": null, "operator": null, "tourism": null, "operator_type": null, "amenity": null, "beds": null, "staff_count_doctors": null, "access": null, "staff_count_nurses": null, "health_facility_level": null, "toilets_handwashing": null, "building": null, "name": "Kantor Kelurahan Ngestiharjo", "health_facility_bed": null }, "geometry": { "type": "Point", "coordinates": [ 110.1378, -7.9017 ] } },
{ "type": "Feature", "properties": { "osm_id": 12648754859, "osm_type": "nodes", "office": null, "government": null, "opening_hours": null, "health_facility_type": null, "status": null, "medical_system_western": null, "rooms": null, "toilets_disposal": null, "operator": null, "tourism": "hotel", "operator_type": null, "amenity": null, "beds": null, "staff_count_doctors": null, "access": null, "staff_count_nurses": null, "health_facility_level": null, "toilets_handwashing": null, "building": null, "name": "The Cabin Hotel", "health_facility_bed": null }, "geometry": { "type": "Point", "coordinates": [ 110.3489923, -7.8011335 ] } },
{ "type": "Feature", "properties": { "osm_id": 11875080903, "osm_type": "nodes", "office": null, "government": null, "opening_hours": null, "health_facility_type": null, "status": null, "medical_system_western": null, "rooms": null, "toilets_disposal": null, "operator": null, "tourism": null, "operator_type": null, "amenity": "hospital", "beds": null, "staff_count_doctors": null, "access": null, "staff_count_nurses": null, "health_facility_level": null, "toilets_handwashing": null, "building": null, "name": "PSIKOLOGI PARADIGMA", "health_facility_bed": null }, "geometry": { "type": "Point", "coordinates": [ 110.3431439, -7.8116781 ] } },
{ "type": "Feature", "properties": { "osm_id": 4799118030, "osm_type": "nodes", "office": null, "government": null, "opening_hours": null, "health_facility_type": null, "status": null, "medical_system_western": null, "rooms": null, "toilets_disposal": null, "operator": null, "tourism": "guest_house", "operator_type": null, "amenity": null, "beds": null, "staff_count_doctors": null, "access": null, "staff_count_nurses": null, "health_facility_level": null, "toilets_handwashing": null, "building": null, "name": "Pak Heru", "health_facility_bed": null }, "geometry": { "type": "Point", "coordinates": [ 110.35116, -7.7887825 ] } },
{ "type": "Feature", "properties": { "osm_id": 10961474758, "osm_type": "nodes", "office": "government", "government": "administrative", "opening_hours": null, "health_facility_type": null, "status": null, "medical_system_western": null, "rooms": null, "toilets_disposal": null, "operator": null, "tourism": null, "operator_type": null, "amenity": null, "beds": null, "staff_count_doctors": null, "access": null, "staff_count_nurses": null, "health_facility_level": null, "toilets_handwashing": null, "building": null, "name": "Kantor Kelurahan Nogotirto", "health_facility_bed": null }, "geometry": { "type": "Point", "coordinates": [ 110.3342, -7.7747 ] } },
{ "type": "Feature", "properties": { "osm_id": 10961475419, "osm_type": "nodes", "office": "government", "government": "administrative", "opening_hours": null, "health_facility_type": null, "status": null, "medical_system_western": null, "rooms": null, "toilets_disposal": null, "operator": null, "tourism": null, "operator_type": null, "amenity": null, "beds": null, "staff_count_doctors": null, "access": null, "staff_count_nurses": null, "health_facility_level": null, "toilets_handwashing": null, "building": null, "name": "Kantor Kelurahan Tegalrejo", "health_facility_bed": null }, "geometry": { "type": "Point", "coordinates": [ 110.3525, -7.7924 ] } },
{ "type": "Feature", "properties": { "osm_id": 10961475663, "osm_type": "nodes", "office": "government", "government": "administrative", "opening_hours": null, "health_facility_type": null, "status": null, "medical_system_western": null, "rooms": null, "toilets_disposal": null, "operator": null, "tourism": null, "operator_type": null, "amenity": null, "beds": null, "staff_count_doctors": null, "access": null, "staff_count_nurses": null, "health_facility_level": null, "toilets_handwashing": null, "building": null, "name": "Kantor Kelurahan Pakuncen", "health_facility_bed": null }, "geometry": { "type": "Point", "coordinates": [ 110.3522, -7.7933 ] } },
{ "type": "Feature", "properties": { "osm_id": 4369642900, "osm_type": "nodes", "office": null, "government": null, "opening_hours": "24/7", "health_facility_type": null, "status": null, "medical_system_western": null, "rooms": null, "toilets_disposal": null, "operator": "M.haryo hutomo", "tourism": "guest_house", "operator_type": null, "amenity": null, "beds": null, "staff_count_doctors": null, "access": null, "staff_count_nurses": null, "health_facility_level": null, "toilets_handwashing": null, "building": null, "name": "Grapyak Homestay", "health_facility_bed": null }, "geometry": { "type": "Point", "coordinates": [ 110.3451693, -7.8025764 ] } },
{ "type": "Feature", "properties": { "osm_id": 7097566670, "osm_type": "nodes", "office": null, "government": null, "opening_hours": null, "health_facility_type": null, "status": null, "medical_system_western": null, "rooms": null, "toilets_disposal": null, "operator": null, "tourism": "hotel", "operator_type": null, "amenity": null, "beds": null, "staff_count_doctors": null, "access": null, "staff_count_nurses": null, "health_facility_level": null, "toilets_handwashing": null, "building": null, "name": "The Edwin Syariah (OYO 611)", "health_facility_bed": null }, "geometry": { "type": "Point", "coordinates": [ 110.3408112, -7.8080188 ] } },
{ "type": "Feature", "properties": { "osm_id": 13176387837, "osm_type": "nodes", "office": "government", "government": "administrative", "opening_hours": null, "health_facility_type": null, "status": null, "medical_system_western": null, "rooms": null, "toilets_disposal": null, "operator": null, "tourism": null, "operator_type": null, "amenity": null, "beds": null, "staff_count_doctors": null, "access": null, "staff_count_nurses": null, "health_facility_level": null, "toilets_handwashing": null, "building": "construction", "name": "Kantor Kalurahan Ngestiharjo Baru", "health_facility_bed": null }, "geometry": { "type": "Point", "coordinates": [ 110.3434976, -7.8121629 ] } },
{ "type": "Feature", "properties": { "osm_id": 4590099295, "osm_type": "nodes", "office": null, "government": null, "opening_hours": null, "health_facility_type": null, "status": null, "medical_system_western": null, "rooms": null, "toilets_disposal": null, "operator": "Tuti", "tourism": "guest_house", "operator_type": null, "amenity": null, "beds": null, "staff_count_doctors": null, "access": null, "staff_count_nurses": null, "health_facility_level": null, "toilets_handwashing": null, "building": null, "name": "Alamo Homestay Limasan", "health_facility_bed": null }, "geometry": { "type": "Point", "coordinates": [ 110.3429914, -7.8148207 ] } },
{ "type": "Feature", "properties": { "osm_id": 9233361241, "osm_type": "nodes", "office": null, "government": null, "opening_hours": null, "health_facility_type": null, "status": null, "medical_system_western": null, "rooms": null, "toilets_disposal": null, "operator": null, "tourism": null, "operator_type": null, "amenity": "hospital", "beds": null, "staff_count_doctors": null, "access": null, "staff_count_nurses": null, "health_facility_level": null, "toilets_handwashing": null, "building": null, "name": "Health Architecture Center", "health_facility_bed": null }, "geometry": { "type": "Point", "coordinates": [ 110.3320585, -7.7677372 ] } },
{ "type": "Feature", "properties": { "osm_id": 9835194948, "osm_type": "nodes", "office": null, "government": null, "opening_hours": null, "health_facility_type": null, "status": null, "medical_system_western": null, "rooms": null, "toilets_disposal": null, "operator": null, "tourism": "hotel", "operator_type": null, "amenity": null, "beds": null, "staff_count_doctors": null, "access": null, "staff_count_nurses": null, "health_facility_level": null, "toilets_handwashing": null, "building": null, "name": "The Amartya Hotel Yogyakarta", "health_facility_bed": null }, "geometry": { "type": "Point", "coordinates": [ 110.330282, -7.7980772 ] } },
{ "type": "Feature", "properties": { "osm_id": 5059843835, "osm_type": "nodes", "office": null, "government": null, "opening_hours": null, "health_facility_type": null, "status": null, "medical_system_western": null, "rooms": null, "toilets_disposal": null, "operator": null, "tourism": "guest_house", "operator_type": null, "amenity": null, "beds": null, "staff_count_doctors": null, "access": null, "staff_count_nurses": null, "health_facility_level": null, "toilets_handwashing": null, "building": null, "name": "Jawajiwa Homestay", "health_facility_bed": null }, "geometry": { "type": "Point", "coordinates": [ 110.3402839, -7.8169923 ] } },
{ "type": "Feature", "properties": { "osm_id": 10961472224, "osm_type": "nodes", "office": "government", "government": "administrative", "opening_hours": null, "health_facility_type": null, "status": null, "medical_system_western": null, "rooms": null, "toilets_disposal": null, "operator": null, "tourism": null, "operator_type": null, "amenity": null, "beds": null, "staff_count_doctors": null, "access": null, "staff_count_nurses": null, "health_facility_level": null, "toilets_handwashing": null, "building": null, "name": "Kantor Kelurahan Banyuraden", "health_facility_bed": null }, "geometry": { "type": "Point", "coordinates": [ 110.3342, -7.7879 ] } },
{ "type": "Feature", "properties": { "osm_id": 9819610150, "osm_type": "nodes", "office": null, "government": null, "opening_hours": null, "health_facility_type": null, "status": null, "medical_system_western": null, "rooms": null, "toilets_disposal": null, "operator": null, "tourism": "guest_house", "operator_type": null, "amenity": null, "beds": null, "staff_count_doctors": null, "access": null, "staff_count_nurses": null, "health_facility_level": null, "toilets_handwashing": null, "building": null, "name": "Ndalem Suryo Saptono Guest House", "health_facility_bed": null }, "geometry": { "type": "Point", "coordinates": [ 110.3482204, -7.7819846 ] } },
{ "type": "Feature", "properties": { "osm_id": 3504109242, "osm_type": "nodes", "office": null, "government": null, "opening_hours": null, "health_facility_type": null, "status": null, "medical_system_western": null, "rooms": null, "toilets_disposal": null, "operator": null, "tourism": "guest_house", "operator_type": null, "amenity": null, "beds": null, "staff_count_doctors": null, "access": null, "staff_count_nurses": null, "health_facility_level": null, "toilets_handwashing": null, "building": null, "name": "House Of Nasi Bungkus", "health_facility_bed": null }, "geometry": { "type": "Point", "coordinates": [ 110.348149, -7.8140001 ] } },
{ "type": "Feature", "properties": { "osm_id": 4271041096, "osm_type": "nodes", "office": null, "government": null, "opening_hours": null, "health_facility_type": null, "status": null, "medical_system_western": null, "rooms": null, "toilets_disposal": null, "operator": null, "tourism": "hotel", "operator_type": null, "amenity": null, "beds": null, "staff_count_doctors": null, "access": null, "staff_count_nurses": null, "health_facility_level": null, "toilets_handwashing": null, "building": null, "name": "Omah Guyub", "health_facility_bed": null }, "geometry": { "type": "Point", "coordinates": [ 110.348414, -7.8152776 ] } },
{ "type": "Feature", "properties": { "osm_id": 7097544036, "osm_type": "nodes", "office": null, "government": null, "opening_hours": null, "health_facility_type": null, "status": null, "medical_system_western": null, "rooms": null, "toilets_disposal": null, "operator": null, "tourism": "hotel", "operator_type": null, "amenity": null, "beds": null, "staff_count_doctors": null, "access": null, "staff_count_nurses": null, "health_facility_level": null, "toilets_handwashing": null, "building": null, "name": "Andika Putera", "health_facility_bed": null }, "geometry": { "type": "Point", "coordinates": [ 110.351488, -7.80196 ] } },
{ "type": "Feature", "properties": { "osm_id": 10961478867, "osm_type": "nodes", "office": "government", "government": "administrative", "opening_hours": null, "health_facility_type": null, "status": null, "medical_system_western": null, "rooms": null, "toilets_disposal": null, "operator": null, "tourism": null, "operator_type": null, "amenity": null, "beds": null, "staff_count_doctors": null, "access": null, "staff_count_nurses": null, "health_facility_level": null, "toilets_handwashing": null, "building": null, "name": "Kantor Kelurahan Patangpuluhan", "health_facility_bed": null }, "geometry": { "type": "Point", "coordinates": [ 110.3505664, -7.8100503 ] } },
{ "type": "Feature", "properties": { "osm_id": 13176387836, "osm_type": "nodes", "office": "government", "government": "administrative", "opening_hours": null, "health_facility_type": null, "status": null, "medical_system_western": null, "rooms": null, "toilets_disposal": null, "operator": null, "tourism": null, "operator_type": null, "amenity": null, "beds": null, "staff_count_doctors": null, "access": null, "staff_count_nurses": null, "health_facility_level": null, "toilets_handwashing": null, "building": null, "name": "Kantor Kalurahan Ngestiharjo", "health_facility_bed": null }, "geometry": { "type": "Point", "coordinates": [ 110.346569, -7.8005469 ] } },
{ "type": "Feature", "properties": { "osm_id": 4819918121, "osm_type": "nodes", "office": null, "government": null, "opening_hours": null, "health_facility_type": null, "status": null, "medical_system_western": null, "rooms": null, "toilets_disposal": null, "operator": null, "tourism": "guest_house", "operator_type": null, "amenity": null, "beds": null, "staff_count_doctors": null, "access": null, "staff_count_nurses": null, "health_facility_level": null, "toilets_handwashing": null, "building": null, "name": "Boma House", "health_facility_bed": null }, "geometry": { "type": "Point", "coordinates": [ 110.349124, -7.8053983 ] } },
{ "type": "Feature", "properties": { "osm_id": 5905752289, "osm_type": "nodes", "office": null, "government": null, "opening_hours": null, "health_facility_type": null, "status": null, "medical_system_western": null, "rooms": null, "toilets_disposal": null, "operator": null, "tourism": "guest_house", "operator_type": null, "amenity": null, "beds": null, "staff_count_doctors": null, "access": null, "staff_count_nurses": null, "health_facility_level": null, "toilets_handwashing": null, "building": null, "name": "Grapyak Homestay Syariah", "health_facility_bed": null }, "geometry": { "type": "Point", "coordinates": [ 110.3450151, -7.8025752 ] } },
{ "type": "Feature", "properties": { "osm_id": 4799168327, "osm_type": "nodes", "office": null, "government": null, "opening_hours": null, "health_facility_type": null, "status": null, "medical_system_western": null, "rooms": null, "toilets_disposal": null, "operator": null, "tourism": "guest_house", "operator_type": null, "amenity": null, "beds": null, "staff_count_doctors": null, "access": null, "staff_count_nurses": null, "health_facility_level": null, "toilets_handwashing": null, "building": null, "name": "Pak Bambang", "health_facility_bed": null }, "geometry": { "type": "Point", "coordinates": [ 110.351716, -7.7873556 ] } },
{ "type": "Feature", "properties": { "osm_id": 9763771868, "osm_type": "nodes", "office": null, "government": null, "opening_hours": null, "health_facility_type": null, "status": null, "medical_system_western": null, "rooms": null, "toilets_disposal": null, "operator": null, "tourism": "hotel", "operator_type": null, "amenity": null, "beds": null, "staff_count_doctors": null, "access": null, "staff_count_nurses": null, "health_facility_level": null, "toilets_handwashing": null, "building": null, "name": "Hotel Melia Purosani", "health_facility_bed": null }, "geometry": { "type": "Point", "coordinates": [ 110.3689789, -7.7969057 ] } },
{ "type": "Feature", "properties": { "osm_id": 6426324790, "osm_type": "nodes", "office": null, "government": null, "opening_hours": "Mo-Su 07:00-23:00", "health_facility_type": null, "status": null, "medical_system_western": null, "rooms": "6", "toilets_disposal": null, "operator": null, "tourism": "hostel", "operator_type": null, "amenity": null, "beds": null, "staff_count_doctors": null, "access": null, "staff_count_nurses": null, "health_facility_level": null, "toilets_handwashing": null, "building": null, "name": "Sante Commune Hostel Yogyakarta", "health_facility_bed": null }, "geometry": { "type": "Point", "coordinates": [ 110.360952, -7.8021073 ] } },
{ "type": "Feature", "properties": { "osm_id": 5225015121, "osm_type": "nodes", "office": null, "government": null, "opening_hours": null, "health_facility_type": null, "status": null, "medical_system_western": null, "rooms": null, "toilets_disposal": null, "operator": null, "tourism": "hostel", "operator_type": null, "amenity": null, "beds": null, "staff_count_doctors": null, "access": null, "staff_count_nurses": null, "health_facility_level": null, "toilets_handwashing": null, "building": null, "name": null, "health_facility_bed": null }, "geometry": { "type": "Point", "coordinates": [ 110.3711006, -7.7986627 ] } },
{ "type": "Feature", "properties": { "osm_id": 5977677785, "osm_type": "nodes", "office": null, "government": null, "opening_hours": null, "health_facility_type": null, "status": null, "medical_system_western": null, "rooms": null, "toilets_disposal": null, "operator": null, "tourism": "hostel", "operator_type": null, "amenity": null, "beds": null, "staff_count_doctors": null, "access": null, "staff_count_nurses": null, "health_facility_level": null, "toilets_handwashing": null, "building": null, "name": "omah gerjen", "health_facility_bed": null }, "geometry": { "type": "Point", "coordinates": [ 110.3609832, -7.8025978 ] } },
{ "type": "Feature", "properties": { "osm_id": 4168500297, "osm_type": "nodes", "office": null, "government": null, "opening_hours": "Mo-Su 07:00-19:00", "health_facility_type": null, "status": null, "medical_system_western": null, "rooms": "7", "toilets_disposal": null, "operator": "YogyakartaBnB", "tourism": "guest_house", "operator_type": null, "amenity": null, "beds": null, "staff_count_doctors": null, "access": null, "staff_count_nurses": null, "health_facility_level": null, "toilets_handwashing": null, "building": null, "name": "Yogyakarta BnB", "health_facility_bed": null }, "geometry": { "type": "Point", "coordinates": [ 110.362985, -7.7966198 ] } },
{ "type": "Feature", "properties": { "osm_id": 10961455265, "osm_type": "nodes", "office": "government", "government": "administrative", "opening_hours": null, "health_facility_type": null, "status": null, "medical_system_western": null, "rooms": null, "toilets_disposal": null, "operator": null, "tourism": null, "operator_type": null, "amenity": null, "beds": null, "staff_count_doctors": null, "access": null, "staff_count_nurses": null, "health_facility_level": null, "toilets_handwashing": null, "building": null, "name": "Kantor Kelurahan Ngupasan", "health_facility_bed": null }, "geometry": { "type": "Point", "coordinates": [ 110.3694423, -7.7974376 ] } },
{ "type": "Feature", "properties": { "osm_id": 5833839182, "osm_type": "nodes", "office": null, "government": null, "opening_hours": null, "health_facility_type": null, "status": null, "medical_system_western": null, "rooms": null, "toilets_disposal": null, "operator": null, "tourism": "guest_house", "operator_type": null, "amenity": null, "beds": null, "staff_count_doctors": null, "access": null, "staff_count_nurses": null, "health_facility_level": null, "toilets_handwashing": null, "building": null, "name": "Jasmine Heritage Homestay", "health_facility_bed": null }, "geometry": { "type": "Point", "coordinates": [ 110.3706682, -7.8041651 ] } },
{ "type": "Feature", "properties": { "osm_id": 10094819117, "osm_type": "nodes", "office": null, "government": null, "opening_hours": null, "health_facility_type": null, "status": null, "medical_system_western": null, "rooms": null, "toilets_disposal": null, "operator": null, "tourism": "hotel", "operator_type": null, "amenity": null, "beds": null, "staff_count_doctors": null, "access": null, "staff_count_nurses": null, "health_facility_level": null, "toilets_handwashing": null, "building": null, "name": "Snooze", "health_facility_bed": null }, "geometry": { "type": "Point", "coordinates": [ 110.3679131, -7.8046805 ] } },
{ "type": "Feature", "properties": { "osm_id": 4226633916, "osm_type": "nodes", "office": null, "government": null, "opening_hours": null, "health_facility_type": null, "status": null, "medical_system_western": null, "rooms": null, "toilets_disposal": null, "operator": null, "tourism": "hostel", "operator_type": null, "amenity": null, "beds": null, "staff_count_doctors": null, "access": null, "staff_count_nurses": null, "health_facility_level": null, "toilets_handwashing": null, "building": null, "name": "Bunk Bed and Breakfast Hostel", "health_facility_bed": null }, "geometry": { "type": "Point", "coordinates": [ 110.3565181, -7.8028105 ] } },
{ "type": "Feature", "properties": { "osm_id": 10961477784, "osm_type": "nodes", "office": "government", "government": "administrative", "opening_hours": null, "health_facility_type": null, "status": null, "medical_system_western": null, "rooms": null, "toilets_disposal": null, "operator": null, "tourism": null, "operator_type": null, "amenity": null, "beds": null, "staff_count_doctors": null, "access": null, "staff_count_nurses": null, "health_facility_level": null, "toilets_handwashing": null, "building": null, "name": "Kantor Kelurahan Pagerharjo", "health_facility_bed": null }, "geometry": { "type": "Point", "coordinates": [ 110.135, -7.6731 ] } },
{ "type": "Feature", "properties": { "osm_id": 6367176147, "osm_type": "nodes", "office": null, "government": null, "opening_hours": null, "health_facility_type": null, "status": null, "medical_system_western": null, "rooms": null, "toilets_disposal": null, "operator": null, "tourism": "hotel", "operator_type": null, "amenity": null, "beds": null, "staff_count_doctors": null, "access": null, "staff_count_nurses": null, "health_facility_level": null, "toilets_handwashing": null, "building": null, "name": "Forriz", "health_facility_bed": null }, "geometry": { "type": "Point", "coordinates": [ 110.3532699, -7.7952564 ] } },
{ "type": "Feature", "properties": { "osm_id": 3632518539, "osm_type": "nodes", "office": "government", "government": null, "opening_hours": null, "health_facility_type": null, "status": null, "medical_system_western": null, "rooms": null, "toilets_disposal": null, "operator": null, "tourism": null, "operator_type": null, "amenity": null, "beds": null, "staff_count_doctors": null, "access": null, "staff_count_nurses": null, "health_facility_level": null, "toilets_handwashing": null, "building": null, "name": "PU Bantul", "health_facility_bed": null }, "geometry": { "type": "Point", "coordinates": [ 110.3172018, -7.9052879 ] } },
{ "type": "Feature", "properties": { "osm_id": 10961479349, "osm_type": "nodes", "office": "government", "government": "administrative", "opening_hours": null, "health_facility_type": null, "status": null, "medical_system_western": null, "rooms": null, "toilets_disposal": null, "operator": null, "tourism": null, "operator_type": null, "amenity": null, "beds": null, "staff_count_doctors": null, "access": null, "staff_count_nurses": null, "health_facility_level": null, "toilets_handwashing": null, "building": null, "name": "Kantor Kelurahan Palihan", "health_facility_bed": null }, "geometry": { "type": "Point", "coordinates": [ 110.0572, -7.8864 ] } },
{ "type": "Feature", "properties": { "osm_id": 10961476817, "osm_type": "nodes", "office": "government", "government": "administrative", "opening_hours": null, "health_facility_type": null, "status": null, "medical_system_western": null, "rooms": null, "toilets_disposal": null, "operator": null, "tourism": null, "operator_type": null, "amenity": null, "beds": null, "staff_count_doctors": null, "access": null, "staff_count_nurses": null, "health_facility_level": null, "toilets_handwashing": null, "building": null, "name": "Kantor Kelurahan Sindutan", "health_facility_bed": null }, "geometry": { "type": "Point", "coordinates": [ 110.0481, -7.8861 ] } },
{ "type": "Feature", "properties": { "osm_id": 12353735009, "osm_type": "nodes", "office": null, "government": null, "opening_hours": null, "health_facility_type": null, "status": null, "medical_system_western": null, "rooms": null, "toilets_disposal": null, "operator": null, "tourism": "guest_house", "operator_type": null, "amenity": null, "beds": null, "staff_count_doctors": null, "access": null, "staff_count_nurses": null, "health_facility_level": null, "toilets_handwashing": null, "building": null, "name": "Kos Putri Amanah", "health_facility_bed": null }, "geometry": { "type": "Point", "coordinates": [ 110.3925468, -7.8198892 ] } },
{ "type": "Feature", "properties": { "osm_id": 4590940458, "osm_type": "nodes", "office": null, "government": null, "opening_hours": null, "health_facility_type": null, "status": null, "medical_system_western": null, "rooms": null, "toilets_disposal": null, "operator": null, "tourism": "hotel", "operator_type": null, "amenity": null, "beds": null, "staff_count_doctors": null, "access": null, "staff_count_nurses": null, "health_facility_level": null, "toilets_handwashing": null, "building": null, "name": "Hotel Brawijaya", "health_facility_bed": null }, "geometry": { "type": "Point", "coordinates": [ 110.3919903, -7.8143823 ] } },
{ "type": "Feature", "properties": { "osm_id": 4293952752, "osm_type": "nodes", "office": null, "government": null, "opening_hours": null, "health_facility_type": null, "status": null, "medical_system_western": null, "rooms": null, "toilets_disposal": null, "operator": null, "tourism": "hotel", "operator_type": null, "amenity": null, "beds": null, "staff_count_doctors": null, "access": null, "staff_count_nurses": null, "health_facility_level": null, "toilets_handwashing": null, "building": null, "name": "Hotel BIFA (Bintang Fajar)", "health_facility_bed": null }, "geometry": { "type": "Point", "coordinates": [ 110.3938993, -7.8185385 ] } },
{ "type": "Feature", "properties": { "osm_id": 10961473652, "osm_type": "nodes", "office": "government", "government": "administrative", "opening_hours": null, "health_facility_type": null, "status": null, "medical_system_western": null, "rooms": null, "toilets_disposal": null, "operator": null, "tourism": null, "operator_type": null, "amenity": null, "beds": null, "staff_count_doctors": null, "access": null, "staff_count_nurses": null, "health_facility_level": null, "toilets_handwashing": null, "building": null, "name": "Kantor Kelurahan Warungboto", "health_facility_bed": null }, "geometry": { "type": "Point", "coordinates": [ 110.3906914, -7.8108573 ] } },
{ "type": "Feature", "properties": { "osm_id": 10961479390, "osm_type": "nodes", "office": "government", "government": "administrative", "opening_hours": null, "health_facility_type": null, "status": null, "medical_system_western": null, "rooms": null, "toilets_disposal": null, "operator": null, "tourism": null, "operator_type": null, "amenity": null, "beds": null, "staff_count_doctors": null, "access": null, "staff_count_nurses": null, "health_facility_level": null, "toilets_handwashing": null, "building": null, "name": "Kantor Kelurahan Pandeyan", "health_facility_bed": null }, "geometry": { "type": "Point", "coordinates": [ 110.3863, -7.812 ] } },
{ "type": "Feature", "properties": { "osm_id": 9824258186, "osm_type": "nodes", "office": null, "government": null, "opening_hours": null, "health_facility_type": null, "status": null, "medical_system_western": null, "rooms": null, "toilets_disposal": null, "operator": null, "tourism": "hotel", "operator_type": null, "amenity": null, "beds": null, "staff_count_doctors": null, "access": null, "staff_count_nurses": null, "health_facility_level": null, "toilets_handwashing": null, "building": null, "name": "Seroja Kostel Golo", "health_facility_bed": null }, "geometry": { "type": "Point", "coordinates": [ 110.3818528, -7.8151374 ] } },
{ "type": "Feature", "properties": { "osm_id": 12727127901, "osm_type": "nodes", "office": null, "government": null, "opening_hours": null, "health_facility_type": null, "status": null, "medical_system_western": null, "rooms": null, "toilets_disposal": null, "operator": null, "tourism": "guest_house", "operator_type": null, "amenity": null, "beds": null, "staff_count_doctors": null, "access": null, "staff_count_nurses": null, "health_facility_level": null, "toilets_handwashing": null, "building": null, "name": "Ndalem Sarengat", "health_facility_bed": null }, "geometry": { "type": "Point", "coordinates": [ 110.3680513, -7.8105958 ] } },
{ "type": "Feature", "properties": { "osm_id": 13373480001, "osm_type": "nodes", "office": null, "government": null, "opening_hours": null, "health_facility_type": null, "status": null, "medical_system_western": null, "rooms": null, "toilets_disposal": null, "operator": null, "tourism": "hotel", "operator_type": null, "amenity": null, "beds": null, "staff_count_doctors": null, "access": null, "staff_count_nurses": null, "health_facility_level": null, "toilets_handwashing": null, "building": null, "name": "Omah Siliran Heritage", "health_facility_bed": null }, "geometry": { "type": "Point", "coordinates": [ 110.3661825, -7.8132379 ] } },
{ "type": "Feature", "properties": { "osm_id": 5372687423, "osm_type": "nodes", "office": null, "government": null, "opening_hours": null, "health_facility_type": null, "status": null, "medical_system_western": null, "rooms": null, "toilets_disposal": null, "operator": null, "tourism": "hostel", "operator_type": null, "amenity": null, "beds": null, "staff_count_doctors": null, "access": null, "staff_count_nurses": null, "health_facility_level": null, "toilets_handwashing": null, "building": null, "name": "The Cozy Nest", "health_facility_bed": null }, "geometry": { "type": "Point", "coordinates": [ 110.3651374, -7.8125301 ] } },
{ "type": "Feature", "properties": { "osm_id": 5374694121, "osm_type": "nodes", "office": null, "government": null, "opening_hours": "24/7", "health_facility_type": null, "status": null, "medical_system_western": null, "rooms": null, "toilets_disposal": null, "operator": "Ades", "tourism": "hostel", "operator_type": null, "amenity": null, "beds": null, "staff_count_doctors": null, "access": null, "staff_count_nurses": null, "health_facility_level": null, "toilets_handwashing": null, "building": null, "name": "Cozy Nest Hostel Yogyakarta", "health_facility_bed": null }, "geometry": { "type": "Point", "coordinates": [ 110.3647209, -7.8123783 ] } },
{ "type": "Feature", "properties": { "osm_id": 5903606985, "osm_type": "nodes", "office": null, "government": null, "opening_hours": null, "health_facility_type": null, "status": null, "medical_system_western": null, "rooms": null, "toilets_disposal": null, "operator": null, "tourism": "guest_house", "operator_type": null, "amenity": null, "beds": null, "staff_count_doctors": null, "access": null, "staff_count_nurses": null, "health_facility_level": null, "toilets_handwashing": null, "building": null, "name": "Griya Asih", "health_facility_bed": null }, "geometry": { "type": "Point", "coordinates": [ 110.3648338, -7.8131109 ] } },
{ "type": "Feature", "properties": { "osm_id": 7117199310, "osm_type": "nodes", "office": null, "government": null, "opening_hours": null, "health_facility_type": null, "status": null, "medical_system_western": null, "rooms": null, "toilets_disposal": null, "operator": null, "tourism": "guest_house", "operator_type": null, "amenity": null, "beds": null, "staff_count_doctors": null, "access": null, "staff_count_nurses": null, "health_facility_level": null, "toilets_handwashing": null, "building": null, "name": "Ndalem Diajeng", "health_facility_bed": null }, "geometry": { "type": "Point", "coordinates": [ 110.3675176, -7.8119214 ] } },
{ "type": "Feature", "properties": { "osm_id": 10961476569, "osm_type": "nodes", "office": "government", "government": "administrative", "opening_hours": null, "health_facility_type": null, "status": null, "medical_system_western": null, "rooms": null, "toilets_disposal": null, "operator": null, "tourism": null, "operator_type": null, "amenity": null, "beds": null, "staff_count_doctors": null, "access": null, "staff_count_nurses": null, "health_facility_level": null, "toilets_handwashing": null, "building": null, "name": "Kantor Kelurahan Panembahan", "health_facility_bed": null }, "geometry": { "type": "Point", "coordinates": [ 110.3652727, -7.8116169 ] } },
{ "type": "Feature", "properties": { "osm_id": 5369895821, "osm_type": "nodes", "office": null, "government": null, "opening_hours": "24/7", "health_facility_type": null, "status": null, "medical_system_western": null, "rooms": null, "toilets_disposal": null, "operator": "Ades", "tourism": "hostel", "operator_type": null, "amenity": null, "beds": null, "staff_count_doctors": null, "access": null, "staff_count_nurses": null, "health_facility_level": null, "toilets_handwashing": null, "building": null, "name": "cozy nest hostel", "health_facility_bed": null }, "geometry": { "type": "Point", "coordinates": [ 110.3646696, -7.8123926 ] } },
{ "type": "Feature", "properties": { "osm_id": 5374661825, "osm_type": "nodes", "office": null, "government": null, "opening_hours": "24/7", "health_facility_type": null, "status": null, "medical_system_western": null, "rooms": null, "toilets_disposal": null, "operator": "Ades", "tourism": "hostel", "operator_type": null, "amenity": null, "beds": null, "staff_count_doctors": null, "access": null, "staff_count_nurses": null, "health_facility_level": null, "toilets_handwashing": null, "building": null, "name": "Cozy Nest Hostel Yogyakarta", "health_facility_bed": null }, "geometry": { "type": "Point", "coordinates": [ 110.3646692, -7.8124774 ] } },
{ "type": "Feature", "properties": { "osm_id": 5838319686, "osm_type": "nodes", "office": null, "government": null, "opening_hours": null, "health_facility_type": null, "status": null, "medical_system_western": null, "rooms": null, "toilets_disposal": null, "operator": null, "tourism": "guest_house", "operator_type": null, "amenity": null, "beds": null, "staff_count_doctors": null, "access": null, "staff_count_nurses": null, "health_facility_level": null, "toilets_handwashing": null, "building": null, "name": "nDalem Gamelan", "health_facility_bed": null }, "geometry": { "type": "Point", "coordinates": [ 110.3664476, -7.8101354 ] } },
{ "type": "Feature", "properties": { "osm_id": 6596234985, "osm_type": "nodes", "office": null, "government": null, "opening_hours": null, "health_facility_type": null, "status": null, "medical_system_western": null, "rooms": null, "toilets_disposal": null, "operator": null, "tourism": "guest_house", "operator_type": null, "amenity": null, "beds": null, "staff_count_doctors": null, "access": null, "staff_count_nurses": null, "health_facility_level": null, "toilets_handwashing": null, "building": null, "name": "Home@Ifa’s - Kitten", "health_facility_bed": null }, "geometry": { "type": "Point", "coordinates": [ 110.3663795, -7.8081751 ] } },
{ "type": "Feature", "properties": { "osm_id": 3630324587, "osm_type": "nodes", "office": null, "government": null, "opening_hours": null, "health_facility_type": null, "status": null, "medical_system_western": null, "rooms": null, "toilets_disposal": null, "operator": null, "tourism": "hotel", "operator_type": null, "amenity": null, "beds": null, "staff_count_doctors": null, "access": null, "staff_count_nurses": null, "health_facility_level": null, "toilets_handwashing": null, "building": null, "name": "Fort Hotel", "health_facility_bed": null }, "geometry": { "type": "Point", "coordinates": [ 110.3475353, -7.8262747 ] } },
{ "type": "Feature", "properties": { "osm_id": 13742021412, "osm_type": "nodes", "office": null, "government": null, "opening_hours": null, "health_facility_type": null, "status": null, "medical_system_western": null, "rooms": "10", "toilets_disposal": null, "operator": "Dumess", "tourism": "guest_house", "operator_type": null, "amenity": null, "beds": null, "staff_count_doctors": null, "access": null, "staff_count_nurses": null, "health_facility_level": null, "toilets_handwashing": null, "building": null, "name": "Kost Dumess Exclusive", "health_facility_bed": null }, "geometry": { "type": "Point", "coordinates": [ 110.3465293, -7.8276747 ] } },
{ "type": "Feature", "properties": { "osm_id": 12364562319, "osm_type": "nodes", "office": "government", "government": null, "opening_hours": null, "health_facility_type": null, "status": null, "medical_system_western": null, "rooms": null, "toilets_disposal": null, "operator": null, "tourism": null, "operator_type": null, "amenity": null, "beds": null, "staff_count_doctors": null, "access": null, "staff_count_nurses": null, "health_facility_level": null, "toilets_handwashing": null, "building": null, "name": "Kantor Kapanewon Pundong", "health_facility_bed": null }, "geometry": { "type": "Point", "coordinates": [ 110.3439577, -7.9559165 ] } },
{ "type": "Feature", "properties": { "osm_id": 10961476734, "osm_type": "nodes", "office": "government", "government": "administrative", "opening_hours": null, "health_facility_type": null, "status": null, "medical_system_western": null, "rooms": null, "toilets_disposal": null, "operator": null, "tourism": null, "operator_type": null, "amenity": null, "beds": null, "staff_count_doctors": null, "access": null, "staff_count_nurses": null, "health_facility_level": null, "toilets_handwashing": null, "building": null, "name": "Kantor Kelurahan Seloharjo", "health_facility_bed": null }, "geometry": { "type": "Point", "coordinates": [ 110.3436, -7.9772 ] } },
{ "type": "Feature", "properties": { "osm_id": 1308713100, "osm_type": "nodes", "office": "government", "government": null, "opening_hours": null, "health_facility_type": null, "status": null, "medical_system_western": null, "rooms": null, "toilets_disposal": null, "operator": null, "tourism": null, "operator_type": null, "amenity": null, "beds": null, "staff_count_doctors": null, "access": null, "staff_count_nurses": null, "health_facility_level": null, "toilets_handwashing": null, "building": null, "name": "Kantor Kelurahan Panjangrejo", "health_facility_bed": null }, "geometry": { "type": "Point", "coordinates": [ 110.3320584, -7.9591711 ] } },
{ "type": "Feature", "properties": { "osm_id": 6259023999, "osm_type": "nodes", "office": null, "government": null, "opening_hours": null, "health_facility_type": null, "status": null, "medical_system_western": null, "rooms": null, "toilets_disposal": null, "operator": null, "tourism": "guest_house", "operator_type": null, "amenity": "restaurant", "beds": null, "staff_count_doctors": null, "access": null, "staff_count_nurses": null, "health_facility_level": null, "toilets_handwashing": null, "building": null, "name": "Cafe de Paris", "health_facility_bed": null }, "geometry": { "type": "Point", "coordinates": [ 110.3376396, -8.0272029 ] } },
{ "type": "Feature", "properties": { "osm_id": 6259024279, "osm_type": "nodes", "office": null, "government": null, "opening_hours": null, "health_facility_type": null, "status": null, "medical_system_western": null, "rooms": null, "toilets_disposal": null, "operator": null, "tourism": "guest_house", "operator_type": null, "amenity": null, "beds": null, "staff_count_doctors": null, "access": null, "staff_count_nurses": null, "health_facility_level": null, "toilets_handwashing": null, "building": null, "name": "Raharjo Penginapan & Rumah Makan", "health_facility_bed": null }, "geometry": { "type": "Point", "coordinates": [ 110.3331278, -8.0244475 ] } },
{ "type": "Feature", "properties": { "osm_id": 10961472335, "osm_type": "nodes", "office": "government", "government": "administrative", "opening_hours": null, "health_facility_type": null, "status": null, "medical_system_western": null, "rooms": null, "toilets_disposal": null, "operator": null, "tourism": null, "operator_type": null, "amenity": null, "beds": null, "staff_count_doctors": null, "access": null, "staff_count_nurses": null, "health_facility_level": null, "toilets_handwashing": null, "building": null, "name": "Kantor Kelurahan Tirtohargo", "health_facility_bed": null }, "geometry": { "type": "Point", "coordinates": [ 110.2853, -7.9953 ] } },
{ "type": "Feature", "properties": { "osm_id": 10961474870, "osm_type": "nodes", "office": "government", "government": "administrative", "opening_hours": null, "health_facility_type": null, "status": null, "medical_system_western": null, "rooms": null, "toilets_disposal": null, "operator": null, "tourism": null, "operator_type": null, "amenity": null, "beds": null, "staff_count_doctors": null, "access": null, "staff_count_nurses": null, "health_facility_level": null, "toilets_handwashing": null, "building": null, "name": "Kantor Kalurahan Parangtritis", "health_facility_bed": null }, "geometry": { "type": "Point", "coordinates": [ 110.3167924, -8.0039203 ] } },
{ "type": "Feature", "properties": { "osm_id": 4843543524, "osm_type": "nodes", "office": null, "government": null, "opening_hours": null, "health_facility_type": null, "status": null, "medical_system_western": null, "rooms": null, "toilets_disposal": null, "operator": null, "tourism": "hostel", "operator_type": null, "amenity": null, "beds": null, "staff_count_doctors": null, "access": null, "staff_count_nurses": null, "health_facility_level": null, "toilets_handwashing": null, "building": null, "name": "Losmen Widya", "health_facility_bed": null }, "geometry": { "type": "Point", "coordinates": [ 110.3301839, -8.0215623 ] } },
{ "type": "Feature", "properties": { "osm_id": 2651174542, "osm_type": "nodes", "office": null, "government": null, "opening_hours": null, "health_facility_type": null, "status": null, "medical_system_western": null, "rooms": null, "toilets_disposal": null, "operator": null, "tourism": null, "operator_type": null, "amenity": "hospital", "beds": null, "staff_count_doctors": null, "access": null, "staff_count_nurses": null, "health_facility_level": null, "toilets_handwashing": null, "building": null, "name": "Rahma Husada", "health_facility_bed": null }, "geometry": { "type": "Point", "coordinates": [ 110.3460526, -7.9318813 ] } },
{ "type": "Feature", "properties": { "osm_id": 12317860131, "osm_type": "nodes", "office": "government", "government": "office", "opening_hours": "Mo-Fr 07:30-15:30", "health_facility_type": null, "status": null, "medical_system_western": null, "rooms": null, "toilets_disposal": null, "operator": "Pemerintah Kabupaten Bantul", "tourism": null, "operator_type": null, "amenity": null, "beds": null, "staff_count_doctors": null, "access": null, "staff_count_nurses": null, "health_facility_level": null, "toilets_handwashing": null, "building": null, "name": "Kantor Satpol PP Kabupaten Bantul", "health_facility_bed": null }, "geometry": { "type": "Point", "coordinates": [ 110.3507849, -7.9052292 ] } },
{ "type": "Feature", "properties": { "osm_id": 3631002641, "osm_type": "nodes", "office": "government", "government": null, "opening_hours": null, "health_facility_type": null, "status": null, "medical_system_western": null, "rooms": null, "toilets_disposal": null, "operator": null, "tourism": null, "operator_type": null, "amenity": null, "beds": null, "staff_count_doctors": null, "access": null, "staff_count_nurses": null, "health_facility_level": null, "toilets_handwashing": null, "building": null, "name": "Kompleks Kantor SKPD Bantul", "health_facility_bed": null }, "geometry": { "type": "Point", "coordinates": [ 110.3477455, -7.9049952 ] } },
{ "type": "Feature", "properties": { "osm_id": 4441696190, "osm_type": "nodes", "office": null, "government": null, "opening_hours": null, "health_facility_type": null, "status": null, "medical_system_western": null, "rooms": null, "toilets_disposal": null, "operator": null, "tourism": "guest_house", "operator_type": null, "amenity": null, "beds": null, "staff_count_doctors": null, "access": null, "staff_count_nurses": null, "health_facility_level": null, "toilets_handwashing": null, "building": null, "name": "ichan house", "health_facility_bed": null }, "geometry": { "type": "Point", "coordinates": [ 110.3609385, -7.8117611 ] } },
{ "type": "Feature", "properties": { "osm_id": 10961474035, "osm_type": "nodes", "office": "government", "government": "administrative", "opening_hours": null, "health_facility_type": null, "status": null, "medical_system_western": null, "rooms": null, "toilets_disposal": null, "operator": null, "tourism": null, "operator_type": null, "amenity": null, "beds": null, "staff_count_doctors": null, "access": null, "staff_count_nurses": null, "health_facility_level": null, "toilets_handwashing": null, "building": null, "name": "Kantor Kelurahan Patehan", "health_facility_bed": null }, "geometry": { "type": "Point", "coordinates": [ 110.3578012, -7.8117587 ] } },
{ "type": "Feature", "properties": { "osm_id": 10961475200, "osm_type": "nodes", "office": "government", "government": "administrative", "opening_hours": null, "health_facility_type": null, "status": null, "medical_system_western": null, "rooms": null, "toilets_disposal": null, "operator": null, "tourism": null, "operator_type": null, "amenity": null, "beds": null, "staff_count_doctors": null, "access": null, "staff_count_nurses": null, "health_facility_level": null, "toilets_handwashing": null, "building": null, "name": "Kantor Kelurahan Pendowoharjo", "health_facility_bed": null }, "geometry": { "type": "Point", "coordinates": [ 110.3394, -7.8636 ] } },
{ "type": "Feature", "properties": { "osm_id": 10961476395, "osm_type": "nodes", "office": "government", "government": "administrative", "opening_hours": null, "health_facility_type": null, "status": null, "medical_system_western": null, "rooms": null, "toilets_disposal": null, "operator": null, "tourism": null, "operator_type": null, "amenity": null, "beds": null, "staff_count_doctors": null, "access": null, "staff_count_nurses": null, "health_facility_level": null, "toilets_handwashing": null, "building": null, "name": "Kantor Kelurahan Ngestiharjo", "health_facility_bed": null }, "geometry": { "type": "Point", "coordinates": [ 110.3464, -7.87 ] } },
{ "type": "Feature", "properties": { "osm_id": 10961472284, "osm_type": "nodes", "office": "government", "government": "administrative", "opening_hours": null, "health_facility_type": null, "status": null, "medical_system_western": null, "rooms": null, "toilets_disposal": null, "operator": null, "tourism": null, "operator_type": null, "amenity": null, "beds": null, "staff_count_doctors": null, "access": null, "staff_count_nurses": null, "health_facility_level": null, "toilets_handwashing": null, "building": null, "name": "Kantor Kelurahan Sendangsari", "health_facility_bed": null }, "geometry": { "type": "Point", "coordinates": [ 110.1656, -7.8358 ] } },
{ "type": "Feature", "properties": { "osm_id": 10961478825, "osm_type": "nodes", "office": "government", "government": "administrative", "opening_hours": null, "health_facility_type": null, "status": null, "medical_system_western": null, "rooms": null, "toilets_disposal": null, "operator": null, "tourism": null, "operator_type": null, "amenity": null, "beds": null, "staff_count_doctors": null, "access": null, "staff_count_nurses": null, "health_facility_level": null, "toilets_handwashing": null, "building": null, "name": "Kantor Kelurahan Pleret", "health_facility_bed": null }, "geometry": { "type": "Point", "coordinates": [ 110.1469, -7.9278 ] } },
{ "type": "Feature", "properties": { "osm_id": 12364561191, "osm_type": "nodes", "office": "government", "government": null, "opening_hours": null, "health_facility_type": null, "status": null, "medical_system_western": null, "rooms": null, "toilets_disposal": null, "operator": null, "tourism": null, "operator_type": null, "amenity": null, "beds": null, "staff_count_doctors": null, "access": null, "staff_count_nurses": null, "health_facility_level": null, "toilets_handwashing": null, "building": null, "name": "Kantor Kapanewon Pleret", "health_facility_bed": null }, "geometry": { "type": "Point", "coordinates": [ 110.4076086, -7.8666604 ] } },
{ "type": "Feature", "properties": { "osm_id": 10961476920, "osm_type": "nodes", "office": "government", "government": "administrative", "opening_hours": null, "health_facility_type": null, "status": null, "medical_system_western": null, "rooms": null, "toilets_disposal": null, "operator": null, "tourism": null, "operator_type": null, "amenity": null, "beds": null, "staff_count_doctors": null, "access": null, "staff_count_nurses": null, "health_facility_level": null, "toilets_handwashing": null, "building": null, "name": "Kantor Kelurahan Pleret", "health_facility_bed": null }, "geometry": { "type": "Point", "coordinates": [ 110.4003, -7.8694 ] } },
{ "type": "Feature", "properties": { "osm_id": 7082264285, "osm_type": "nodes", "office": null, "government": null, "opening_hours": null, "health_facility_type": null, "status": null, "medical_system_western": null, "rooms": null, "toilets_disposal": null, "operator": null, "tourism": "hotel", "operator_type": null, "amenity": null, "beds": null, "staff_count_doctors": null, "access": null, "staff_count_nurses": null, "health_facility_level": null, "toilets_handwashing": null, "building": null, "name": "Ada Waktu B&B", "health_facility_bed": null }, "geometry": { "type": "Point", "coordinates": [ 110.4029241, -7.8708079 ] } },
{ "type": "Feature", "properties": { "osm_id": 10961478682, "osm_type": "nodes", "office": "government", "government": "administrative", "opening_hours": null, "health_facility_type": null, "status": null, "medical_system_western": null, "rooms": null, "toilets_disposal": null, "operator": null, "tourism": null, "operator_type": null, "amenity": null, "beds": null, "staff_count_doctors": null, "access": null, "staff_count_nurses": null, "health_facility_level": null, "toilets_handwashing": null, "building": null, "name": "Kantor Kelurahan Plumbon", "health_facility_bed": null }, "geometry": { "type": "Point", "coordinates": [ 110.1047, -7.8969 ] } },
{ "type": "Feature", "properties": { "osm_id": 5894541992, "osm_type": "nodes", "office": null, "government": null, "opening_hours": "24/7", "health_facility_type": null, "status": null, "medical_system_western": null, "rooms": null, "toilets_disposal": null, "operator": null, "tourism": "hostel", "operator_type": null, "amenity": null, "beds": null, "staff_count_doctors": null, "access": null, "staff_count_nurses": null, "health_facility_level": null, "toilets_handwashing": null, "building": null, "name": "KPY Creativ Space", "health_facility_bed": null }, "geometry": { "type": "Point", "coordinates": [ 110.3697362, -7.8072901 ] } },
{ "type": "Feature", "properties": { "osm_id": 13093806878, "osm_type": "nodes", "office": "government", "government": "administrative", "opening_hours": null, "health_facility_type": null, "status": null, "medical_system_western": null, "rooms": null, "toilets_disposal": null, "operator": null, "tourism": null, "operator_type": null, "amenity": null, "beds": null, "staff_count_doctors": null, "access": null, "staff_count_nurses": null, "health_facility_level": null, "toilets_handwashing": null, "building": null, "name": "Kantor Kemantren Gondomanan", "health_facility_bed": null }, "geometry": { "type": "Point", "coordinates": [ 110.3699421, -7.8069607 ] } },
{ "type": "Feature", "properties": { "osm_id": 12522609355, "osm_type": "nodes", "office": "government", "government": "administrative", "opening_hours": null, "health_facility_type": null, "status": null, "medical_system_western": null, "rooms": null, "toilets_disposal": null, "operator": null, "tourism": null, "operator_type": null, "amenity": null, "beds": null, "staff_count_doctors": null, "access": null, "staff_count_nurses": null, "health_facility_level": null, "toilets_handwashing": null, "building": null, "name": "Kantor Kemantren Kotagede", "health_facility_bed": null }, "geometry": { "type": "Point", "coordinates": [ 110.395346, -7.8179334 ] } },
{ "type": "Feature", "properties": { "osm_id": 9824029773, "osm_type": "nodes", "office": null, "government": null, "opening_hours": null, "health_facility_type": null, "status": null, "medical_system_western": null, "rooms": null, "toilets_disposal": null, "operator": null, "tourism": "hotel", "operator_type": null, "amenity": null, "beds": null, "staff_count_doctors": null, "access": null, "staff_count_nurses": null, "health_facility_level": null, "toilets_handwashing": null, "building": null, "name": "Royal Darmo Malioboro Hotel Yogyakarta", "health_facility_bed": null }, "geometry": { "type": "Point", "coordinates": [ 110.3585358, -7.7924892 ] } },
{ "type": "Feature", "properties": { "osm_id": 4364472392, "osm_type": "nodes", "office": null, "government": null, "opening_hours": null, "health_facility_type": null, "status": null, "medical_system_western": null, "rooms": null, "toilets_disposal": null, "operator": null, "tourism": "hostel", "operator_type": null, "amenity": null, "beds": null, "staff_count_doctors": null, "access": null, "staff_count_nurses": null, "health_facility_level": null, "toilets_handwashing": null, "building": null, "name": "Wakeup Homestay", "health_facility_bed": null }, "geometry": { "type": "Point", "coordinates": [ 110.3619542, -7.7912429 ] } },
{ "type": "Feature", "properties": { "osm_id": 9831930494, "osm_type": "nodes", "office": null, "government": null, "opening_hours": null, "health_facility_type": null, "status": null, "medical_system_western": null, "rooms": null, "toilets_disposal": null, "operator": null, "tourism": "hostel", "operator_type": null, "amenity": null, "beds": null, "staff_count_doctors": null, "access": null, "staff_count_nurses": null, "health_facility_level": null, "toilets_handwashing": null, "building": null, "name": "Homy Backpackers Homestay Yogyakarta", "health_facility_bed": null }, "geometry": { "type": "Point", "coordinates": [ 110.3599287, -7.7914326 ] } },
{ "type": "Feature", "properties": { "osm_id": 9824030311, "osm_type": "nodes", "office": null, "government": null, "opening_hours": null, "health_facility_type": null, "status": null, "medical_system_western": null, "rooms": null, "toilets_disposal": null, "operator": null, "tourism": "hotel", "operator_type": null, "amenity": null, "beds": null, "staff_count_doctors": null, "access": null, "staff_count_nurses": null, "health_facility_level": null, "toilets_handwashing": null, "building": null, "name": "OYO 1626 Alena Residence", "health_facility_bed": null }, "geometry": { "type": "Point", "coordinates": [ 110.3582813, -7.7930454 ] } },
{ "type": "Feature", "properties": { "osm_id": 5468132496, "osm_type": "nodes", "office": null, "government": null, "opening_hours": null, "health_facility_type": null, "status": null, "medical_system_western": null, "rooms": null, "toilets_disposal": null, "operator": null, "tourism": "hotel", "operator_type": null, "amenity": null, "beds": null, "staff_count_doctors": null, "access": null, "staff_count_nurses": null, "health_facility_level": null, "toilets_handwashing": null, "building": null, "name": "The Cabin", "health_facility_bed": null }, "geometry": { "type": "Point", "coordinates": [ 110.361529, -7.7932823 ] } },
{ "type": "Feature", "properties": { "osm_id": 4957171921, "osm_type": "nodes", "office": null, "government": null, "opening_hours": null, "health_facility_type": null, "status": null, "medical_system_western": null, "rooms": null, "toilets_disposal": null, "operator": null, "tourism": "hotel", "operator_type": null, "amenity": null, "beds": null, "staff_count_doctors": null, "access": null, "staff_count_nurses": null, "health_facility_level": null, "toilets_handwashing": null, "building": null, "name": "Ismoyo", "health_facility_bed": null }, "geometry": { "type": "Point", "coordinates": [ 110.3580319, -7.7894726 ] } },
{ "type": "Feature", "properties": { "osm_id": 10961478195, "osm_type": "nodes", "office": "government", "government": "administrative", "opening_hours": null, "health_facility_type": null, "status": null, "medical_system_western": null, "rooms": null, "toilets_disposal": null, "operator": null, "tourism": null, "operator_type": null, "amenity": null, "beds": null, "staff_count_doctors": null, "access": null, "staff_count_nurses": null, "health_facility_level": null, "toilets_handwashing": null, "building": null, "name": "Kantor Kelurahan Pringgokusuman", "health_facility_bed": null }, "geometry": { "type": "Point", "coordinates": [ 110.3570831, -7.7926032 ] } },
{ "type": "Feature", "properties": { "osm_id": 4959456824, "osm_type": "nodes", "office": null, "government": null, "opening_hours": null, "health_facility_type": null, "status": null, "medical_system_western": null, "rooms": null, "toilets_disposal": null, "operator": null, "tourism": "guest_house", "operator_type": null, "amenity": null, "beds": null, "staff_count_doctors": null, "access": null, "staff_count_nurses": null, "health_facility_level": null, "toilets_handwashing": null, "building": null, "name": "Pego Homestay", "health_facility_bed": null }, "geometry": { "type": "Point", "coordinates": [ 110.3609986, -7.7910787 ] } },
{ "type": "Feature", "properties": { "osm_id": 10961475921, "osm_type": "nodes", "office": "government", "government": "administrative", "opening_hours": null, "health_facility_type": null, "status": null, "medical_system_western": null, "rooms": null, "toilets_disposal": null, "operator": null, "tourism": null, "operator_type": null, "amenity": null, "beds": null, "staff_count_doctors": null, "access": null, "staff_count_nurses": null, "health_facility_level": null, "toilets_handwashing": null, "building": null, "name": "Kantor Kelurahan Purwoharjo", "health_facility_bed": null }, "geometry": { "type": "Point", "coordinates": [ 110.1964, -7.6956 ] } },
{ "type": "Feature", "properties": { "osm_id": 3732339032, "osm_type": "nodes", "office": null, "government": null, "opening_hours": null, "health_facility_type": null, "status": null, "medical_system_western": null, "rooms": null, "toilets_disposal": null, "operator": null, "tourism": "hotel", "operator_type": null, "amenity": null, "beds": null, "staff_count_doctors": null, "access": null, "staff_count_nurses": null, "health_facility_level": null, "toilets_handwashing": null, "building": null, "name": "Puri Pangeran Hotel", "health_facility_bed": null }, "geometry": { "type": "Point", "coordinates": [ 110.3744796, -7.8006644 ] } },
{ "type": "Feature", "properties": { "osm_id": 10961474438, "osm_type": "nodes", "office": "government", "government": "administrative", "opening_hours": null, "health_facility_type": null, "status": null, "medical_system_western": null, "rooms": null, "toilets_disposal": null, "operator": null, "tourism": null, "operator_type": null, "amenity": null, "beds": null, "staff_count_doctors": null, "access": null, "staff_count_nurses": null, "health_facility_level": null, "toilets_handwashing": null, "building": null, "name": "Kantor Kelurahan Purwosari", "health_facility_bed": null }, "geometry": { "type": "Point", "coordinates": [ 110.1452147, -7.7231651 ] } },
{ "type": "Feature", "properties": { "osm_id": 10961474243, "osm_type": "nodes", "office": "government", "government": "administrative", "opening_hours": null, "health_facility_type": null, "status": null, "medical_system_western": null, "rooms": null, "toilets_disposal": null, "operator": null, "tourism": null, "operator_type": null, "amenity": null, "beds": null, "staff_count_doctors": null, "access": null, "staff_count_nurses": null, "health_facility_level": null, "toilets_handwashing": null, "building": null, "name": "Kantor Kalurahan Sabdodadi", "health_facility_bed": null }, "geometry": { "type": "Point", "coordinates": [ 110.3544, -7.8897 ] } },
{ "type": "Feature", "properties": { "osm_id": 10961472141, "osm_type": "nodes", "office": "government", "government": "administrative", "opening_hours": null, "health_facility_type": null, "status": null, "medical_system_western": null, "rooms": null, "toilets_disposal": null, "operator": null, "tourism": null, "operator_type": null, "amenity": null, "beds": null, "staff_count_doctors": null, "access": null, "staff_count_nurses": null, "health_facility_level": null, "toilets_handwashing": null, "building": null, "name": "Kantor Kelurahan Girijati", "health_facility_bed": null }, "geometry": { "type": "Point", "coordinates": [ 110.3667, -8.0022 ] } },
{ "type": "Feature", "properties": { "osm_id": 10961474674, "osm_type": "nodes", "office": "government", "government": "administrative", "opening_hours": null, "health_facility_type": null, "status": null, "medical_system_western": null, "rooms": null, "toilets_disposal": null, "operator": null, "tourism": null, "operator_type": null, "amenity": null, "beds": null, "staff_count_doctors": null, "access": null, "staff_count_nurses": null, "health_facility_level": null, "toilets_handwashing": null, "building": null, "name": "Kantor Kelurahan Giriasih", "health_facility_bed": null }, "geometry": { "type": "Point", "coordinates": [ 110.3667, -7.9942 ] } },
{ "type": "Feature", "properties": { "osm_id": 10961477877, "osm_type": "nodes", "office": "government", "government": "administrative", "opening_hours": null, "health_facility_type": null, "status": null, "medical_system_western": null, "rooms": null, "toilets_disposal": null, "operator": null, "tourism": null, "operator_type": null, "amenity": null, "beds": null, "staff_count_doctors": null, "access": null, "staff_count_nurses": null, "health_facility_level": null, "toilets_handwashing": null, "building": null, "name": "Kantor Kelurahan Girisuko", "health_facility_bed": null }, "geometry": { "type": "Point", "coordinates": [ 110.345, -8.0022 ] } },
{ "type": "Feature", "properties": { "osm_id": 3661114842, "osm_type": "nodes", "office": "government", "government": null, "opening_hours": null, "health_facility_type": null, "status": null, "medical_system_western": null, "rooms": null, "toilets_disposal": null, "operator": null, "tourism": null, "operator_type": null, "amenity": null, "beds": null, "staff_count_doctors": null, "access": null, "staff_count_nurses": null, "health_facility_level": null, "toilets_handwashing": null, "building": null, "name": "Balai Desa Sriharjo", "health_facility_bed": null }, "geometry": { "type": "Point", "coordinates": [ 110.3729106, -7.9441706 ] } },
{ "type": "Feature", "properties": { "osm_id": 10961472903, "osm_type": "nodes", "office": "government", "government": "administrative", "opening_hours": null, "health_facility_type": null, "status": null, "medical_system_western": null, "rooms": null, "toilets_disposal": null, "operator": null, "tourism": null, "operator_type": null, "amenity": null, "beds": null, "staff_count_doctors": null, "access": null, "staff_count_nurses": null, "health_facility_level": null, "toilets_handwashing": null, "building": null, "name": "Kantor Kalurahan Sriharjo", "health_facility_bed": null }, "geometry": { "type": "Point", "coordinates": [ 110.3728, -7.9444 ] } },
{ "type": "Feature", "properties": { "osm_id": 10961478641, "osm_type": "nodes", "office": "government", "government": "administrative", "opening_hours": null, "health_facility_type": null, "status": null, "medical_system_western": null, "rooms": null, "toilets_disposal": null, "operator": null, "tourism": null, "operator_type": null, "amenity": null, "beds": null, "staff_count_doctors": null, "access": null, "staff_count_nurses": null, "health_facility_level": null, "toilets_handwashing": null, "building": null, "name": "Kantor Kalurahan Selopamioro", "health_facility_bed": null }, "geometry": { "type": "Point", "coordinates": [ 110.3920814, -7.9515027 ] } },
{ "type": "Feature", "properties": { "osm_id": 13083637752, "osm_type": "nodes", "office": "government", "government": "prosecutor", "opening_hours": "Mo-Th 08:00-16:00, Fr 08:00-16.30", "health_facility_type": null, "status": null, "medical_system_western": null, "rooms": null, "toilets_disposal": null, "operator": "Instansi Pemerintah", "tourism": null, "operator_type": null, "amenity": null, "beds": null, "staff_count_doctors": null, "access": null, "staff_count_nurses": null, "health_facility_level": null, "toilets_handwashing": null, "building": null, "name": "Kejaksaan Negeri Yogyakarta", "health_facility_bed": null }, "geometry": { "type": "Point", "coordinates": [ 110.3819641, -7.7993491 ] } },
{ "type": "Feature", "properties": { "osm_id": 10961472983, "osm_type": "nodes", "office": "government", "government": "administrative", "opening_hours": null, "health_facility_type": null, "status": null, "medical_system_western": null, "rooms": null, "toilets_disposal": null, "operator": null, "tourism": null, "operator_type": null, "amenity": null, "beds": null, "staff_count_doctors": null, "access": null, "staff_count_nurses": null, "health_facility_level": null, "toilets_handwashing": null, "building": null, "name": "Kantor Kelurahan Semaki", "health_facility_bed": null }, "geometry": { "type": "Point", "coordinates": [ 110.3857, -7.7991 ] } },
{ "type": "Feature", "properties": { "osm_id": 12364522457, "osm_type": "nodes", "office": "government", "government": "administrative", "opening_hours": null, "health_facility_type": null, "status": null, "medical_system_western": null, "rooms": null, "toilets_disposal": null, "operator": null, "tourism": null, "operator_type": null, "amenity": null, "beds": null, "staff_count_doctors": null, "access": null, "staff_count_nurses": null, "health_facility_level": null, "toilets_handwashing": null, "building": null, "name": "Kantor Kapanewon Pajangan", "health_facility_bed": null }, "geometry": { "type": "Point", "coordinates": [ 110.2709211, -7.8841592 ] } },
{ "type": "Feature", "properties": { "osm_id": 10961479361, "osm_type": "nodes", "office": "government", "government": "administrative", "opening_hours": null, "health_facility_type": null, "status": null, "medical_system_western": null, "rooms": null, "toilets_disposal": null, "operator": null, "tourism": null, "operator_type": null, "amenity": null, "beds": null, "staff_count_doctors": null, "access": null, "staff_count_nurses": null, "health_facility_level": null, "toilets_handwashing": null, "building": null, "name": "Kantor Kelurahan Sentolo", "health_facility_bed": null }, "geometry": { "type": "Point", "coordinates": [ 110.2183, -7.8367 ] } },
{ "type": "Feature", "properties": { "osm_id": 10961476447, "osm_type": "nodes", "office": "government", "government": "administrative", "opening_hours": null, "health_facility_type": null, "status": null, "medical_system_western": null, "rooms": null, "toilets_disposal": null, "operator": null, "tourism": null, "operator_type": null, "amenity": null, "beds": null, "staff_count_doctors": null, "access": null, "staff_count_nurses": null, "health_facility_level": null, "toilets_handwashing": null, "building": null, "name": "Kantor Kelurahan Sidomulyo", "health_facility_bed": null }, "geometry": { "type": "Point", "coordinates": [ 110.1553, -7.7961 ] } },
{ "type": "Feature", "properties": { "osm_id": 10961474200, "osm_type": "nodes", "office": "government", "government": "administrative", "opening_hours": null, "health_facility_type": null, "status": null, "medical_system_western": null, "rooms": null, "toilets_disposal": null, "operator": null, "tourism": null, "operator_type": null, "amenity": null, "beds": null, "staff_count_doctors": null, "access": null, "staff_count_nurses": null, "health_facility_level": null, "toilets_handwashing": null, "building": null, "name": "Kantor Kalurahan Tirtomulyo", "health_facility_bed": null }, "geometry": { "type": "Point", "coordinates": [ 110.2997, -7.97 ] } },
{ "type": "Feature", "properties": { "osm_id": 12364524038, "osm_type": "nodes", "office": "government", "government": "administrative", "opening_hours": null, "health_facility_type": null, "status": null, "medical_system_western": null, "rooms": null, "toilets_disposal": null, "operator": null, "tourism": null, "operator_type": null, "amenity": null, "beds": null, "staff_count_doctors": null, "access": null, "staff_count_nurses": null, "health_facility_level": null, "toilets_handwashing": null, "building": null, "name": "Kantor Kapanewon Bambanglipuro", "health_facility_bed": null }, "geometry": { "type": "Point", "coordinates": [ 110.2960383, -7.9493839 ] } },
{ "type": "Feature", "properties": { "osm_id": 13826375702, "osm_type": "nodes", "office": null, "government": null, "opening_hours": null, "health_facility_type": null, "status": null, "medical_system_western": null, "rooms": null, "toilets_disposal": null, "operator": "Annisa", "tourism": null, "operator_type": "government_facility-public", "amenity": "hospital", "beds": null, "staff_count_doctors": null, "access": null, "staff_count_nurses": null, "health_facility_level": null, "toilets_handwashing": null, "building": null, "name": "Puskesmas Bambanglipuro", "health_facility_bed": null }, "geometry": { "type": "Point", "coordinates": [ 110.2927081, -7.9557559 ] } },
{ "type": "Feature", "properties": { "osm_id": 11875158121, "osm_type": "nodes", "office": null, "government": null, "opening_hours": null, "health_facility_type": null, "status": null, "medical_system_western": null, "rooms": null, "toilets_disposal": null, "operator": null, "tourism": null, "operator_type": null, "amenity": "hospital", "beds": null, "staff_count_doctors": null, "access": null, "staff_count_nurses": null, "health_facility_level": null, "toilets_handwashing": null, "building": null, "name": "Arkandina", "health_facility_bed": null }, "geometry": { "type": "Point", "coordinates": [ 110.4017351, -7.8405612 ] } },
{ "type": "Feature", "properties": { "osm_id": 10961476539, "osm_type": "nodes", "office": "government", "government": "administrative", "opening_hours": null, "health_facility_type": null, "status": null, "medical_system_western": null, "rooms": null, "toilets_disposal": null, "operator": null, "tourism": null, "operator_type": null, "amenity": null, "beds": null, "staff_count_doctors": null, "access": null, "staff_count_nurses": null, "health_facility_level": null, "toilets_handwashing": null, "building": null, "name": "Kantor Kalurahan Singosaren", "health_facility_bed": null }, "geometry": { "type": "Point", "coordinates": [ 110.4006, -7.8347 ] } },
{ "type": "Feature", "properties": { "osm_id": 1836618291, "osm_type": "nodes", "office": null, "government": null, "opening_hours": null, "health_facility_type": null, "status": null, "medical_system_western": null, "rooms": null, "toilets_disposal": null, "operator": null, "tourism": null, "operator_type": null, "amenity": "hospital", "beds": null, "staff_count_doctors": null, "access": null, "staff_count_nurses": null, "health_facility_level": null, "toilets_handwashing": null, "building": null, "name": "Puskesmas Piyungan", "health_facility_bed": null }, "geometry": { "type": "Point", "coordinates": [ 110.4487055, -7.8285417 ] } },
{ "type": "Feature", "properties": { "osm_id": 10961475097, "osm_type": "nodes", "office": "government", "government": "administrative", "opening_hours": null, "health_facility_type": null, "status": null, "medical_system_western": null, "rooms": null, "toilets_disposal": null, "operator": null, "tourism": null, "operator_type": null, "amenity": null, "beds": null, "staff_count_doctors": null, "access": null, "staff_count_nurses": null, "health_facility_level": null, "toilets_handwashing": null, "building": null, "name": "Kantor Kelurahan Sogan", "health_facility_bed": null }, "geometry": { "type": "Point", "coordinates": [ 110.1164, -7.8908 ] } },
{ "type": "Feature", "properties": { "osm_id": 12064977602, "osm_type": "nodes", "office": null, "government": null, "opening_hours": null, "health_facility_type": null, "status": null, "medical_system_western": null, "rooms": "-", "toilets_disposal": null, "operator": "-", "tourism": "guest_house", "operator_type": null, "amenity": null, "beds": null, "staff_count_doctors": null, "access": null, "staff_count_nurses": null, "health_facility_level": null, "toilets_handwashing": null, "building": null, "name": "Rumah Dody", "health_facility_bed": null }, "geometry": { "type": "Point", "coordinates": [ 110.379241, -7.8135593 ] } },
{ "type": "Feature", "properties": { "osm_id": 7099223696, "osm_type": "nodes", "office": null, "government": null, "opening_hours": "Mo-Su 05:00-22:00", "health_facility_type": null, "status": null, "medical_system_western": null, "rooms": null, "toilets_disposal": null, "operator": null, "tourism": "guest_house", "operator_type": null, "amenity": null, "beds": null, "staff_count_doctors": null, "access": null, "staff_count_nurses": null, "health_facility_level": null, "toilets_handwashing": null, "building": null, "name": "Omah Manis", "health_facility_bed": null }, "geometry": { "type": "Point", "coordinates": [ 110.377067, -7.8135499 ] } },
{ "type": "Feature", "properties": { "osm_id": 9824224841, "osm_type": "nodes", "office": null, "government": null, "opening_hours": null, "health_facility_type": null, "status": null, "medical_system_western": null, "rooms": null, "toilets_disposal": null, "operator": null, "tourism": "hotel", "operator_type": null, "amenity": null, "beds": null, "staff_count_doctors": null, "access": null, "staff_count_nurses": null, "health_facility_level": null, "toilets_handwashing": null, "building": null, "name": "Tjokro Style Yogyakarta", "health_facility_bed": null }, "geometry": { "type": "Point", "coordinates": [ 110.3805627, -7.8167358 ] } },
{ "type": "Feature", "properties": { "osm_id": 12644647518, "osm_type": "nodes", "office": null, "government": null, "opening_hours": null, "health_facility_type": null, "status": null, "medical_system_western": null, "rooms": null, "toilets_disposal": null, "operator": null, "tourism": "hotel", "operator_type": null, "amenity": "cafe", "beds": null, "staff_count_doctors": null, "access": null, "staff_count_nurses": null, "health_facility_level": null, "toilets_handwashing": null, "building": null, "name": "The Capsule", "health_facility_bed": null }, "geometry": { "type": "Point", "coordinates": [ 110.364819, -7.7914592 ] } },
{ "type": "Feature", "properties": { "osm_id": 12643728879, "osm_type": "nodes", "office": null, "government": null, "opening_hours": null, "health_facility_type": null, "status": null, "medical_system_western": null, "rooms": null, "toilets_disposal": null, "operator": null, "tourism": "guest_house", "operator_type": null, "amenity": null, "beds": null, "staff_count_doctors": null, "access": null, "staff_count_nurses": null, "health_facility_level": null, "toilets_handwashing": null, "building": null, "name": "Omah Watu Homestay", "health_facility_bed": null }, "geometry": { "type": "Point", "coordinates": [ 110.3621837, -7.7914677 ] } },
{ "type": "Feature", "properties": { "osm_id": 12643740057, "osm_type": "nodes", "office": null, "government": null, "opening_hours": null, "health_facility_type": null, "status": null, "medical_system_western": null, "rooms": null, "toilets_disposal": null, "operator": null, "tourism": "guest_house", "operator_type": null, "amenity": null, "beds": null, "staff_count_doctors": null, "access": null, "staff_count_nurses": null, "health_facility_level": null, "toilets_handwashing": null, "building": null, "name": "Selarus Inn", "health_facility_bed": null }, "geometry": { "type": "Point", "coordinates": [ 110.3632016, -7.7916981 ] } },
{ "type": "Feature", "properties": { "osm_id": 4562510389, "osm_type": "nodes", "office": null, "government": null, "opening_hours": null, "health_facility_type": null, "status": null, "medical_system_western": null, "rooms": null, "toilets_disposal": null, "operator": null, "tourism": "hotel", "operator_type": null, "amenity": null, "beds": null, "staff_count_doctors": null, "access": null, "staff_count_nurses": null, "health_facility_level": null, "toilets_handwashing": null, "building": null, "name": "Patra Malioboro", "health_facility_bed": null }, "geometry": { "type": "Point", "coordinates": [ 110.3637417, -7.7917023 ] } },
{ "type": "Feature", "properties": { "osm_id": 12644670787, "osm_type": "nodes", "office": null, "government": null, "opening_hours": null, "health_facility_type": null, "status": null, "medical_system_western": null, "rooms": null, "toilets_disposal": null, "operator": null, "tourism": "hotel", "operator_type": null, "amenity": null, "beds": null, "staff_count_doctors": null, "access": null, "staff_count_nurses": null, "health_facility_level": null, "toilets_handwashing": null, "building": null, "name": "Kartika Hotel", "health_facility_bed": null }, "geometry": { "type": "Point", "coordinates": [ 110.3651881, -7.7916467 ] } },
{ "type": "Feature", "properties": { "osm_id": 1640508693, "osm_type": "nodes", "office": null, "government": null, "opening_hours": null, "health_facility_type": null, "status": null, "medical_system_western": null, "rooms": null, "toilets_disposal": null, "operator": null, "tourism": "hotel", "operator_type": null, "amenity": null, "beds": null, "staff_count_doctors": null, "access": null, "staff_count_nurses": null, "health_facility_level": null, "toilets_handwashing": null, "building": null, "name": "Asia Afrika", "health_facility_bed": null }, "geometry": { "type": "Point", "coordinates": [ 110.3638906, -7.7900951 ] } },
{ "type": "Feature", "properties": { "osm_id": 12644702569, "osm_type": "nodes", "office": null, "government": null, "opening_hours": null, "health_facility_type": null, "status": null, "medical_system_western": null, "rooms": null, "toilets_disposal": null, "operator": null, "tourism": "hotel", "operator_type": null, "amenity": null, "beds": null, "staff_count_doctors": null, "access": null, "staff_count_nurses": null, "health_facility_level": null, "toilets_handwashing": null, "building": null, "name": "Aura Hotel", "health_facility_bed": null }, "geometry": { "type": "Point", "coordinates": [ 110.3641233, -7.7915514 ] } },
{ "type": "Feature", "properties": { "osm_id": 12644696325, "osm_type": "nodes", "office": null, "government": null, "opening_hours": null, "health_facility_type": null, "status": null, "medical_system_western": null, "rooms": null, "toilets_disposal": null, "operator": null, "tourism": "hotel", "operator_type": null, "amenity": null, "beds": null, "staff_count_doctors": null, "access": null, "staff_count_nurses": null, "health_facility_level": null, "toilets_handwashing": null, "building": null, "name": "Indonesia Hotel", "health_facility_bed": null }, "geometry": { "type": "Point", "coordinates": [ 110.3653013, -7.7918047 ] } },
{ "type": "Feature", "properties": { "osm_id": 9118787717, "osm_type": "nodes", "office": null, "government": null, "opening_hours": null, "health_facility_type": null, "status": null, "medical_system_western": null, "rooms": null, "toilets_disposal": null, "operator": null, "tourism": "hotel", "operator_type": null, "amenity": null, "beds": null, "staff_count_doctors": null, "access": null, "staff_count_nurses": null, "health_facility_level": null, "toilets_handwashing": null, "building": null, "name": "Royal Malioboro", "health_facility_bed": null }, "geometry": { "type": "Point", "coordinates": [ 110.3644978, -7.790026 ] } },
{ "type": "Feature", "properties": { "osm_id": 9831975705, "osm_type": "nodes", "office": null, "government": null, "opening_hours": null, "health_facility_type": null, "status": null, "medical_system_western": null, "rooms": null, "toilets_disposal": null, "operator": null, "tourism": "hotel", "operator_type": null, "amenity": null, "beds": null, "staff_count_doctors": null, "access": null, "staff_count_nurses": null, "health_facility_level": null, "toilets_handwashing": null, "building": null, "name": "Selaras Inn Hotel Yogyakarta", "health_facility_bed": null }, "geometry": { "type": "Point", "coordinates": [ 110.3630563, -7.7916775 ] } },
{ "type": "Feature", "properties": { "osm_id": 4562432090, "osm_type": "nodes", "office": null, "government": null, "opening_hours": null, "health_facility_type": null, "status": null, "medical_system_western": null, "rooms": null, "toilets_disposal": null, "operator": null, "tourism": "hotel", "operator_type": null, "amenity": null, "beds": null, "staff_count_doctors": null, "access": null, "staff_count_nurses": null, "health_facility_level": null, "toilets_handwashing": null, "building": null, "name": "Andrea hotel", "health_facility_bed": null }, "geometry": { "type": "Point", "coordinates": [ 110.364036, -7.790417 ] } },
{ "type": "Feature", "properties": { "osm_id": 4528072890, "osm_type": "nodes", "office": null, "government": null, "opening_hours": null, "health_facility_type": null, "status": null, "medical_system_western": null, "rooms": null, "toilets_disposal": null, "operator": null, "tourism": "guest_house", "operator_type": null, "amenity": null, "beds": null, "staff_count_doctors": null, "access": null, "staff_count_nurses": null, "health_facility_level": null, "toilets_handwashing": null, "building": null, "name": "Lotus Losmen", "health_facility_bed": null }, "geometry": { "type": "Point", "coordinates": [ 110.3637267, -7.7911289 ] } },
{ "type": "Feature", "properties": { "osm_id": 5507247629, "osm_type": "nodes", "office": null, "government": null, "opening_hours": null, "health_facility_type": null, "status": null, "medical_system_western": null, "rooms": null, "toilets_disposal": null, "operator": null, "tourism": "hotel", "operator_type": null, "amenity": null, "beds": null, "staff_count_doctors": null, "access": null, "staff_count_nurses": null, "health_facility_level": null, "toilets_handwashing": null, "building": null, "name": "Merbubu", "health_facility_bed": null }, "geometry": { "type": "Point", "coordinates": [ 110.3650914, -7.7914478 ] } },
{ "type": "Feature", "properties": { "osm_id": 10647906400, "osm_type": "nodes", "office": null, "government": null, "opening_hours": null, "health_facility_type": null, "status": null, "medical_system_western": null, "rooms": null, "toilets_disposal": null, "operator": null, "tourism": "hostel", "operator_type": null, "amenity": null, "beds": null, "staff_count_doctors": null, "access": null, "staff_count_nurses": null, "health_facility_level": null, "toilets_handwashing": null, "building": null, "name": "Dewi Hostel", "health_facility_bed": null }, "geometry": { "type": "Point", "coordinates": [ 110.3643358, -7.7915886 ] } },
{ "type": "Feature", "properties": { "osm_id": 2415513216, "osm_type": "nodes", "office": null, "government": null, "opening_hours": null, "health_facility_type": null, "status": null, "medical_system_western": null, "rooms": null, "toilets_disposal": null, "operator": null, "tourism": "guest_house", "operator_type": null, "amenity": null, "beds": null, "staff_count_doctors": null, "access": null, "staff_count_nurses": null, "health_facility_level": null, "toilets_handwashing": null, "building": null, "name": "Betty losmen", "health_facility_bed": null }, "geometry": { "type": "Point", "coordinates": [ 110.3636914, -7.7909254 ] } },
{ "type": "Feature", "properties": { "osm_id": 6679862338, "osm_type": "nodes", "office": null, "government": null, "opening_hours": null, "health_facility_type": null, "status": null, "medical_system_western": null, "rooms": null, "toilets_disposal": null, "operator": null, "tourism": "guest_house", "operator_type": null, "amenity": null, "beds": null, "staff_count_doctors": null, "access": null, "staff_count_nurses": null, "health_facility_level": null, "toilets_handwashing": null, "building": null, "name": "105 Homestay", "health_facility_bed": null }, "geometry": { "type": "Point", "coordinates": [ 110.3652133, -7.7909083 ] } },
{ "type": "Feature", "properties": { "osm_id": 4361980601, "osm_type": "nodes", "office": null, "government": null, "opening_hours": null, "health_facility_type": null, "status": null, "medical_system_western": null, "rooms": null, "toilets_disposal": null, "operator": null, "tourism": "hotel", "operator_type": null, "amenity": null, "beds": null, "staff_count_doctors": null, "access": null, "staff_count_nurses": null, "health_facility_level": null, "toilets_handwashing": null, "building": null, "name": "1001Malam", "health_facility_bed": null }, "geometry": { "type": "Point", "coordinates": [ 110.3641061, -7.790704 ] } },
{ "type": "Feature", "properties": { "osm_id": 6679865106, "osm_type": "nodes", "office": null, "government": null, "opening_hours": null, "health_facility_type": null, "status": null, "medical_system_western": null, "rooms": null, "toilets_disposal": null, "operator": null, "tourism": "guest_house", "operator_type": null, "amenity": null, "beds": null, "staff_count_doctors": null, "access": null, "staff_count_nurses": null, "health_facility_level": null, "toilets_handwashing": null, "building": null, "name": "Anda Losmen", "health_facility_bed": null }, "geometry": { "type": "Point", "coordinates": [ 110.3641136, -7.7907431 ] } },
{ "type": "Feature", "properties": { "osm_id": 9886327917, "osm_type": "nodes", "office": null, "government": null, "opening_hours": null, "health_facility_type": null, "status": null, "medical_system_western": null, "rooms": null, "toilets_disposal": null, "operator": null, "tourism": "hostel", "operator_type": null, "amenity": null, "beds": null, "staff_count_doctors": null, "access": null, "staff_count_nurses": null, "health_facility_level": null, "toilets_handwashing": null, "building": null, "name": null, "health_facility_bed": null }, "geometry": { "type": "Point", "coordinates": [ 110.3637727, -7.790728 ] } },
{ "type": "Feature", "properties": { "osm_id": 4183414489, "osm_type": "nodes", "office": null, "government": null, "opening_hours": null, "health_facility_type": null, "status": null, "medical_system_western": null, "rooms": null, "toilets_disposal": null, "operator": null, "tourism": "hostel", "operator_type": null, "amenity": null, "beds": null, "staff_count_doctors": null, "access": null, "staff_count_nurses": null, "health_facility_level": null, "toilets_handwashing": null, "building": null, "name": "Andrea Hotel", "health_facility_bed": null }, "geometry": { "type": "Point", "coordinates": [ 110.3639164, -7.7903714 ] } },
{ "type": "Feature", "properties": { "osm_id": 10658056005, "osm_type": "nodes", "office": null, "government": null, "opening_hours": null, "health_facility_type": null, "status": null, "medical_system_western": null, "rooms": null, "toilets_disposal": null, "operator": null, "tourism": "hotel", "operator_type": null, "amenity": null, "beds": null, "staff_count_doctors": null, "access": null, "staff_count_nurses": null, "health_facility_level": null, "toilets_handwashing": null, "building": null, "name": "Bobobox", "health_facility_bed": null }, "geometry": { "type": "Point", "coordinates": [ 110.3654432, -7.7949947 ] } },
{ "type": "Feature", "properties": { "osm_id": 5302095619, "osm_type": "nodes", "office": null, "government": null, "opening_hours": null, "health_facility_type": null, "status": null, "medical_system_western": null, "rooms": null, "toilets_disposal": null, "operator": null, "tourism": "hostel", "operator_type": null, "amenity": null, "beds": null, "staff_count_doctors": null, "access": null, "staff_count_nurses": null, "health_facility_level": null, "toilets_handwashing": null, "building": null, "name": "The Packer Lodge", "health_facility_bed": null }, "geometry": { "type": "Point", "coordinates": [ 110.3650732, -7.7939545 ] } },
{ "type": "Feature", "properties": { "osm_id": 7100528075, "osm_type": "nodes", "office": null, "government": null, "opening_hours": null, "health_facility_type": null, "status": null, "medical_system_western": null, "rooms": null, "toilets_disposal": null, "operator": null, "tourism": "hotel", "operator_type": null, "amenity": null, "beds": null, "staff_count_doctors": null, "access": null, "staff_count_nurses": null, "health_facility_level": null, "toilets_handwashing": null, "building": null, "name": "Kristina", "health_facility_bed": null }, "geometry": { "type": "Point", "coordinates": [ 110.3626817, -7.7938157 ] } },
{ "type": "Feature", "properties": { "osm_id": 6679872558, "osm_type": "nodes", "office": null, "government": null, "opening_hours": null, "health_facility_type": null, "status": null, "medical_system_western": null, "rooms": null, "toilets_disposal": null, "operator": null, "tourism": "guest_house", "operator_type": null, "amenity": null, "beds": null, "staff_count_doctors": null, "access": null, "staff_count_nurses": null, "health_facility_level": null, "toilets_handwashing": null, "building": null, "name": "Losmen Utar", "health_facility_bed": null }, "geometry": { "type": "Point", "coordinates": [ 110.3636114, -7.7910251 ] } },
{ "type": "Feature", "properties": { "osm_id": 10961472458, "osm_type": "nodes", "office": "government", "government": "administrative", "opening_hours": null, "health_facility_type": null, "status": null, "medical_system_western": null, "rooms": null, "toilets_disposal": null, "operator": null, "tourism": null, "operator_type": null, "amenity": null, "beds": null, "staff_count_doctors": null, "access": null, "staff_count_nurses": null, "health_facility_level": null, "toilets_handwashing": null, "building": null, "name": "Kantor Kelurahan Sosromenduran", "health_facility_bed": null }, "geometry": { "type": "Point", "coordinates": [ 110.3642, -7.7918 ] } },
{ "type": "Feature", "properties": { "osm_id": 4794827154, "osm_type": "nodes", "office": null, "government": null, "opening_hours": null, "health_facility_type": null, "status": null, "medical_system_western": null, "rooms": null, "toilets_disposal": null, "operator": null, "tourism": "guest_house", "operator_type": null, "amenity": null, "beds": null, "staff_count_doctors": null, "access": null, "staff_count_nurses": null, "health_facility_level": null, "toilets_handwashing": null, "building": null, "name": "Losmen Rizki", "health_facility_bed": null }, "geometry": { "type": "Point", "coordinates": [ 110.3639277, -7.7911654 ] } },
{ "type": "Feature", "properties": { "osm_id": 4830808726, "osm_type": "nodes", "office": null, "government": null, "opening_hours": null, "health_facility_type": null, "status": null, "medical_system_western": null, "rooms": null, "toilets_disposal": null, "operator": null, "tourism": "guest_house", "operator_type": null, "amenity": null, "beds": null, "staff_count_doctors": null, "access": null, "staff_count_nurses": null, "health_facility_level": null, "toilets_handwashing": null, "building": null, "name": "Losmen Red Palm", "health_facility_bed": null }, "geometry": { "type": "Point", "coordinates": [ 110.3640396, -7.7909201 ] } },
{ "type": "Feature", "properties": { "osm_id": 6065814387, "osm_type": "nodes", "office": null, "government": null, "opening_hours": null, "health_facility_type": null, "status": null, "medical_system_western": null, "rooms": null, "toilets_disposal": null, "operator": null, "tourism": "guest_house", "operator_type": null, "amenity": null, "beds": null, "staff_count_doctors": null, "access": null, "staff_count_nurses": null, "health_facility_level": null, "toilets_handwashing": null, "building": null, "name": "Penginapan Kunthi", "health_facility_bed": null }, "geometry": { "type": "Point", "coordinates": [ 110.3623713, -7.7937405 ] } },
{ "type": "Feature", "properties": { "osm_id": 10961473911, "osm_type": "nodes", "office": "government", "government": "administrative", "opening_hours": null, "health_facility_type": null, "status": null, "medical_system_western": null, "rooms": null, "toilets_disposal": null, "operator": null, "tourism": null, "operator_type": null, "amenity": null, "beds": null, "staff_count_doctors": null, "access": null, "staff_count_nurses": null, "health_facility_level": null, "toilets_handwashing": null, "building": null, "name": "Kantor Kelurahan Srigading", "health_facility_bed": null }, "geometry": { "type": "Point", "coordinates": [ 110.2828, -7.9764 ] } },
{ "type": "Feature", "properties": { "osm_id": 10961473532, "osm_type": "nodes", "office": "government", "government": "administrative", "opening_hours": null, "health_facility_type": null, "status": null, "medical_system_western": null, "rooms": null, "toilets_disposal": null, "operator": null, "tourism": null, "operator_type": null, "amenity": null, "beds": null, "staff_count_doctors": null, "access": null, "staff_count_nurses": null, "health_facility_level": null, "toilets_handwashing": null, "building": null, "name": "Kantor Kelurahan Srihardono", "health_facility_bed": null }, "geometry": { "type": "Point", "coordinates": [ 110.3464, -7.9462 ] } },
{ "type": "Feature", "properties": { "osm_id": 10961474963, "osm_type": "nodes", "office": "government", "government": "administrative", "opening_hours": null, "health_facility_type": null, "status": null, "medical_system_western": null, "rooms": null, "toilets_disposal": null, "operator": null, "tourism": null, "operator_type": null, "amenity": null, "beds": null, "staff_count_doctors": null, "access": null, "staff_count_nurses": null, "health_facility_level": null, "toilets_handwashing": null, "building": null, "name": "Kantor Kelurahan Srikayangan", "health_facility_bed": null }, "geometry": { "type": "Point", "coordinates": [ 110.2192, -7.8958 ] } },
{ "type": "Feature", "properties": { "osm_id": 13176387838, "osm_type": "nodes", "office": "government", "government": "administrative", "opening_hours": null, "health_facility_type": null, "status": null, "medical_system_western": null, "rooms": null, "toilets_disposal": null, "operator": null, "tourism": null, "operator_type": null, "amenity": null, "beds": null, "staff_count_doctors": null, "access": null, "staff_count_nurses": null, "health_facility_level": null, "toilets_handwashing": null, "building": null, "name": "Kantor Kalurahan Srimartani", "health_facility_bed": null }, "geometry": { "type": "Point", "coordinates": [ 110.4797344, -7.8246466 ] } },
{ "type": "Feature", "properties": { "osm_id": 5908962486, "osm_type": "nodes", "office": null, "government": "yes", "opening_hours": null, "health_facility_type": null, "status": null, "medical_system_western": null, "rooms": null, "toilets_disposal": null, "operator": null, "tourism": null, "operator_type": null, "amenity": "police", "beds": null, "staff_count_doctors": null, "access": null, "staff_count_nurses": null, "health_facility_level": null, "toilets_handwashing": null, "building": null, "name": "Polsek Piyungan", "health_facility_bed": null }, "geometry": { "type": "Point", "coordinates": [ 110.4747971, -7.8376805 ] } },
{ "type": "Feature", "properties": { "osm_id": 12364377038, "osm_type": "nodes", "office": "government", "government": "administrative", "opening_hours": null, "health_facility_type": null, "status": null, "medical_system_western": null, "rooms": null, "toilets_disposal": null, "operator": null, "tourism": null, "operator_type": null, "amenity": null, "beds": null, "staff_count_doctors": null, "access": null, "staff_count_nurses": null, "health_facility_level": null, "toilets_handwashing": null, "building": null, "name": "Kantor Kapanewon Piyungan", "health_facility_bed": null }, "geometry": { "type": "Point", "coordinates": [ 110.4765475, -7.8385163 ] } },
{ "type": "Feature", "properties": { "osm_id": 10961474293, "osm_type": "nodes", "office": "government", "government": "administrative", "opening_hours": null, "health_facility_type": null, "status": null, "medical_system_western": null, "rooms": null, "toilets_disposal": null, "operator": null, "tourism": null, "operator_type": null, "amenity": null, "beds": null, "staff_count_doctors": null, "access": null, "staff_count_nurses": null, "health_facility_level": null, "toilets_handwashing": null, "building": null, "name": "Kantor Kelurahan Sukoreno", "health_facility_bed": null }, "geometry": { "type": "Point", "coordinates": [ 110.2128, -7.8597 ] } },
{ "type": "Feature", "properties": { "osm_id": 12364364435, "osm_type": "nodes", "office": "government", "government": "administrative", "opening_hours": null, "health_facility_type": null, "status": null, "medical_system_western": null, "rooms": null, "toilets_disposal": null, "operator": null, "tourism": null, "operator_type": null, "amenity": null, "beds": null, "staff_count_doctors": null, "access": null, "staff_count_nurses": null, "health_facility_level": null, "toilets_handwashing": null, "building": null, "name": "Kantor Kapanewon Jetis", "health_facility_bed": null }, "geometry": { "type": "Point", "coordinates": [ 110.3741183, -7.8971856 ] } },
{ "type": "Feature", "properties": { "osm_id": 13800462730, "osm_type": "nodes", "office": null, "government": null, "opening_hours": null, "health_facility_type": null, "status": null, "medical_system_western": null, "rooms": null, "toilets_disposal": null, "operator": "Annisa Mei Rahma", "tourism": null, "operator_type": "public", "amenity": "hospital", "beds": null, "staff_count_doctors": null, "access": null, "staff_count_nurses": null, "health_facility_level": null, "toilets_handwashing": null, "building": null, "name": "Puskesmas Jetis", "health_facility_bed": null }, "geometry": { "type": "Point", "coordinates": [ 110.3738676, -7.8975742 ] } },
{ "type": "Feature", "properties": { "osm_id": 10961473572, "osm_type": "nodes", "office": "government", "government": "administrative", "opening_hours": null, "health_facility_type": null, "status": null, "medical_system_western": null, "rooms": null, "toilets_disposal": null, "operator": null, "tourism": null, "operator_type": null, "amenity": null, "beds": null, "staff_count_doctors": null, "access": null, "staff_count_nurses": null, "health_facility_level": null, "toilets_handwashing": null, "building": null, "name": "Kantor Kalurahan Sumberagung", "health_facility_bed": null }, "geometry": { "type": "Point", "coordinates": [ 110.3636, -7.9072 ] } },
{ "type": "Feature", "properties": { "osm_id": 10310697741, "osm_type": "nodes", "office": null, "government": null, "opening_hours": null, "health_facility_type": null, "status": null, "medical_system_western": null, "rooms": null, "toilets_disposal": null, "operator": null, "tourism": "hotel", "operator_type": null, "amenity": null, "beds": null, "staff_count_doctors": null, "access": null, "staff_count_nurses": null, "health_facility_level": null, "toilets_handwashing": null, "building": null, "name": "Puri Ganjuran", "health_facility_bed": null }, "geometry": { "type": "Point", "coordinates": [ 110.3185571, -7.9241666 ] } },
{ "type": "Feature", "properties": { "osm_id": 10961472861, "osm_type": "nodes", "office": "government", "government": "administrative", "opening_hours": null, "health_facility_type": null, "status": null, "medical_system_western": null, "rooms": null, "toilets_disposal": null, "operator": null, "tourism": null, "operator_type": null, "amenity": null, "beds": null, "staff_count_doctors": null, "access": null, "staff_count_nurses": null, "health_facility_level": null, "toilets_handwashing": null, "building": null, "name": "Kantor Kalurahan Sumbermulyo", "health_facility_bed": null }, "geometry": { "type": "Point", "coordinates": [ 110.3222, -7.9278 ] } },
{ "type": "Feature", "properties": { "osm_id": 4692238589, "osm_type": "nodes", "office": null, "government": null, "opening_hours": null, "health_facility_type": null, "status": null, "medical_system_western": null, "rooms": null, "toilets_disposal": null, "operator": null, "tourism": "hotel", "operator_type": null, "amenity": null, "beds": null, "staff_count_doctors": null, "access": null, "staff_count_nurses": null, "health_facility_level": null, "toilets_handwashing": null, "building": null, "name": "Hotel Gaotama", "health_facility_bed": null }, "geometry": { "type": "Point", "coordinates": [ 110.3674656, -7.7938706 ] } },
{ "type": "Feature", "properties": { "osm_id": 7117184675, "osm_type": "nodes", "office": null, "government": null, "opening_hours": null, "health_facility_type": null, "status": null, "medical_system_western": null, "rooms": null, "toilets_disposal": null, "operator": null, "tourism": "hostel", "operator_type": null, "amenity": null, "beds": null, "staff_count_doctors": null, "access": null, "staff_count_nurses": null, "health_facility_level": null, "toilets_handwashing": null, "building": null, "name": "Penak Malioboro", "health_facility_bed": null }, "geometry": { "type": "Point", "coordinates": [ 110.3680524, -7.7923645 ] } },
{ "type": "Feature", "properties": { "osm_id": 5098735021, "osm_type": "nodes", "office": null, "government": null, "opening_hours": "24/7", "health_facility_type": null, "status": null, "medical_system_western": null, "rooms": null, "toilets_disposal": null, "operator": null, "tourism": "guest_house", "operator_type": null, "amenity": null, "beds": null, "staff_count_doctors": null, "access": null, "staff_count_nurses": null, "health_facility_level": null, "toilets_handwashing": null, "building": null, "name": "Homey Home", "health_facility_bed": null }, "geometry": { "type": "Point", "coordinates": [ 110.3698668, -7.7904011 ] } },
{ "type": "Feature", "properties": { "osm_id": 7097539047, "osm_type": "nodes", "office": null, "government": null, "opening_hours": null, "health_facility_type": null, "status": null, "medical_system_western": null, "rooms": null, "toilets_disposal": null, "operator": null, "tourism": "guest_house", "operator_type": null, "amenity": null, "beds": null, "staff_count_doctors": null, "access": null, "staff_count_nurses": null, "health_facility_level": null, "toilets_handwashing": null, "building": null, "name": "Nueve Malioboro Hotel Yogyakarta", "health_facility_bed": null }, "geometry": { "type": "Point", "coordinates": [ 110.3688927, -7.7959471 ] } },
{ "type": "Feature", "properties": { "osm_id": 10961472604, "osm_type": "nodes", "office": "government", "government": "administrative", "opening_hours": null, "health_facility_type": null, "status": null, "medical_system_western": null, "rooms": null, "toilets_disposal": null, "operator": null, "tourism": null, "operator_type": null, "amenity": null, "beds": null, "staff_count_doctors": null, "access": null, "staff_count_nurses": null, "health_facility_level": null, "toilets_handwashing": null, "building": null, "name": "Kantor Kelurahan Suryatmajan", "health_facility_bed": null }, "geometry": { "type": "Point", "coordinates": [ 110.3677, -7.7935 ] } },
{ "type": "Feature", "properties": { "osm_id": 4698269491, "osm_type": "nodes", "office": null, "government": null, "opening_hours": null, "health_facility_type": null, "status": null, "medical_system_western": null, "rooms": null, "toilets_disposal": null, "operator": null, "tourism": "hotel", "operator_type": null, "amenity": null, "beds": null, "staff_count_doctors": null, "access": null, "staff_count_nurses": null, "health_facility_level": null, "toilets_handwashing": null, "building": null, "name": "Gaotama Hotel", "health_facility_bed": null }, "geometry": { "type": "Point", "coordinates": [ 110.36758, -7.7937987 ] } },
{ "type": "Feature", "properties": { "osm_id": 5847948755, "osm_type": "nodes", "office": null, "government": null, "opening_hours": null, "health_facility_type": null, "status": null, "medical_system_western": null, "rooms": null, "toilets_disposal": null, "operator": null, "tourism": "guest_house", "operator_type": null, "amenity": null, "beds": null, "staff_count_doctors": null, "access": null, "staff_count_nurses": null, "health_facility_level": null, "toilets_handwashing": null, "building": null, "name": "The Wayang Homestay", "health_facility_bed": null }, "geometry": { "type": "Point", "coordinates": [ 110.360282, -7.8219339 ] } },
{ "type": "Feature", "properties": { "osm_id": 9391539689, "osm_type": "nodes", "office": null, "government": null, "opening_hours": null, "health_facility_type": null, "status": null, "medical_system_western": null, "rooms": "2", "toilets_disposal": null, "operator": "Bambang", "tourism": "hostel", "operator_type": null, "amenity": null, "beds": null, "staff_count_doctors": null, "access": null, "staff_count_nurses": null, "health_facility_level": null, "toilets_handwashing": null, "building": null, "name": "KOS GRIYA MBAMBANGAN", "health_facility_bed": null }, "geometry": { "type": "Point", "coordinates": [ 110.3583902, -7.8226333 ] } },
{ "type": "Feature", "properties": { "osm_id": 4393626789, "osm_type": "nodes", "office": null, "government": null, "opening_hours": null, "health_facility_type": null, "status": null, "medical_system_western": null, "rooms": null, "toilets_disposal": null, "operator": null, "tourism": "guest_house", "operator_type": null, "amenity": null, "beds": null, "staff_count_doctors": null, "access": null, "staff_count_nurses": null, "health_facility_level": null, "toilets_handwashing": null, "building": null, "name": "Jogja Dreams Bed and Breakfast", "health_facility_bed": null }, "geometry": { "type": "Point", "coordinates": [ 110.3581166, -7.8181547 ] } },
{ "type": "Feature", "properties": { "osm_id": 4326459990, "osm_type": "nodes", "office": null, "government": null, "opening_hours": null, "health_facility_type": null, "status": null, "medical_system_western": null, "rooms": null, "toilets_disposal": null, "operator": null, "tourism": "guest_house", "operator_type": null, "amenity": null, "beds": null, "staff_count_doctors": null, "access": null, "staff_count_nurses": null, "health_facility_level": null, "toilets_handwashing": null, "building": null, "name": "Ma Casa Es Tu Casa", "health_facility_bed": null }, "geometry": { "type": "Point", "coordinates": [ 110.3608648, -7.8186317 ] } },
{ "type": "Feature", "properties": { "osm_id": 2093265444, "osm_type": "nodes", "office": null, "government": null, "opening_hours": null, "health_facility_type": null, "status": null, "medical_system_western": null, "rooms": null, "toilets_disposal": null, "operator": null, "tourism": "hotel", "operator_type": null, "amenity": null, "beds": null, "staff_count_doctors": null, "access": null, "staff_count_nurses": null, "health_facility_level": null, "toilets_handwashing": null, "building": null, "name": "Hotel Brongto", "health_facility_bed": null }, "geometry": { "type": "Point", "coordinates": [ 110.359734, -7.8168908 ] } },
{ "type": "Feature", "properties": { "osm_id": 4269549591, "osm_type": "nodes", "office": null, "government": null, "opening_hours": null, "health_facility_type": null, "status": null, "medical_system_western": null, "rooms": null, "toilets_disposal": null, "operator": null, "tourism": "guest_house", "operator_type": null, "amenity": null, "beds": null, "staff_count_doctors": null, "access": null, "staff_count_nurses": null, "health_facility_level": null, "toilets_handwashing": null, "building": null, "name": "Luwabica Art n Coffee House", "health_facility_bed": null }, "geometry": { "type": "Point", "coordinates": [ 110.3591907, -7.8163132 ] } },
{ "type": "Feature", "properties": { "osm_id": 3585123771, "osm_type": "nodes", "office": "telecommunication", "government": null, "opening_hours": null, "health_facility_type": null, "status": null, "medical_system_western": null, "rooms": null, "toilets_disposal": null, "operator": null, "tourism": null, "operator_type": null, "amenity": null, "beds": null, "staff_count_doctors": null, "access": null, "staff_count_nurses": null, "health_facility_level": null, "toilets_handwashing": null, "building": null, "name": "Telkom Pugeran", "health_facility_bed": null }, "geometry": { "type": "Point", "coordinates": [ 110.3605593, -7.8142899 ] } },
{ "type": "Feature", "properties": { "osm_id": 5596159182, "osm_type": "nodes", "office": null, "government": null, "opening_hours": null, "health_facility_type": null, "status": null, "medical_system_western": null, "rooms": null, "toilets_disposal": null, "operator": null, "tourism": "guest_house", "operator_type": null, "amenity": null, "beds": null, "staff_count_doctors": null, "access": null, "staff_count_nurses": null, "health_facility_level": null, "toilets_handwashing": null, "building": null, "name": "Jempol Homestay", "health_facility_bed": null }, "geometry": { "type": "Point", "coordinates": [ 110.3582823, -7.820524 ] } },
{ "type": "Feature", "properties": { "osm_id": 10961477238, "osm_type": "nodes", "office": "government", "government": "administrative", "opening_hours": null, "health_facility_type": null, "status": null, "medical_system_western": null, "rooms": null, "toilets_disposal": null, "operator": null, "tourism": null, "operator_type": null, "amenity": null, "beds": null, "staff_count_doctors": null, "access": null, "staff_count_nurses": null, "health_facility_level": null, "toilets_handwashing": null, "building": null, "name": "Kantor Kelurahan Suryodiningratan", "health_facility_bed": null }, "geometry": { "type": "Point", "coordinates": [ 110.3599, -7.8201 ] } },
{ "type": "Feature", "properties": { "osm_id": 10961477002, "osm_type": "nodes", "office": "government", "government": "administrative", "opening_hours": null, "health_facility_type": null, "status": null, "medical_system_western": null, "rooms": null, "toilets_disposal": null, "operator": null, "tourism": null, "operator_type": null, "amenity": null, "beds": null, "staff_count_doctors": null, "access": null, "staff_count_nurses": null, "health_facility_level": null, "toilets_handwashing": null, "building": null, "name": "Kantor Kelurahan Prawirodirjan", "health_facility_bed": null }, "geometry": { "type": "Point", "coordinates": [ 110.3826, -7.8079 ] } },
{ "type": "Feature", "properties": { "osm_id": 10961476187, "osm_type": "nodes", "office": "government", "government": "administrative", "opening_hours": null, "health_facility_type": null, "status": null, "medical_system_western": null, "rooms": null, "toilets_disposal": null, "operator": null, "tourism": null, "operator_type": null, "amenity": null, "beds": null, "staff_count_doctors": null, "access": null, "staff_count_nurses": null, "health_facility_level": null, "toilets_handwashing": null, "building": null, "name": "Kantor Kelurahan Tahunan", "health_facility_bed": null }, "geometry": { "type": "Point", "coordinates": [ 110.3857089, -7.8045067 ] } },
{ "type": "Feature", "properties": { "osm_id": 4755815022, "osm_type": "nodes", "office": null, "government": null, "opening_hours": null, "health_facility_type": null, "status": null, "medical_system_western": null, "rooms": null, "toilets_disposal": null, "operator": null, "tourism": "motel", "operator_type": null, "amenity": null, "beds": null, "staff_count_doctors": null, "access": null, "staff_count_nurses": null, "health_facility_level": null, "toilets_handwashing": null, "building": null, "name": "Asrama Lamandau", "health_facility_bed": null }, "geometry": { "type": "Point", "coordinates": [ 110.3808299, -7.8100077 ] } },
{ "type": "Feature", "properties": { "osm_id": 11875182883, "osm_type": "nodes", "office": null, "government": null, "opening_hours": null, "health_facility_type": null, "status": null, "medical_system_western": null, "rooms": null, "toilets_disposal": null, "operator": null, "tourism": null, "operator_type": null, "amenity": "hospital", "beds": null, "staff_count_doctors": null, "access": null, "staff_count_nurses": null, "health_facility_level": null, "toilets_handwashing": null, "building": null, "name": "RUMAH NGOBROL BUNDA WENING", "health_facility_bed": null }, "geometry": { "type": "Point", "coordinates": [ 110.3895273, -7.8424234 ] } },
{ "type": "Feature", "properties": { "osm_id": 10961478114, "osm_type": "nodes", "office": "government", "government": "administrative", "opening_hours": null, "health_facility_type": null, "status": null, "medical_system_western": null, "rooms": null, "toilets_disposal": null, "operator": null, "tourism": null, "operator_type": null, "amenity": null, "beds": null, "staff_count_doctors": null, "access": null, "staff_count_nurses": null, "health_facility_level": null, "toilets_handwashing": null, "building": null, "name": "Kantor Kalurahan Tamanan", "health_facility_bed": null }, "geometry": { "type": "Point", "coordinates": [ 110.3833, -7.8442 ] } },
{ "type": "Feature", "properties": { "osm_id": 11875177363, "osm_type": "nodes", "office": null, "government": null, "opening_hours": null, "health_facility_type": null, "status": null, "medical_system_western": null, "rooms": null, "toilets_disposal": null, "operator": null, "tourism": null, "operator_type": null, "amenity": "hospital", "beds": null, "staff_count_doctors": null, "access": null, "staff_count_nurses": null, "health_facility_level": null, "toilets_handwashing": null, "building": null, "name": "Humaira Consulting (Konsultan Psikologi)", "health_facility_bed": null }, "geometry": { "type": "Point", "coordinates": [ 110.3201938, -7.8102559 ] } },
{ "type": "Feature", "properties": { "osm_id": 10961476302, "osm_type": "nodes", "office": "government", "government": "administrative", "opening_hours": null, "health_facility_type": null, "status": null, "medical_system_western": null, "rooms": null, "toilets_disposal": null, "operator": null, "tourism": null, "operator_type": null, "amenity": null, "beds": null, "staff_count_doctors": null, "access": null, "staff_count_nurses": null, "health_facility_level": null, "toilets_handwashing": null, "building": null, "name": "Kantor Kelurahan Tanjungharjo", "health_facility_bed": null }, "geometry": { "type": "Point", "coordinates": [ 110.1989, -7.7814 ] } },
{ "type": "Feature", "properties": { "osm_id": 10961476158, "osm_type": "nodes", "office": "government", "government": "administrative", "opening_hours": null, "health_facility_type": null, "status": null, "medical_system_western": null, "rooms": null, "toilets_disposal": null, "operator": null, "tourism": null, "operator_type": null, "amenity": null, "beds": null, "staff_count_doctors": null, "access": null, "staff_count_nurses": null, "health_facility_level": null, "toilets_handwashing": null, "building": null, "name": "Kantor Kelurahan Tawangsari", "health_facility_bed": null }, "geometry": { "type": "Point", "coordinates": [ 110.1203, -7.8825 ] } },
{ "type": "Feature", "properties": { "osm_id": 12165236716, "osm_type": "nodes", "office": null, "government": null, "opening_hours": null, "health_facility_type": null, "status": null, "medical_system_western": null, "rooms": null, "toilets_disposal": null, "operator": "SekawanStay", "tourism": "guest_house", "operator_type": null, "amenity": null, "beds": null, "staff_count_doctors": null, "access": null, "staff_count_nurses": null, "health_facility_level": null, "toilets_handwashing": null, "building": null, "name": "SekawanStay Guest House Malioboro", "health_facility_bed": null }, "geometry": { "type": "Point", "coordinates": [ 110.3707164, -7.7925789 ] } },
{ "type": "Feature", "properties": { "osm_id": 5833614473, "osm_type": "nodes", "office": null, "government": null, "opening_hours": null, "health_facility_type": null, "status": null, "medical_system_western": null, "rooms": null, "toilets_disposal": null, "operator": null, "tourism": "hotel", "operator_type": null, "amenity": null, "beds": null, "staff_count_doctors": null, "access": null, "staff_count_nurses": null, "health_facility_level": null, "toilets_handwashing": null, "building": null, "name": "RedDoorz Plus near Lempuyangan Station 3", "health_facility_bed": null }, "geometry": { "type": "Point", "coordinates": [ 110.3719753, -7.7921597 ] } },
{ "type": "Feature", "properties": { "osm_id": 4217400845, "osm_type": "nodes", "office": null, "government": null, "opening_hours": null, "health_facility_type": null, "status": null, "medical_system_western": null, "rooms": null, "toilets_disposal": null, "operator": null, "tourism": "hostel", "operator_type": null, "amenity": null, "beds": null, "staff_count_doctors": null, "access": null, "staff_count_nurses": null, "health_facility_level": null, "toilets_handwashing": null, "building": null, "name": "Laura's backpacker 523, nr 2", "health_facility_bed": null }, "geometry": { "type": "Point", "coordinates": [ 110.3707421, -7.790796 ] } },
{ "type": "Feature", "properties": { "osm_id": 9198357825, "osm_type": "nodes", "office": "government", "government": "environment", "opening_hours": null, "health_facility_type": null, "status": null, "medical_system_western": null, "rooms": null, "toilets_disposal": null, "operator": null, "tourism": null, "operator_type": null, "amenity": null, "beds": null, "staff_count_doctors": null, "access": null, "staff_count_nurses": null, "health_facility_level": null, "toilets_handwashing": null, "building": null, "name": "UPT Pengelolaan Kawasan Malioboro", "health_facility_bed": null }, "geometry": { "type": "Point", "coordinates": [ 110.3724893, -7.7908997 ] } },
{ "type": "Feature", "properties": { "osm_id": 13838833768, "osm_type": "nodes", "office": null, "government": null, "opening_hours": null, "health_facility_type": null, "status": null, "medical_system_western": null, "rooms": null, "toilets_disposal": null, "operator": null, "tourism": "hostel", "operator_type": null, "amenity": null, "beds": null, "staff_count_doctors": null, "access": null, "staff_count_nurses": null, "health_facility_level": null, "toilets_handwashing": null, "building": null, "name": "Laura's Backpacker 523 nr 1 & Reception", "health_facility_bed": null }, "geometry": { "type": "Point", "coordinates": [ 110.3710315, -7.7909614 ] } },
{ "type": "Feature", "properties": { "osm_id": 10961474808, "osm_type": "nodes", "office": "government", "government": "administrative", "opening_hours": null, "health_facility_type": null, "status": null, "medical_system_western": null, "rooms": null, "toilets_disposal": null, "operator": null, "tourism": null, "operator_type": null, "amenity": null, "beds": null, "staff_count_doctors": null, "access": null, "staff_count_nurses": null, "health_facility_level": null, "toilets_handwashing": null, "building": null, "name": "Kantor Kelurahan Temon Wetan", "health_facility_bed": null }, "geometry": { "type": "Point", "coordinates": [ 110.0792, -7.8797 ] } },
{ "type": "Feature", "properties": { "osm_id": 13176387835, "osm_type": "nodes", "office": "government", "government": "administrative", "opening_hours": null, "health_facility_type": null, "status": null, "medical_system_western": null, "rooms": null, "toilets_disposal": null, "operator": null, "tourism": null, "operator_type": null, "amenity": null, "beds": null, "staff_count_doctors": null, "access": null, "staff_count_nurses": null, "health_facility_level": null, "toilets_handwashing": null, "building": null, "name": "Kantor Kalurahan Temuwuh", "health_facility_bed": null }, "geometry": { "type": "Point", "coordinates": [ 110.4681089, -7.9263634 ] } },
{ "type": "Feature", "properties": { "osm_id": 4431678389, "osm_type": "nodes", "office": null, "government": null, "opening_hours": null, "health_facility_type": null, "status": null, "medical_system_western": null, "rooms": null, "toilets_disposal": null, "operator": null, "tourism": "guest_house", "operator_type": null, "amenity": null, "beds": null, "staff_count_doctors": null, "access": null, "staff_count_nurses": null, "health_facility_level": null, "toilets_handwashing": null, "building": null, "name": "Kost Orange", "health_facility_bed": null }, "geometry": { "type": "Point", "coordinates": [ 110.379242, -7.7793452 ] } },
{ "type": "Feature", "properties": { "osm_id": 1640515471, "osm_type": "nodes", "office": null, "government": null, "opening_hours": null, "health_facility_type": null, "status": null, "medical_system_western": null, "rooms": null, "toilets_disposal": null, "operator": null, "tourism": "hotel", "operator_type": null, "amenity": null, "beds": null, "staff_count_doctors": null, "access": null, "staff_count_nurses": null, "health_facility_level": null, "toilets_handwashing": null, "building": null, "name": "Indraloka", "health_facility_bed": null }, "geometry": { "type": "Point", "coordinates": [ 110.3752202, -7.7795395 ] } },
{ "type": "Feature", "properties": { "osm_id": 10961478342, "osm_type": "nodes", "office": "government", "government": "administrative", "opening_hours": null, "health_facility_type": null, "status": null, "medical_system_western": null, "rooms": null, "toilets_disposal": null, "operator": null, "tourism": null, "operator_type": null, "amenity": null, "beds": null, "staff_count_doctors": null, "access": null, "staff_count_nurses": null, "health_facility_level": null, "toilets_handwashing": null, "building": null, "name": "Kantor Kelurahan Terban", "health_facility_bed": null }, "geometry": { "type": "Point", "coordinates": [ 110.3747, -7.7796 ] } },
{ "type": "Feature", "properties": { "osm_id": 10961477734, "osm_type": "nodes", "office": "government", "government": "administrative", "opening_hours": null, "health_facility_type": null, "status": null, "medical_system_western": null, "rooms": null, "toilets_disposal": null, "operator": null, "tourism": null, "operator_type": null, "amenity": null, "beds": null, "staff_count_doctors": null, "access": null, "staff_count_nurses": null, "health_facility_level": null, "toilets_handwashing": null, "building": null, "name": "Kantor Kelurahan Timbulharjo", "health_facility_bed": null }, "geometry": { "type": "Point", "coordinates": [ 110.3608, -7.8711 ] } },
{ "type": "Feature", "properties": { "osm_id": 4330798191, "osm_type": "nodes", "office": null, "government": null, "opening_hours": null, "health_facility_type": null, "status": null, "medical_system_western": null, "rooms": null, "toilets_disposal": null, "operator": null, "tourism": "hotel", "operator_type": null, "amenity": null, "beds": null, "staff_count_doctors": null, "access": null, "staff_count_nurses": null, "health_facility_level": null, "toilets_handwashing": null, "building": null, "name": "Yabbiekayu", "health_facility_bed": null }, "geometry": { "type": "Point", "coordinates": [ 110.355002, -7.871054 ] } },
{ "type": "Feature", "properties": { "osm_id": 5809818555, "osm_type": "nodes", "office": null, "government": null, "opening_hours": null, "health_facility_type": null, "status": null, "medical_system_western": null, "rooms": null, "toilets_disposal": null, "operator": null, "tourism": "hotel", "operator_type": null, "amenity": null, "beds": null, "staff_count_doctors": null, "access": null, "staff_count_nurses": null, "health_facility_level": null, "toilets_handwashing": null, "building": null, "name": "D’Omah Hotel", "health_facility_bed": null }, "geometry": { "type": "Point", "coordinates": [ 110.3535336, -7.8720403 ] } },
{ "type": "Feature", "properties": { "osm_id": 4368839693, "osm_type": "nodes", "office": null, "government": null, "opening_hours": null, "health_facility_type": null, "status": null, "medical_system_western": null, "rooms": null, "toilets_disposal": null, "operator": null, "tourism": "guest_house", "operator_type": null, "amenity": null, "beds": null, "staff_count_doctors": null, "access": null, "staff_count_nurses": null, "health_facility_level": null, "toilets_handwashing": null, "building": null, "name": null, "health_facility_bed": null }, "geometry": { "type": "Point", "coordinates": [ 110.3418067, -7.8220491 ] } },
{ "type": "Feature", "properties": { "osm_id": 10961471328, "osm_type": "nodes", "office": "government", "government": "administrative", "opening_hours": null, "health_facility_type": null, "status": null, "medical_system_western": null, "rooms": null, "toilets_disposal": null, "operator": null, "tourism": null, "operator_type": null, "amenity": null, "beds": null, "staff_count_doctors": null, "access": null, "staff_count_nurses": null, "health_facility_level": null, "toilets_handwashing": null, "building": null, "name": "Kantor Kelurahan Tirtonirmolo", "health_facility_bed": null }, "geometry": { "type": "Point", "coordinates": [ 110.3452, -7.8288 ] } },
{ "type": "Feature", "properties": { "osm_id": 12364378945, "osm_type": "nodes", "office": "government", "government": "administrative", "opening_hours": null, "health_facility_type": null, "status": null, "medical_system_western": null, "rooms": null, "toilets_disposal": null, "operator": null, "tourism": null, "operator_type": null, "amenity": null, "beds": null, "staff_count_doctors": null, "access": null, "staff_count_nurses": null, "health_facility_level": null, "toilets_handwashing": null, "building": null, "name": "Kantor Kapanewon Kasihan", "health_facility_bed": null }, "geometry": { "type": "Point", "coordinates": [ 110.344778, -7.828367 ] } },
{ "type": "Feature", "properties": { "osm_id": 10961471666, "osm_type": "nodes", "office": "government", "government": "administrative", "opening_hours": null, "health_facility_type": null, "status": null, "medical_system_western": null, "rooms": null, "toilets_disposal": null, "operator": null, "tourism": null, "operator_type": null, "amenity": null, "beds": null, "staff_count_doctors": null, "access": null, "staff_count_nurses": null, "health_facility_level": null, "toilets_handwashing": null, "building": null, "name": "Kantor Kalurahan Tirtosari", "health_facility_bed": null }, "geometry": { "type": "Point", "coordinates": [ 110.2981, -7.9836 ] } },
{ "type": "Feature", "properties": { "osm_id": 10961474427, "osm_type": "nodes", "office": "government", "government": "administrative", "opening_hours": null, "health_facility_type": null, "status": null, "medical_system_western": null, "rooms": null, "toilets_disposal": null, "operator": null, "tourism": null, "operator_type": null, "amenity": null, "beds": null, "staff_count_doctors": null, "access": null, "staff_count_nurses": null, "health_facility_level": null, "toilets_handwashing": null, "building": null, "name": "Kantor Kelurahan Triharjo", "health_facility_bed": null }, "geometry": { "type": "Point", "coordinates": [ 110.1358, -7.8761 ] } },
{ "type": "Feature", "properties": { "osm_id": 10705720214, "osm_type": "nodes", "office": "government", "government": "administrative", "opening_hours": null, "health_facility_type": null, "status": null, "medical_system_western": null, "rooms": null, "toilets_disposal": null, "operator": null, "tourism": null, "operator_type": null, "amenity": null, "beds": null, "staff_count_doctors": null, "access": null, "staff_count_nurses": null, "health_facility_level": null, "toilets_handwashing": null, "building": null, "name": "Kantor Kalurahan Triharjo", "health_facility_bed": null }, "geometry": { "type": "Point", "coordinates": [ 110.2838128, -7.9188026 ] } },
{ "type": "Feature", "properties": { "osm_id": 10961476108, "osm_type": "nodes", "office": "government", "government": "administrative", "opening_hours": null, "health_facility_type": null, "status": null, "medical_system_western": null, "rooms": null, "toilets_disposal": null, "operator": null, "tourism": null, "operator_type": null, "amenity": null, "beds": null, "staff_count_doctors": null, "access": null, "staff_count_nurses": null, "health_facility_level": null, "toilets_handwashing": null, "building": null, "name": "Kantor Kalurahan Trimulyo", "health_facility_bed": null }, "geometry": { "type": "Point", "coordinates": [ 110.3858, -7.8914 ] } },
{ "type": "Feature", "properties": { "osm_id": 10961474582, "osm_type": "nodes", "office": "government", "government": "administrative", "opening_hours": null, "health_facility_type": null, "status": null, "medical_system_western": null, "rooms": null, "toilets_disposal": null, "operator": null, "tourism": null, "operator_type": null, "amenity": null, "beds": null, "staff_count_doctors": null, "access": null, "staff_count_nurses": null, "health_facility_level": null, "toilets_handwashing": null, "building": null, "name": "Kantor Kelurahan Trimurti", "health_facility_bed": null }, "geometry": { "type": "Point", "coordinates": [ 110.2472, -7.9389 ] } },
{ "type": "Feature", "properties": { "osm_id": 12364481265, "osm_type": "nodes", "office": "government", "government": null, "opening_hours": null, "health_facility_type": null, "status": null, "medical_system_western": null, "rooms": null, "toilets_disposal": null, "operator": null, "tourism": null, "operator_type": null, "amenity": null, "beds": null, "staff_count_doctors": null, "access": null, "staff_count_nurses": null, "health_facility_level": null, "toilets_handwashing": null, "building": null, "name": "Kantor Kapanewon Srandakan", "health_facility_bed": null }, "geometry": { "type": "Point", "coordinates": [ 110.24629, -7.9388949 ] } },
{ "type": "Feature", "properties": { "osm_id": 3638796130, "osm_type": "nodes", "office": "government", "government": "administrative", "opening_hours": null, "health_facility_type": null, "status": null, "medical_system_western": null, "rooms": null, "toilets_disposal": null, "operator": null, "tourism": null, "operator_type": null, "amenity": null, "beds": null, "staff_count_doctors": null, "access": null, "staff_count_nurses": null, "health_facility_level": null, "toilets_handwashing": null, "building": null, "name": "Kantor Kalurahan Trirenggo", "health_facility_bed": null }, "geometry": { "type": "Point", "coordinates": [ 110.3411697, -7.8983053 ] } },
{ "type": "Feature", "properties": { "osm_id": 10961479452, "osm_type": "nodes", "office": "government", "government": "administrative", "opening_hours": null, "health_facility_type": null, "status": null, "medical_system_western": null, "rooms": null, "toilets_disposal": null, "operator": null, "tourism": null, "operator_type": null, "amenity": null, "beds": null, "staff_count_doctors": null, "access": null, "staff_count_nurses": null, "health_facility_level": null, "toilets_handwashing": null, "building": null, "name": "Kantor Kelurahan Segoroyoso", "health_facility_bed": null }, "geometry": { "type": "Point", "coordinates": [ 110.2445, -7.8806 ] } },
{ "type": "Feature", "properties": { "osm_id": 10961473756, "osm_type": "nodes", "office": "government", "government": "administrative", "opening_hours": null, "health_facility_type": null, "status": null, "medical_system_western": null, "rooms": null, "toilets_disposal": null, "operator": null, "tourism": null, "operator_type": null, "amenity": null, "beds": null, "staff_count_doctors": null, "access": null, "staff_count_nurses": null, "health_facility_level": null, "toilets_handwashing": null, "building": null, "name": "Kantor Kelurahan Wates", "health_facility_bed": null }, "geometry": { "type": "Point", "coordinates": [ 110.1589, -7.86 ] } },
{ "type": "Feature", "properties": { "osm_id": 10961473768, "osm_type": "nodes", "office": "government", "government": "administrative", "opening_hours": null, "health_facility_type": null, "status": null, "medical_system_western": null, "rooms": null, "toilets_disposal": null, "operator": null, "tourism": null, "operator_type": null, "amenity": null, "beds": null, "staff_count_doctors": null, "access": null, "staff_count_nurses": null, "health_facility_level": null, "toilets_handwashing": null, "building": null, "name": "Kantor Kelurahan Wijimulyo", "health_facility_bed": null }, "geometry": { "type": "Point", "coordinates": [ 110.2189, -7.7819 ] } },
{ "type": "Feature", "properties": { "osm_id": 10961473128, "osm_type": "nodes", "office": "government", "government": "administrative", "opening_hours": null, "health_facility_type": null, "status": null, "medical_system_western": null, "rooms": null, "toilets_disposal": null, "operator": null, "tourism": null, "operator_type": null, "amenity": null, "beds": null, "staff_count_doctors": null, "access": null, "staff_count_nurses": null, "health_facility_level": null, "toilets_handwashing": null, "building": null, "name": "Kantor Kelurahan Wirobrajan", "health_facility_bed": null }, "geometry": { "type": "Point", "coordinates": [ 110.3534, -7.8048 ] } },
{ "type": "Feature", "properties": { "osm_id": 10961471788, "osm_type": "nodes", "office": "government", "government": "administrative", "opening_hours": null, "health_facility_type": null, "status": null, "medical_system_western": null, "rooms": null, "toilets_disposal": null, "operator": null, "tourism": null, "operator_type": null, "amenity": null, "beds": null, "staff_count_doctors": null, "access": null, "staff_count_nurses": null, "health_facility_level": null, "toilets_handwashing": null, "building": null, "name": "Kantor Kelurahan Wirogunan", "health_facility_bed": null }, "geometry": { "type": "Point", "coordinates": [ 110.3747, -7.8051 ] } },
{ "type": "Feature", "properties": { "osm_id": 12917225001, "osm_type": "nodes", "office": null, "government": null, "opening_hours": null, "health_facility_type": null, "status": null, "medical_system_western": null, "rooms": null, "toilets_disposal": null, "operator": null, "tourism": "hostel", "operator_type": null, "amenity": null, "beds": null, "staff_count_doctors": null, "access": null, "staff_count_nurses": null, "health_facility_level": null, "toilets_handwashing": null, "building": null, "name": "Rumah Jawa Guesthouse", "health_facility_bed": null }, "geometry": { "type": "Point", "coordinates": [ 110.3766607, -7.8081512 ] } },
{ "type": "Feature", "properties": { "osm_id": 11379083769, "osm_type": "nodes", "office": null, "government": null, "opening_hours": null, "health_facility_type": null, "status": null, "medical_system_western": null, "rooms": null, "toilets_disposal": null, "operator": null, "tourism": "guest_house", "operator_type": null, "amenity": null, "beds": null, "staff_count_doctors": null, "access": null, "staff_count_nurses": null, "health_facility_level": null, "toilets_handwashing": null, "building": null, "name": "Oyo Art Guesthouse Syariah", "health_facility_bed": null }, "geometry": { "type": "Point", "coordinates": [ 110.3775239, -7.8113408 ] } },
{ "type": "Feature", "properties": { "osm_id": 3782251857, "osm_type": "nodes", "office": null, "government": null, "opening_hours": null, "health_facility_type": null, "status": null, "medical_system_western": null, "rooms": null, "toilets_disposal": null, "operator": null, "tourism": "hotel", "operator_type": null, "amenity": null, "beds": null, "staff_count_doctors": null, "access": null, "staff_count_nurses": null, "health_facility_level": null, "toilets_handwashing": null, "building": null, "name": "Hotel Prime Syailendra", "health_facility_bed": null }, "geometry": { "type": "Point", "coordinates": [ 110.3771829, -7.8103899 ] } },
{ "type": "Feature", "properties": { "osm_id": 9835611291, "osm_type": "nodes", "office": null, "government": null, "opening_hours": null, "health_facility_type": null, "status": null, "medical_system_western": null, "rooms": null, "toilets_disposal": null, "operator": null, "tourism": "hotel", "operator_type": null, "amenity": null, "beds": null, "staff_count_doctors": null, "access": null, "staff_count_nurses": null, "health_facility_level": null, "toilets_handwashing": null, "building": null, "name": "Omah Permadi", "health_facility_bed": null }, "geometry": { "type": "Point", "coordinates": [ 110.3779454, -7.810673 ] } },
{ "type": "Feature", "properties": { "osm_id": 11379083770, "osm_type": "nodes", "office": null, "government": null, "opening_hours": null, "health_facility_type": null, "status": null, "medical_system_western": null, "rooms": null, "toilets_disposal": null, "operator": null, "tourism": "hotel", "operator_type": null, "amenity": null, "beds": null, "staff_count_doctors": null, "access": null, "staff_count_nurses": null, "health_facility_level": null, "toilets_handwashing": null, "building": null, "name": "Cailendra Hotel", "health_facility_bed": null }, "geometry": { "type": "Point", "coordinates": [ 110.3777559, -7.8106012 ] } },
{ "type": "Feature", "properties": { "osm_id": 11795374269, "osm_type": "nodes", "office": null, "government": null, "opening_hours": null, "health_facility_type": null, "status": null, "medical_system_western": null, "rooms": null, "toilets_disposal": null, "operator": null, "tourism": "hotel", "operator_type": null, "amenity": null, "beds": null, "staff_count_doctors": null, "access": null, "staff_count_nurses": null, "health_facility_level": null, "toilets_handwashing": null, "building": null, "name": "Villa Dora Jogja", "health_facility_bed": null }, "geometry": { "type": "Point", "coordinates": [ 110.3775099, -7.8054706 ] } },
{ "type": "Feature", "properties": { "osm_id": 10961479073, "osm_type": "nodes", "office": "government", "government": "administrative", "opening_hours": null, "health_facility_type": null, "status": null, "medical_system_western": null, "rooms": null, "toilets_disposal": null, "operator": null, "tourism": null, "operator_type": null, "amenity": null, "beds": null, "staff_count_doctors": null, "access": null, "staff_count_nurses": null, "health_facility_level": null, "toilets_handwashing": null, "building": null, "name": "Kantor Kalurahan Wirokerten", "health_facility_bed": null }, "geometry": { "type": "Point", "coordinates": [ 110.4022, -7.8464 ] } },
{ "type": "Feature", "properties": { "osm_id": 10961474386, "osm_type": "nodes", "office": "government", "government": "administrative", "opening_hours": null, "health_facility_type": null, "status": null, "medical_system_western": null, "rooms": null, "toilets_disposal": null, "operator": null, "tourism": null, "operator_type": null, "amenity": null, "beds": null, "staff_count_doctors": null, "access": null, "staff_count_nurses": null, "health_facility_level": null, "toilets_handwashing": null, "building": null, "name": "Kantor Kelurahan Wonokromo", "health_facility_bed": null }, "geometry": { "type": "Point", "coordinates": [ 110.3928, -7.8694 ] } },
{ "type": "Feature", "properties": { "osm_id": 10961473192, "osm_type": "nodes", "office": "government", "government": "administrative", "opening_hours": null, "health_facility_type": null, "status": null, "medical_system_western": null, "rooms": null, "toilets_disposal": null, "operator": null, "tourism": null, "operator_type": null, "amenity": null, "beds": null, "staff_count_doctors": null, "access": null, "staff_count_nurses": null, "health_facility_level": null, "toilets_handwashing": null, "building": null, "name": "Kantor Kalurahan Wukirsari", "health_facility_bed": null }, "geometry": { "type": "Point", "coordinates": [ 110.393474, -7.9095389 ] } },
{ "type": "Feature", "properties": { "osm_id": 11875197527, "osm_type": "nodes", "office": null, "government": null, "opening_hours": null, "health_facility_type": null, "status": null, "medical_system_western": null, "rooms": null, "toilets_disposal": null, "operator": null, "tourism": null, "operator_type": null, "amenity": "hospital", "beds": null, "staff_count_doctors": null, "access": null, "staff_count_nurses": null, "health_facility_level": null, "toilets_handwashing": null, "building": null, "name": "Biro Psikologi Metamorfosa", "health_facility_bed": null }, "geometry": { "type": "Point", "coordinates": [ 110.3298078, -7.8024702 ] } },
{ "type": "Feature", "properties": { "osm_id": 13610868365, "osm_type": "nodes", "office": null, "government": null, "opening_hours": null, "health_facility_type": null, "status": null, "medical_system_western": null, "rooms": null, "toilets_disposal": null, "operator": null, "tourism": "guest_house", "operator_type": null, "amenity": null, "beds": null, "staff_count_doctors": null, "access": null, "staff_count_nurses": null, "health_facility_level": null, "toilets_handwashing": null, "building": null, "name": "Kost Bu Yeti", "health_facility_bed": null }, "geometry": { "type": "Point", "coordinates": [ 110.3131371, -7.8074874 ] } },
{ "type": "Feature", "properties": { "osm_id": 13800401439, "osm_type": "nodes", "office": null, "government": null, "opening_hours": null, "health_facility_type": null, "status": null, "medical_system_western": null, "rooms": null, "toilets_disposal": null, "operator": "Shabrina", "tourism": null, "operator_type": "public", "amenity": "hospital", "beds": null, "staff_count_doctors": null, "access": null, "staff_count_nurses": null, "health_facility_level": null, "toilets_handwashing": null, "building": null, "name": "RS Muhammadiyah Gamping", "health_facility_bed": null }, "geometry": { "type": "Point", "coordinates": [ 110.3177357, -7.8003558 ] } },
{ "type": "Feature", "properties": { "osm_id": 13800423565, "osm_type": "nodes", "office": null, "government": null, "opening_hours": null, "health_facility_type": null, "status": null, "medical_system_western": null, "rooms": null, "toilets_disposal": null, "operator": "shabrina", "tourism": "guest_house", "operator_type": null, "amenity": null, "beds": null, "staff_count_doctors": null, "access": null, "staff_count_nurses": null, "health_facility_level": null, "toilets_handwashing": null, "building": null, "name": "rumah simbah", "health_facility_bed": null }, "geometry": { "type": "Point", "coordinates": [ 110.3120624, -7.7957012 ] } },
{ "type": "Feature", "properties": { "osm_id": 10961475429, "osm_type": "nodes", "office": "government", "government": "administrative", "opening_hours": null, "health_facility_type": null, "status": null, "medical_system_western": null, "rooms": null, "toilets_disposal": null, "operator": null, "tourism": null, "operator_type": null, "amenity": null, "beds": null, "staff_count_doctors": null, "access": null, "staff_count_nurses": null, "health_facility_level": null, "toilets_handwashing": null, "building": null, "name": "Kantor Kelurahan Balecatur", "health_facility_bed": null }, "geometry": { "type": "Point", "coordinates": [ 110.303, -7.804 ] } },
{ "type": "Feature", "properties": { "osm_id": 10961477961, "osm_type": "nodes", "office": "government", "government": "administrative", "opening_hours": null, "health_facility_type": null, "status": null, "medical_system_western": null, "rooms": null, "toilets_disposal": null, "operator": null, "tourism": null, "operator_type": null, "amenity": null, "beds": null, "staff_count_doctors": null, "access": null, "staff_count_nurses": null, "health_facility_level": null, "toilets_handwashing": null, "building": null, "name": "Kantor Kelurahan Ambarketawang", "health_facility_bed": null }, "geometry": { "type": "Point", "coordinates": [ 110.3203, -7.8001 ] } },
{ "type": "Feature", "properties": { "osm_id": 13849143113, "osm_type": "nodes", "office": null, "government": null, "opening_hours": null, "health_facility_type": null, "status": null, "medical_system_western": null, "rooms": null, "toilets_disposal": null, "operator": null, "tourism": null, "operator_type": null, "amenity": "hospital", "beds": null, "staff_count_doctors": null, "access": null, "staff_count_nurses": null, "health_facility_level": null, "toilets_handwashing": null, "building": null, "name": "OXYGYM", "health_facility_bed": null }, "geometry": { "type": "Point", "coordinates": [ 110.3228251, -7.7941038 ] } },
{ "type": "Feature", "properties": { "osm_id": 10961472839, "osm_type": "nodes", "office": "government", "government": "administrative", "opening_hours": null, "health_facility_type": null, "status": null, "medical_system_western": null, "rooms": null, "toilets_disposal": null, "operator": null, "tourism": null, "operator_type": null, "amenity": null, "beds": null, "staff_count_doctors": null, "access": null, "staff_count_nurses": null, "health_facility_level": null, "toilets_handwashing": null, "building": null, "name": "Kantor Kelurahan Argo Mulyo", "health_facility_bed": null }, "geometry": { "type": "Point", "coordinates": [ 110.4564, -7.6594 ] } },
{ "type": "Feature", "properties": { "osm_id": 13830085191, "osm_type": "nodes", "office": "government", "government": null, "opening_hours": null, "health_facility_type": null, "status": null, "medical_system_western": null, "rooms": null, "toilets_disposal": null, "operator": null, "tourism": null, "operator_type": null, "amenity": null, "beds": null, "staff_count_doctors": null, "access": null, "staff_count_nurses": null, "health_facility_level": null, "toilets_handwashing": null, "building": null, "name": "Lembaga Pembinaan Khusus Anak Kelas II", "health_facility_bed": null }, "geometry": { "type": "Point", "coordinates": [ 110.6093394, -7.9736856 ] } },
{ "type": "Feature", "properties": { "osm_id": 4414458577, "osm_type": "nodes", "office": "government", "government": null, "opening_hours": null, "health_facility_type": null, "status": null, "medical_system_western": null, "rooms": null, "toilets_disposal": null, "operator": null, "tourism": null, "operator_type": null, "amenity": null, "beds": null, "staff_count_doctors": null, "access": null, "staff_count_nurses": null, "health_facility_level": null, "toilets_handwashing": null, "building": null, "name": "Kantor Desa Bandung", "health_facility_bed": null }, "geometry": { "type": "Point", "coordinates": [ 110.565477, -7.9276225 ] } },
{ "type": "Feature", "properties": { "osm_id": 10961477134, "osm_type": "nodes", "office": "government", "government": "administrative", "opening_hours": null, "health_facility_type": null, "status": null, "medical_system_western": null, "rooms": null, "toilets_disposal": null, "operator": null, "tourism": null, "operator_type": null, "amenity": null, "beds": null, "staff_count_doctors": null, "access": null, "staff_count_nurses": null, "health_facility_level": null, "toilets_handwashing": null, "building": null, "name": "Kantor Kelurahan Bandung", "health_facility_bed": null }, "geometry": { "type": "Point", "coordinates": [ 110.57, -7.93 ] } },
{ "type": "Feature", "properties": { "osm_id": 10961471397, "osm_type": "nodes", "office": "government", "government": "administrative", "opening_hours": null, "health_facility_type": null, "status": null, "medical_system_western": null, "rooms": null, "toilets_disposal": null, "operator": null, "tourism": null, "operator_type": null, "amenity": null, "beds": null, "staff_count_doctors": null, "access": null, "staff_count_nurses": null, "health_facility_level": null, "toilets_handwashing": null, "building": null, "name": "Kantor Kelurahan Logandeng", "health_facility_bed": null }, "geometry": { "type": "Point", "coordinates": [ 110.57, -7.94 ] } },
{ "type": "Feature", "properties": { "osm_id": 8385985634, "osm_type": "nodes", "office": null, "government": null, "opening_hours": null, "health_facility_type": null, "status": null, "medical_system_western": null, "rooms": null, "toilets_disposal": null, "operator": null, "tourism": null, "operator_type": null, "amenity": "hospital", "beds": null, "staff_count_doctors": null, "access": null, "staff_count_nurses": null, "health_facility_level": null, "toilets_handwashing": null, "building": null, "name": "RS Nurrohmah", "health_facility_bed": null }, "geometry": { "type": "Point", "coordinates": [ 110.5614765, -7.9224175 ] } },
{ "type": "Feature", "properties": { "osm_id": 10961476425, "osm_type": "nodes", "office": "government", "government": "administrative", "opening_hours": null, "health_facility_type": null, "status": null, "medical_system_western": null, "rooms": null, "toilets_disposal": null, "operator": null, "tourism": null, "operator_type": null, "amenity": null, "beds": null, "staff_count_doctors": null, "access": null, "staff_count_nurses": null, "health_facility_level": null, "toilets_handwashing": null, "building": null, "name": "Kantor Kelurahan Merdiko Rejo", "health_facility_bed": null }, "geometry": { "type": "Point", "coordinates": [ 110.3436, -7.633 ] } },
{ "type": "Feature", "properties": { "osm_id": 10961475323, "osm_type": "nodes", "office": "government", "government": "administrative", "opening_hours": null, "health_facility_type": null, "status": null, "medical_system_western": null, "rooms": null, "toilets_disposal": null, "operator": null, "tourism": null, "operator_type": null, "amenity": null, "beds": null, "staff_count_doctors": null, "access": null, "staff_count_nurses": null, "health_facility_level": null, "toilets_handwashing": null, "building": null, "name": "Kantor Kelurahan Kemiri", "health_facility_bed": null }, "geometry": { "type": "Point", "coordinates": [ 110.5784, -8.0664 ] } },
{ "type": "Feature", "properties": { "osm_id": 10961477855, "osm_type": "nodes", "office": "government", "government": "administrative", "opening_hours": null, "health_facility_type": null, "status": null, "medical_system_western": null, "rooms": null, "toilets_disposal": null, "operator": null, "tourism": null, "operator_type": null, "amenity": null, "beds": null, "staff_count_doctors": null, "access": null, "staff_count_nurses": null, "health_facility_level": null, "toilets_handwashing": null, "building": null, "name": "Kantor Kelurahan Banjarejo", "health_facility_bed": null }, "geometry": { "type": "Point", "coordinates": [ 110.5969, -8.0969 ] } },
{ "type": "Feature", "properties": { "osm_id": 6170852486, "osm_type": "nodes", "office": null, "government": null, "opening_hours": null, "health_facility_type": null, "status": null, "medical_system_western": null, "rooms": null, "toilets_disposal": null, "operator": null, "tourism": "hostel", "operator_type": null, "amenity": null, "beds": null, "staff_count_doctors": null, "access": null, "staff_count_nurses": null, "health_facility_level": null, "toilets_handwashing": null, "building": null, "name": "Bob Home Homestay", "health_facility_bed": null }, "geometry": { "type": "Point", "coordinates": [ 110.6037986, -8.1447224 ] } },
{ "type": "Feature", "properties": { "osm_id": 13800675261, "osm_type": "nodes", "office": null, "government": null, "opening_hours": null, "health_facility_type": null, "status": null, "medical_system_western": null, "rooms": null, "toilets_disposal": null, "operator": null, "tourism": "hotel", "operator_type": null, "amenity": null, "beds": null, "staff_count_doctors": null, "access": null, "staff_count_nurses": null, "health_facility_level": null, "toilets_handwashing": null, "building": null, "name": "Paradiso Hills", "health_facility_bed": null }, "geometry": { "type": "Point", "coordinates": [ 110.5996348, -8.1422442 ] } },
{ "type": "Feature", "properties": { "osm_id": 10961478631, "osm_type": "nodes", "office": "government", "government": "administrative", "opening_hours": null, "health_facility_type": null, "status": null, "medical_system_western": null, "rooms": null, "toilets_disposal": null, "operator": null, "tourism": null, "operator_type": null, "amenity": null, "beds": null, "staff_count_doctors": null, "access": null, "staff_count_nurses": null, "health_facility_level": null, "toilets_handwashing": null, "building": null, "name": "Kantor Kelurahan Sidoarum", "health_facility_bed": null }, "geometry": { "type": "Point", "coordinates": [ 110.3284, -7.7764 ] } },
{ "type": "Feature", "properties": { "osm_id": 10961475230, "osm_type": "nodes", "office": "government", "government": "administrative", "opening_hours": null, "health_facility_type": null, "status": null, "medical_system_western": null, "rooms": null, "toilets_disposal": null, "operator": null, "tourism": null, "operator_type": null, "amenity": null, "beds": null, "staff_count_doctors": null, "access": null, "staff_count_nurses": null, "health_facility_level": null, "toilets_handwashing": null, "building": null, "name": "Kantor Kelurahan Banyu Rejo", "health_facility_bed": null }, "geometry": { "type": "Point", "coordinates": [ 110.2883, -7.7008 ] } },
{ "type": "Feature", "properties": { "osm_id": 12976432462, "osm_type": "nodes", "office": null, "government": null, "opening_hours": null, "health_facility_type": null, "status": null, "medical_system_western": null, "rooms": null, "toilets_disposal": null, "operator": null, "tourism": "hotel", "operator_type": null, "amenity": null, "beds": null, "staff_count_doctors": null, "access": null, "staff_count_nurses": null, "health_facility_level": null, "toilets_handwashing": null, "building": null, "name": "Wulenpari", "health_facility_bed": null }, "geometry": { "type": "Point", "coordinates": [ 110.5119463, -7.8853228 ] } },
{ "type": "Feature", "properties": { "osm_id": 12866255147, "osm_type": "nodes", "office": null, "government": null, "opening_hours": null, "health_facility_type": null, "status": null, "medical_system_western": null, "rooms": null, "toilets_disposal": null, "operator": null, "tourism": null, "operator_type": null, "amenity": "hospital", "beds": null, "staff_count_doctors": null, "access": null, "staff_count_nurses": null, "health_facility_level": null, "toilets_handwashing": null, "building": null, "name": "Rumah Sakit Panti Rahayu", "health_facility_bed": null }, "geometry": { "type": "Point", "coordinates": [ 110.6580992, -7.956385 ] } },
{ "type": "Feature", "properties": { "osm_id": 12866255156, "osm_type": "nodes", "office": null, "government": null, "opening_hours": null, "health_facility_type": null, "status": null, "medical_system_western": null, "rooms": null, "toilets_disposal": null, "operator": null, "tourism": null, "operator_type": null, "amenity": "hospital", "beds": null, "staff_count_doctors": null, "access": null, "staff_count_nurses": null, "health_facility_level": null, "toilets_handwashing": null, "building": null, "name": "Gedung Stella Maris RS Panti Rahayu", "health_facility_bed": null }, "geometry": { "type": "Point", "coordinates": [ 110.6577434, -7.9558531 ] } },
{ "type": "Feature", "properties": { "osm_id": 12866255162, "osm_type": "nodes", "office": null, "government": null, "opening_hours": null, "health_facility_type": null, "status": null, "medical_system_western": null, "rooms": null, "toilets_disposal": null, "operator": null, "tourism": "motel", "operator_type": null, "amenity": null, "beds": null, "staff_count_doctors": null, "access": null, "staff_count_nurses": null, "health_facility_level": null, "toilets_handwashing": null, "building": null, "name": "Motel Purnama", "health_facility_bed": null }, "geometry": { "type": "Point", "coordinates": [ 110.6595226, -7.9564878 ] } },
{ "type": "Feature", "properties": { "osm_id": 11758706557, "osm_type": "nodes", "office": "government", "government": null, "opening_hours": null, "health_facility_type": null, "status": null, "medical_system_western": null, "rooms": null, "toilets_disposal": null, "operator": null, "tourism": null, "operator_type": null, "amenity": null, "beds": null, "staff_count_doctors": null, "access": null, "staff_count_nurses": null, "health_facility_level": null, "toilets_handwashing": null, "building": null, "name": "Kantor Kelurahan Kelor", "health_facility_bed": null }, "geometry": { "type": "Point", "coordinates": [ 110.6589237, -7.9562326 ] } },
{ "type": "Feature", "properties": { "osm_id": 10961477475, "osm_type": "nodes", "office": "government", "government": "administrative", "opening_hours": null, "health_facility_type": null, "status": null, "medical_system_western": null, "rooms": null, "toilets_disposal": null, "operator": null, "tourism": null, "operator_type": null, "amenity": null, "beds": null, "staff_count_doctors": null, "access": null, "staff_count_nurses": null, "health_facility_level": null, "toilets_handwashing": null, "building": null, "name": "Kantor Kelurahan Ngawis", "health_facility_bed": null }, "geometry": { "type": "Point", "coordinates": [ 110.66, -7.94 ] } },
{ "type": "Feature", "properties": { "osm_id": 10961478815, "osm_type": "nodes", "office": "government", "government": "administrative", "opening_hours": null, "health_facility_type": null, "status": null, "medical_system_western": null, "rooms": null, "toilets_disposal": null, "operator": null, "tourism": null, "operator_type": null, "amenity": null, "beds": null, "staff_count_doctors": null, "access": null, "staff_count_nurses": null, "health_facility_level": null, "toilets_handwashing": null, "building": null, "name": "Kantor Kelurahan Bejiharjo", "health_facility_bed": null }, "geometry": { "type": "Point", "coordinates": [ 110.64, -7.94 ] } },
{ "type": "Feature", "properties": { "osm_id": 10961476280, "osm_type": "nodes", "office": "government", "government": "administrative", "opening_hours": null, "health_facility_type": null, "status": null, "medical_system_western": null, "rooms": null, "toilets_disposal": null, "operator": null, "tourism": null, "operator_type": null, "amenity": null, "beds": null, "staff_count_doctors": null, "access": null, "staff_count_nurses": null, "health_facility_level": null, "toilets_handwashing": null, "building": null, "name": "Kantor Kelurahan Bendungan", "health_facility_bed": null }, "geometry": { "type": "Point", "coordinates": [ 110.63, -7.96 ] } },
{ "type": "Feature", "properties": { "osm_id": 10961471985, "osm_type": "nodes", "office": "government", "government": "administrative", "opening_hours": null, "health_facility_type": null, "status": null, "medical_system_western": null, "rooms": null, "toilets_disposal": null, "operator": null, "tourism": null, "operator_type": null, "amenity": null, "beds": null, "staff_count_doctors": null, "access": null, "staff_count_nurses": null, "health_facility_level": null, "toilets_handwashing": null, "building": null, "name": "Kantor Kelurahan Bimo Martani", "health_facility_bed": null }, "geometry": { "type": "Point", "coordinates": [ 110.4651, -7.6979 ] } },
{ "type": "Feature", "properties": { "osm_id": 10961472398, "osm_type": "nodes", "office": "government", "government": "administrative", "opening_hours": null, "health_facility_type": null, "status": null, "medical_system_western": null, "rooms": null, "toilets_disposal": null, "operator": null, "tourism": null, "operator_type": null, "amenity": null, "beds": null, "staff_count_doctors": null, "access": null, "staff_count_nurses": null, "health_facility_level": null, "toilets_handwashing": null, "building": null, "name": "Kantor Kelurahan Leses", "health_facility_bed": null }, "geometry": { "type": "Point", "coordinates": [ 110.4805, -7.6933 ] } },
{ "type": "Feature", "properties": { "osm_id": 12257325159, "osm_type": "nodes", "office": null, "government": null, "opening_hours": null, "health_facility_type": null, "status": null, "medical_system_western": null, "rooms": "0", "toilets_disposal": null, "operator": null, "tourism": "hotel", "operator_type": null, "amenity": null, "beds": null, "staff_count_doctors": null, "access": null, "staff_count_nurses": null, "health_facility_level": null, "toilets_handwashing": null, "building": null, "name": "Booboo Homestay Yogyakarta", "health_facility_bed": null }, "geometry": { "type": "Point", "coordinates": [ 110.4697891, -7.7735024 ] } },
{ "type": "Feature", "properties": { "osm_id": 13045160352, "osm_type": "nodes", "office": null, "government": null, "opening_hours": null, "health_facility_type": null, "status": null, "medical_system_western": null, "rooms": "69", "toilets_disposal": null, "operator": null, "tourism": "hotel", "operator_type": null, "amenity": null, "beds": null, "staff_count_doctors": null, "access": null, "staff_count_nurses": null, "health_facility_level": null, "toilets_handwashing": null, "building": null, "name": "Vrata Hotel", "health_facility_bed": null }, "geometry": { "type": "Point", "coordinates": [ 110.4698654, -7.7682998 ] } },
{ "type": "Feature", "properties": { "osm_id": 13321418455, "osm_type": "nodes", "office": "government", "government": null, "opening_hours": null, "health_facility_type": null, "status": null, "medical_system_western": null, "rooms": null, "toilets_disposal": null, "operator": null, "tourism": null, "operator_type": null, "amenity": null, "beds": null, "staff_count_doctors": null, "access": null, "staff_count_nurses": null, "health_facility_level": null, "toilets_handwashing": null, "building": null, "name": "PDAM Sleman Unit Prambanan", "health_facility_bed": null }, "geometry": { "type": "Point", "coordinates": [ 110.4797592, -7.7726126 ] } },
{ "type": "Feature", "properties": { "osm_id": 12073067859, "osm_type": "nodes", "office": null, "government": null, "opening_hours": null, "health_facility_type": null, "status": null, "medical_system_western": null, "rooms": null, "toilets_disposal": null, "operator": null, "tourism": "guest_house", "operator_type": null, "amenity": null, "beds": null, "staff_count_doctors": null, "access": null, "staff_count_nurses": null, "health_facility_level": null, "toilets_handwashing": null, "building": null, "name": "Manda Homestay", "health_facility_bed": null }, "geometry": { "type": "Point", "coordinates": [ 110.48128, -7.7509045 ] } },
{ "type": "Feature", "properties": { "osm_id": 9679002748, "osm_type": "nodes", "office": null, "government": null, "opening_hours": null, "health_facility_type": null, "status": null, "medical_system_western": null, "rooms": null, "toilets_disposal": null, "operator": null, "tourism": "guest_house", "operator_type": null, "amenity": null, "beds": null, "staff_count_doctors": null, "access": null, "staff_count_nurses": null, "health_facility_level": null, "toilets_handwashing": null, "building": null, "name": "Puri Cempaka Guest House", "health_facility_bed": null }, "geometry": { "type": "Point", "coordinates": [ 110.4809948, -7.7438315 ] } },
{ "type": "Feature", "properties": { "osm_id": 9725632642, "osm_type": "nodes", "office": null, "government": null, "opening_hours": null, "health_facility_type": null, "status": null, "medical_system_western": null, "rooms": null, "toilets_disposal": null, "operator": null, "tourism": "hotel", "operator_type": null, "amenity": null, "beds": null, "staff_count_doctors": null, "access": null, "staff_count_nurses": null, "health_facility_level": null, "toilets_handwashing": null, "building": null, "name": "Hotel Srikandi", "health_facility_bed": null }, "geometry": { "type": "Point", "coordinates": [ 110.4698687, -7.7685614 ] } },
{ "type": "Feature", "properties": { "osm_id": 10961479246, "osm_type": "nodes", "office": "government", "government": "administrative", "opening_hours": null, "health_facility_type": null, "status": null, "medical_system_western": null, "rooms": null, "toilets_disposal": null, "operator": null, "tourism": null, "operator_type": null, "amenity": null, "beds": null, "staff_count_doctors": null, "access": null, "staff_count_nurses": null, "health_facility_level": null, "toilets_handwashing": null, "building": null, "name": "Kantor Kelurahan Harjo Binangun", "health_facility_bed": null }, "geometry": { "type": "Point", "coordinates": [ 110.41147, -7.66892 ] } },
{ "type": "Feature", "properties": { "osm_id": 10961476713, "osm_type": "nodes", "office": "government", "government": "administrative", "opening_hours": null, "health_facility_type": null, "status": null, "medical_system_western": null, "rooms": null, "toilets_disposal": null, "operator": null, "tourism": null, "operator_type": null, "amenity": null, "beds": null, "staff_count_doctors": null, "access": null, "staff_count_nurses": null, "health_facility_level": null, "toilets_handwashing": null, "building": null, "name": "Kantor Kelurahan Candi Binangun", "health_facility_bed": null }, "geometry": { "type": "Point", "coordinates": [ 110.40432, -7.65885 ] } },
{ "type": "Feature", "properties": { "osm_id": 10961475714, "osm_type": "nodes", "office": "government", "government": "administrative", "opening_hours": null, "health_facility_type": null, "status": null, "medical_system_western": null, "rooms": null, "toilets_disposal": null, "operator": null, "tourism": null, "operator_type": null, "amenity": null, "beds": null, "staff_count_doctors": null, "access": null, "staff_count_nurses": null, "health_facility_level": null, "toilets_handwashing": null, "building": null, "name": "Kantor Kelurahan Catur Harjo", "health_facility_bed": null }, "geometry": { "type": "Point", "coordinates": [ 110.3246, -7.6838 ] } },
{ "type": "Feature", "properties": { "osm_id": 13797621007, "osm_type": "nodes", "office": null, "government": null, "opening_hours": null, "health_facility_type": null, "status": null, "medical_system_western": null, "rooms": null, "toilets_disposal": null, "operator": null, "tourism": null, "operator_type": null, "amenity": "hospital", "beds": null, "staff_count_doctors": null, "access": null, "staff_count_nurses": null, "health_facility_level": null, "toilets_handwashing": null, "building": null, "name": "RSUD Sleman", "health_facility_bed": null }, "geometry": { "type": "Point", "coordinates": [ 110.3423476, -7.6874308 ] } },
{ "type": "Feature", "properties": { "osm_id": 4968603621, "osm_type": "nodes", "office": null, "government": null, "opening_hours": "24/7", "health_facility_type": null, "status": null, "medical_system_western": null, "rooms": null, "toilets_disposal": null, "operator": "Ibnu Saleh Riyanto", "tourism": "hostel", "operator_type": null, "amenity": "community_centre", "beds": null, "staff_count_doctors": null, "access": null, "staff_count_nurses": null, "health_facility_level": null, "toilets_handwashing": null, "building": null, "name": "Stasiun Radio Amatir YD2XDT", "health_facility_bed": null }, "geometry": { "type": "Point", "coordinates": [ 110.3411722, -7.6995364 ] } },
{ "type": "Feature", "properties": { "osm_id": 12854937380, "osm_type": "nodes", "office": null, "government": null, "opening_hours": null, "health_facility_type": null, "status": null, "medical_system_western": null, "rooms": null, "toilets_disposal": null, "operator": null, "tourism": "hostel", "operator_type": null, "amenity": null, "beds": null, "staff_count_doctors": null, "access": null, "staff_count_nurses": null, "health_facility_level": null, "toilets_handwashing": null, "building": null, "name": "Asrama Ratnaningsih Kinanti 1 UGM", "health_facility_bed": null }, "geometry": { "type": "Point", "coordinates": [ 110.3772565, -7.7634554 ] } },
{ "type": "Feature", "properties": { "osm_id": 4590881638, "osm_type": "nodes", "office": null, "government": null, "opening_hours": null, "health_facility_type": null, "status": null, "medical_system_western": null, "rooms": null, "toilets_disposal": null, "operator": null, "tourism": "hotel", "operator_type": null, "amenity": null, "beds": null, "staff_count_doctors": null, "access": null, "staff_count_nurses": null, "health_facility_level": null, "toilets_handwashing": null, "building": null, "name": "Omahe Winahyu Homestay", "health_facility_bed": null }, "geometry": { "type": "Point", "coordinates": [ 110.4140963, -7.7567647 ] } },
{ "type": "Feature", "properties": { "osm_id": 9926368089, "osm_type": "nodes", "office": "telecommunication", "government": null, "opening_hours": null, "health_facility_type": null, "status": null, "medical_system_western": null, "rooms": null, "toilets_disposal": null, "operator": null, "tourism": null, "operator_type": null, "amenity": null, "beds": null, "staff_count_doctors": null, "access": null, "staff_count_nurses": null, "health_facility_level": null, "toilets_handwashing": null, "building": null, "name": "Gerai Indosat Condong Catur", "health_facility_bed": null }, "geometry": { "type": "Point", "coordinates": [ 110.3943162, -7.7572953 ] } },
{ "type": "Feature", "properties": { "osm_id": 10961474376, "osm_type": "nodes", "office": "government", "government": "administrative", "opening_hours": null, "health_facility_type": null, "status": null, "medical_system_western": null, "rooms": null, "toilets_disposal": null, "operator": null, "tourism": null, "operator_type": null, "amenity": null, "beds": null, "staff_count_doctors": null, "access": null, "staff_count_nurses": null, "health_facility_level": null, "toilets_handwashing": null, "building": null, "name": "Kantor Kelurahan Condong Catur", "health_facility_bed": null }, "geometry": { "type": "Point", "coordinates": [ 110.39649, -7.75707 ] } },
{ "type": "Feature", "properties": { "osm_id": 6732315339, "osm_type": "nodes", "office": null, "government": null, "opening_hours": null, "health_facility_type": null, "status": null, "medical_system_western": null, "rooms": "23", "toilets_disposal": null, "operator": null, "tourism": "guest_house", "operator_type": null, "amenity": null, "beds": null, "staff_count_doctors": null, "access": null, "staff_count_nurses": null, "health_facility_level": null, "toilets_handwashing": null, "building": null, "name": "Embe Joglo", "health_facility_bed": null }, "geometry": { "type": "Point", "coordinates": [ 110.4017806, -7.7559934 ] } },
{ "type": "Feature", "properties": { "osm_id": 6009385282, "osm_type": "nodes", "office": null, "government": null, "opening_hours": null, "health_facility_type": null, "status": null, "medical_system_western": null, "rooms": null, "toilets_disposal": null, "operator": null, "tourism": "hotel", "operator_type": null, "amenity": null, "beds": null, "staff_count_doctors": null, "access": null, "staff_count_nurses": null, "health_facility_level": null, "toilets_handwashing": null, "building": null, "name": "Athaya Hotel Jogja", "health_facility_bed": null }, "geometry": { "type": "Point", "coordinates": [ 110.3835068, -7.7614723 ] } },
{ "type": "Feature", "properties": { "osm_id": 12106220502, "osm_type": "nodes", "office": null, "government": null, "opening_hours": null, "health_facility_type": null, "status": null, "medical_system_western": null, "rooms": null, "toilets_disposal": null, "operator": null, "tourism": "hotel", "operator_type": null, "amenity": null, "beds": null, "staff_count_doctors": null, "access": null, "staff_count_nurses": null, "health_facility_level": null, "toilets_handwashing": null, "building": null, "name": "Pendowo Huis", "health_facility_bed": null }, "geometry": { "type": "Point", "coordinates": [ 110.3902415, -7.7733904 ] } },
{ "type": "Feature", "properties": { "osm_id": 4585536372, "osm_type": "nodes", "office": null, "government": null, "opening_hours": null, "health_facility_type": null, "status": null, "medical_system_western": null, "rooms": null, "toilets_disposal": null, "operator": null, "tourism": "hotel", "operator_type": null, "amenity": null, "beds": null, "staff_count_doctors": null, "access": null, "staff_count_nurses": null, "health_facility_level": null, "toilets_handwashing": null, "building": null, "name": null, "health_facility_bed": null }, "geometry": { "type": "Point", "coordinates": [ 110.4158888, -7.7788211 ] } },
{ "type": "Feature", "properties": { "osm_id": 9863810827, "osm_type": "nodes", "office": null, "government": null, "opening_hours": null, "health_facility_type": null, "status": null, "medical_system_western": null, "rooms": null, "toilets_disposal": null, "operator": null, "tourism": "hotel", "operator_type": null, "amenity": null, "beds": null, "staff_count_doctors": null, "access": null, "staff_count_nurses": null, "health_facility_level": null, "toilets_handwashing": null, "building": null, "name": "Hotel Sahid Raya Yogyakarta", "health_facility_bed": null }, "geometry": { "type": "Point", "coordinates": [ 110.4143124, -7.7800255 ] } },
{ "type": "Feature", "properties": { "osm_id": 13185592901, "osm_type": "nodes", "office": null, "government": null, "opening_hours": null, "health_facility_type": null, "status": null, "medical_system_western": null, "rooms": null, "toilets_disposal": null, "operator": null, "tourism": "hostel", "operator_type": null, "amenity": null, "beds": null, "staff_count_doctors": null, "access": null, "staff_count_nurses": null, "health_facility_level": null, "toilets_handwashing": null, "building": null, "name": "Pondok Abimanyu", "health_facility_bed": null }, "geometry": { "type": "Point", "coordinates": [ 110.3827113, -7.777962 ] } },
{ "type": "Feature", "properties": { "osm_id": 4693248299, "osm_type": "nodes", "office": null, "government": null, "opening_hours": null, "health_facility_type": null, "status": null, "medical_system_western": null, "rooms": null, "toilets_disposal": null, "operator": null, "tourism": "hotel", "operator_type": null, "amenity": null, "beds": null, "staff_count_doctors": null, "access": null, "staff_count_nurses": null, "health_facility_level": null, "toilets_handwashing": null, "building": null, "name": "Vidi Hotel 2", "health_facility_bed": null }, "geometry": { "type": "Point", "coordinates": [ 110.3793242, -7.7617833 ] } },
{ "type": "Feature", "properties": { "osm_id": 13800429917, "osm_type": "nodes", "office": null, "government": null, "opening_hours": null, "health_facility_type": null, "status": null, "medical_system_western": null, "rooms": "5", "toilets_disposal": null, "operator": "Nurlita", "tourism": "hostel", "operator_type": null, "amenity": null, "beds": null, "staff_count_doctors": null, "access": null, "staff_count_nurses": null, "health_facility_level": null, "toilets_handwashing": null, "building": null, "name": "Kos Bu Muntamah", "health_facility_bed": null }, "geometry": { "type": "Point", "coordinates": [ 110.3828682, -7.7630933 ] } },
{ "type": "Feature", "properties": { "osm_id": 12338747935, "osm_type": "nodes", "office": null, "government": null, "opening_hours": null, "health_facility_type": null, "status": null, "medical_system_western": null, "rooms": null, "toilets_disposal": null, "operator": null, "tourism": "hotel", "operator_type": null, "amenity": null, "beds": null, "staff_count_doctors": null, "access": null, "staff_count_nurses": null, "health_facility_level": null, "toilets_handwashing": null, "building": null, "name": null, "health_facility_bed": null }, "geometry": { "type": "Point", "coordinates": [ 110.3822355, -7.7565729 ] } },
{ "type": "Feature", "properties": { "osm_id": 12338747988, "osm_type": "nodes", "office": null, "government": null, "opening_hours": null, "health_facility_type": null, "status": null, "medical_system_western": null, "rooms": null, "toilets_disposal": null, "operator": null, "tourism": "hotel", "operator_type": null, "amenity": null, "beds": null, "staff_count_doctors": null, "access": null, "staff_count_nurses": null, "health_facility_level": null, "toilets_handwashing": null, "building": null, "name": null, "health_facility_bed": null }, "geometry": { "type": "Point", "coordinates": [ 110.3814054, -7.7564105 ] } },
{ "type": "Feature", "properties": { "osm_id": 5652796465, "osm_type": "nodes", "office": null, "government": null, "opening_hours": null, "health_facility_type": null, "status": null, "medical_system_western": null, "rooms": null, "toilets_disposal": null, "operator": null, "tourism": "hostel", "operator_type": null, "amenity": null, "beds": null, "staff_count_doctors": null, "access": null, "staff_count_nurses": null, "health_facility_level": null, "toilets_handwashing": null, "building": null, "name": "Kosan Putri Fauzia", "health_facility_bed": null }, "geometry": { "type": "Point", "coordinates": [ 110.3792657, -7.7601491 ] } },
{ "type": "Feature", "properties": { "osm_id": 6039050685, "osm_type": "nodes", "office": null, "government": null, "opening_hours": "24/7", "health_facility_type": null, "status": null, "medical_system_western": null, "rooms": null, "toilets_disposal": null, "operator": null, "tourism": "hotel", "operator_type": null, "amenity": null, "beds": null, "staff_count_doctors": null, "access": null, "staff_count_nurses": null, "health_facility_level": null, "toilets_handwashing": null, "building": null, "name": "Onze de Lokaindo", "health_facility_bed": null }, "geometry": { "type": "Point", "coordinates": [ 110.3814793, -7.7620745 ] } },
{ "type": "Feature", "properties": { "osm_id": 3557508870, "osm_type": "nodes", "office": null, "government": null, "opening_hours": null, "health_facility_type": null, "status": null, "medical_system_western": null, "rooms": null, "toilets_disposal": null, "operator": null, "tourism": "hotel", "operator_type": null, "amenity": null, "beds": null, "staff_count_doctors": null, "access": null, "staff_count_nurses": null, "health_facility_level": null, "toilets_handwashing": null, "building": null, "name": "LPP Convention Hotel", "health_facility_bed": null }, "geometry": { "type": "Point", "coordinates": [ 110.3926237, -7.7786287 ] } },
{ "type": "Feature", "properties": { "osm_id": 3473955070, "osm_type": "nodes", "office": null, "government": null, "opening_hours": null, "health_facility_type": null, "status": null, "medical_system_western": null, "rooms": null, "toilets_disposal": null, "operator": null, "tourism": "hotel", "operator_type": null, "amenity": null, "beds": null, "staff_count_doctors": null, "access": null, "staff_count_nurses": null, "health_facility_level": null, "toilets_handwashing": null, "building": null, "name": "UNY Hotel", "health_facility_bed": null }, "geometry": { "type": "Point", "coordinates": [ 110.3857337, -7.7736153 ] } },
{ "type": "Feature", "properties": { "osm_id": 9816754607, "osm_type": "nodes", "office": null, "government": null, "opening_hours": null, "health_facility_type": null, "status": null, "medical_system_western": null, "rooms": null, "toilets_disposal": null, "operator": null, "tourism": "hotel", "operator_type": null, "amenity": null, "beds": null, "staff_count_doctors": null, "access": null, "staff_count_nurses": null, "health_facility_level": null, "toilets_handwashing": null, "building": null, "name": "The Manohara Hotel", "health_facility_bed": null }, "geometry": { "type": "Point", "coordinates": [ 110.3888951, -7.7744133 ] } },
{ "type": "Feature", "properties": { "osm_id": 3473031880, "osm_type": "nodes", "office": null, "government": null, "opening_hours": null, "health_facility_type": null, "status": null, "medical_system_western": null, "rooms": null, "toilets_disposal": null, "operator": null, "tourism": "guest_house", "operator_type": null, "amenity": null, "beds": null, "staff_count_doctors": null, "access": null, "staff_count_nurses": null, "health_facility_level": null, "toilets_handwashing": null, "building": null, "name": "Homestay Ndalem Mbak Charly", "health_facility_bed": null }, "geometry": { "type": "Point", "coordinates": [ 110.391168, -7.7795465 ] } },
{ "type": "Feature", "properties": { "osm_id": 4547470989, "osm_type": "nodes", "office": null, "government": null, "opening_hours": null, "health_facility_type": null, "status": null, "medical_system_western": null, "rooms": null, "toilets_disposal": null, "operator": null, "tourism": "hostel", "operator_type": null, "amenity": null, "beds": null, "staff_count_doctors": null, "access": null, "staff_count_nurses": null, "health_facility_level": null, "toilets_handwashing": null, "building": null, "name": "Students Dormitory", "health_facility_bed": null }, "geometry": { "type": "Point", "coordinates": [ 110.3987209, -7.7813215 ] } },
{ "type": "Feature", "properties": { "osm_id": 11299063991, "osm_type": "nodes", "office": "government", "government": "tax", "opening_hours": null, "health_facility_type": null, "status": null, "medical_system_western": null, "rooms": null, "toilets_disposal": null, "operator": null, "tourism": null, "operator_type": null, "amenity": null, "beds": null, "staff_count_doctors": null, "access": null, "staff_count_nurses": null, "health_facility_level": null, "toilets_handwashing": null, "building": null, "name": "Kantor Pelayanan Pajak Pratama - Sleman", "health_facility_bed": null }, "geometry": { "type": "Point", "coordinates": [ 110.4171627, -7.7637306 ] } },
{ "type": "Feature", "properties": { "osm_id": 13797624672, "osm_type": "nodes", "office": null, "government": null, "opening_hours": null, "health_facility_type": null, "status": null, "medical_system_western": null, "rooms": null, "toilets_disposal": null, "operator": null, "tourism": null, "operator_type": null, "amenity": "hospital", "beds": null, "staff_count_doctors": null, "access": null, "staff_count_nurses": null, "health_facility_level": null, "toilets_handwashing": null, "building": null, "name": "Apotek K-24 Babarsari", "health_facility_bed": null }, "geometry": { "type": "Point", "coordinates": [ 110.4140974, -7.7818739 ] } },
{ "type": "Feature", "properties": { "osm_id": 3679274915, "osm_type": "nodes", "office": null, "government": null, "opening_hours": null, "health_facility_type": null, "status": null, "medical_system_western": null, "rooms": null, "toilets_disposal": null, "operator": null, "tourism": "guest_house", "operator_type": null, "amenity": null, "beds": null, "staff_count_doctors": null, "access": null, "staff_count_nurses": null, "health_facility_level": null, "toilets_handwashing": null, "building": null, "name": "Villa Alicia", "health_facility_bed": null }, "geometry": { "type": "Point", "coordinates": [ 110.4172241, -7.7676206 ] } },
{ "type": "Feature", "properties": { "osm_id": 3530590738, "osm_type": "nodes", "office": null, "government": null, "opening_hours": null, "health_facility_type": null, "status": null, "medical_system_western": null, "rooms": null, "toilets_disposal": null, "operator": null, "tourism": "hotel", "operator_type": null, "amenity": null, "beds": null, "staff_count_doctors": null, "access": null, "staff_count_nurses": null, "health_facility_level": null, "toilets_handwashing": null, "building": null, "name": "Merapi Merbabu Hotels", "health_facility_bed": null }, "geometry": { "type": "Point", "coordinates": [ 110.409937, -7.7715261 ] } },
{ "type": "Feature", "properties": { "osm_id": 4590296614, "osm_type": "nodes", "office": null, "government": null, "opening_hours": null, "health_facility_type": null, "status": null, "medical_system_western": null, "rooms": null, "toilets_disposal": null, "operator": null, "tourism": "hotel", "operator_type": null, "amenity": null, "beds": null, "staff_count_doctors": null, "access": null, "staff_count_nurses": null, "health_facility_level": null, "toilets_handwashing": null, "building": null, "name": "Hotel Dafam Fortuna", "health_facility_bed": null }, "geometry": { "type": "Point", "coordinates": [ 110.4110377, -7.7652437 ] } },
{ "type": "Feature", "properties": { "osm_id": 2564076662, "osm_type": "nodes", "office": null, "government": null, "opening_hours": null, "health_facility_type": null, "status": null, "medical_system_western": null, "rooms": null, "toilets_disposal": null, "operator": null, "tourism": "hotel", "operator_type": null, "amenity": null, "beds": null, "staff_count_doctors": null, "access": null, "staff_count_nurses": null, "health_facility_level": null, "toilets_handwashing": null, "building": null, "name": "Hotel Ishiro Kencana", "health_facility_bed": null }, "geometry": { "type": "Point", "coordinates": [ 110.3803462, -7.7639032 ] } },
{ "type": "Feature", "properties": { "osm_id": 3765156964, "osm_type": "nodes", "office": null, "government": null, "opening_hours": null, "health_facility_type": null, "status": null, "medical_system_western": null, "rooms": null, "toilets_disposal": null, "operator": null, "tourism": "hotel", "operator_type": null, "amenity": null, "beds": null, "staff_count_doctors": null, "access": null, "staff_count_nurses": null, "health_facility_level": null, "toilets_handwashing": null, "building": null, "name": "Grand Omah Sastro", "health_facility_bed": null }, "geometry": { "type": "Point", "coordinates": [ 110.394319, -7.7741531 ] } },
{ "type": "Feature", "properties": { "osm_id": 6732248551, "osm_type": "nodes", "office": null, "government": null, "opening_hours": null, "health_facility_type": null, "status": null, "medical_system_western": null, "rooms": "6", "toilets_disposal": null, "operator": null, "tourism": "guest_house", "operator_type": null, "amenity": null, "beds": null, "staff_count_doctors": null, "access": null, "staff_count_nurses": null, "health_facility_level": null, "toilets_handwashing": null, "building": null, "name": "Embe Pitoe", "health_facility_bed": null }, "geometry": { "type": "Point", "coordinates": [ 110.3914111, -7.7762936 ] } },
{ "type": "Feature", "properties": { "osm_id": 6730652819, "osm_type": "nodes", "office": null, "government": null, "opening_hours": null, "health_facility_type": null, "status": null, "medical_system_western": null, "rooms": "16", "toilets_disposal": null, "operator": null, "tourism": "guest_house", "operator_type": null, "amenity": null, "beds": null, "staff_count_doctors": null, "access": null, "staff_count_nurses": null, "health_facility_level": null, "toilets_handwashing": null, "building": null, "name": "Embe Enem", "health_facility_bed": null }, "geometry": { "type": "Point", "coordinates": [ 110.3915717, -7.7762579 ] } },
{ "type": "Feature", "properties": { "osm_id": 3621485952, "osm_type": "nodes", "office": null, "government": null, "opening_hours": null, "health_facility_type": null, "status": null, "medical_system_western": null, "rooms": null, "toilets_disposal": null, "operator": null, "tourism": "hotel", "operator_type": null, "amenity": null, "beds": null, "staff_count_doctors": null, "access": null, "staff_count_nurses": null, "health_facility_level": null, "toilets_handwashing": null, "building": null, "name": "Amelia Hotel", "health_facility_bed": null }, "geometry": { "type": "Point", "coordinates": [ 110.3924836, -7.7770418 ] } },
{ "type": "Feature", "properties": { "osm_id": 9835310919, "osm_type": "nodes", "office": null, "government": null, "opening_hours": null, "health_facility_type": null, "status": null, "medical_system_western": null, "rooms": null, "toilets_disposal": null, "operator": null, "tourism": "hotel", "operator_type": null, "amenity": null, "beds": null, "staff_count_doctors": null, "access": null, "staff_count_nurses": null, "health_facility_level": null, "toilets_handwashing": null, "building": null, "name": "Airy Eco Papringan Ambarrukmo", "health_facility_bed": null }, "geometry": { "type": "Point", "coordinates": [ 110.3966533, -7.7792783 ] } },
{ "type": "Feature", "properties": { "osm_id": 3473031889, "osm_type": "nodes", "office": null, "government": null, "opening_hours": null, "health_facility_type": null, "status": null, "medical_system_western": null, "rooms": null, "toilets_disposal": null, "operator": null, "tourism": "hotel", "operator_type": null, "amenity": null, "beds": null, "staff_count_doctors": null, "access": null, "staff_count_nurses": null, "health_facility_level": null, "toilets_handwashing": null, "building": null, "name": "Puri Artha Hotel", "health_facility_bed": null }, "geometry": { "type": "Point", "coordinates": [ 110.3912565, -7.7799907 ] } },
{ "type": "Feature", "properties": { "osm_id": 9622538149, "osm_type": "nodes", "office": null, "government": null, "opening_hours": null, "health_facility_type": null, "status": null, "medical_system_western": null, "rooms": null, "toilets_disposal": null, "operator": null, "tourism": "guest_house", "operator_type": null, "amenity": null, "beds": null, "staff_count_doctors": null, "access": null, "staff_count_nurses": null, "health_facility_level": null, "toilets_handwashing": null, "building": null, "name": "Rumah Kost Putri", "health_facility_bed": null }, "geometry": { "type": "Point", "coordinates": [ 110.3819078, -7.7738994 ] } },
{ "type": "Feature", "properties": { "osm_id": 3884620633, "osm_type": "nodes", "office": null, "government": null, "opening_hours": null, "health_facility_type": null, "status": null, "medical_system_western": null, "rooms": null, "toilets_disposal": null, "operator": null, "tourism": "hotel", "operator_type": null, "amenity": null, "beds": null, "staff_count_doctors": null, "access": null, "staff_count_nurses": null, "health_facility_level": null, "toilets_handwashing": null, "building": null, "name": "Hotel Asih", "health_facility_bed": null }, "geometry": { "type": "Point", "coordinates": [ 110.381828, -7.776802 ] } },
{ "type": "Feature", "properties": { "osm_id": 4585536359, "osm_type": "nodes", "office": null, "government": null, "opening_hours": null, "health_facility_type": null, "status": null, "medical_system_western": null, "rooms": null, "toilets_disposal": null, "operator": null, "tourism": "hotel", "operator_type": null, "amenity": null, "beds": null, "staff_count_doctors": null, "access": null, "staff_count_nurses": null, "health_facility_level": null, "toilets_handwashing": null, "building": null, "name": null, "health_facility_bed": null }, "geometry": { "type": "Point", "coordinates": [ 110.4151915, -7.7786138 ] } },
{ "type": "Feature", "properties": { "osm_id": 6320266616, "osm_type": "nodes", "office": null, "government": null, "opening_hours": null, "health_facility_type": null, "status": null, "medical_system_western": null, "rooms": null, "toilets_disposal": null, "operator": null, "tourism": "hotel", "operator_type": null, "amenity": null, "beds": null, "staff_count_doctors": null, "access": null, "staff_count_nurses": null, "health_facility_level": null, "toilets_handwashing": null, "building": null, "name": "Zen Rooms Depok Sleman Syariha", "health_facility_bed": null }, "geometry": { "type": "Point", "coordinates": [ 110.4079831, -7.7794471 ] } },
{ "type": "Feature", "properties": { "osm_id": 1517554691, "osm_type": "nodes", "office": null, "government": null, "opening_hours": null, "health_facility_type": null, "status": null, "medical_system_western": null, "rooms": null, "toilets_disposal": null, "operator": null, "tourism": "motel", "operator_type": null, "amenity": null, "beds": null, "staff_count_doctors": null, "access": null, "staff_count_nurses": null, "health_facility_level": null, "toilets_handwashing": null, "building": null, "name": "Talenta 3 Motel", "health_facility_bed": null }, "geometry": { "type": "Point", "coordinates": [ 110.3730744, -7.7700978 ] } },
{ "type": "Feature", "properties": { "osm_id": 13822874465, "osm_type": "nodes", "office": null, "government": null, "opening_hours": null, "health_facility_type": null, "status": null, "medical_system_western": null, "rooms": null, "toilets_disposal": null, "operator": "khansa", "tourism": null, "operator_type": "private", "amenity": "hospital", "beds": null, "staff_count_doctors": null, "access": null, "staff_count_nurses": null, "health_facility_level": null, "toilets_handwashing": null, "building": null, "name": "RS Gigi dan Mulut UGM Prof. Soedomo", "health_facility_bed": null }, "geometry": { "type": "Point", "coordinates": [ 110.3737291, -7.7703466 ] } },
{ "type": "Feature", "properties": { "osm_id": 4590296608, "osm_type": "nodes", "office": null, "government": null, "opening_hours": null, "health_facility_type": null, "status": null, "medical_system_western": null, "rooms": null, "toilets_disposal": null, "operator": null, "tourism": null, "operator_type": null, "amenity": "hospital", "beds": null, "staff_count_doctors": null, "access": null, "staff_count_nurses": null, "health_facility_level": null, "toilets_handwashing": null, "building": null, "name": "condong catur apotik", "health_facility_bed": null }, "geometry": { "type": "Point", "coordinates": [ 110.4100586, -7.7601905 ] } },
{ "type": "Feature", "properties": { "osm_id": 9784588913, "osm_type": "nodes", "office": null, "government": null, "opening_hours": null, "health_facility_type": null, "status": null, "medical_system_western": null, "rooms": null, "toilets_disposal": null, "operator": null, "tourism": "hotel", "operator_type": null, "amenity": null, "beds": null, "staff_count_doctors": null, "access": null, "staff_count_nurses": null, "health_facility_level": null, "toilets_handwashing": null, "building": null, "name": "Hotel Pondok Anggun", "health_facility_bed": null }, "geometry": { "type": "Point", "coordinates": [ 110.4114968, -7.7612939 ] } },
{ "type": "Feature", "properties": { "osm_id": 4588967021, "osm_type": "nodes", "office": null, "government": null, "opening_hours": null, "health_facility_type": null, "status": null, "medical_system_western": null, "rooms": null, "toilets_disposal": null, "operator": null, "tourism": "hotel", "operator_type": null, "amenity": null, "beds": null, "staff_count_doctors": null, "access": null, "staff_count_nurses": null, "health_facility_level": null, "toilets_handwashing": null, "building": null, "name": "Kosan Mbah Mulyoharjo", "health_facility_bed": null }, "geometry": { "type": "Point", "coordinates": [ 110.4118799, -7.7538334 ] } },
{ "type": "Feature", "properties": { "osm_id": 4590296603, "osm_type": "nodes", "office": null, "government": null, "opening_hours": null, "health_facility_type": null, "status": null, "medical_system_western": null, "rooms": null, "toilets_disposal": null, "operator": null, "tourism": "hotel", "operator_type": null, "amenity": null, "beds": null, "staff_count_doctors": null, "access": null, "staff_count_nurses": null, "health_facility_level": null, "toilets_handwashing": null, "building": null, "name": "Hotel Kusuma Condong Wisma Tamu", "health_facility_bed": null }, "geometry": { "type": "Point", "coordinates": [ 110.4086467, -7.7542356 ] } },
{ "type": "Feature", "properties": { "osm_id": 4590296606, "osm_type": "nodes", "office": null, "government": null, "opening_hours": null, "health_facility_type": null, "status": null, "medical_system_western": null, "rooms": null, "toilets_disposal": null, "operator": null, "tourism": "motel", "operator_type": null, "amenity": null, "beds": null, "staff_count_doctors": null, "access": null, "staff_count_nurses": null, "health_facility_level": null, "toilets_handwashing": null, "building": null, "name": "Burjo Motel", "health_facility_bed": null }, "geometry": { "type": "Point", "coordinates": [ 110.4106023, -7.7562163 ] } },
{ "type": "Feature", "properties": { "osm_id": 3530581765, "osm_type": "nodes", "office": null, "government": null, "opening_hours": null, "health_facility_type": null, "status": null, "medical_system_western": null, "rooms": null, "toilets_disposal": null, "operator": null, "tourism": "hotel", "operator_type": null, "amenity": null, "beds": null, "staff_count_doctors": null, "access": null, "staff_count_nurses": null, "health_facility_level": null, "toilets_handwashing": null, "building": null, "name": "Citihub Hotel Gejayan", "health_facility_bed": null }, "geometry": { "type": "Point", "coordinates": [ 110.3948305, -7.7591302 ] } },
{ "type": "Feature", "properties": { "osm_id": 4851279649, "osm_type": "nodes", "office": null, "government": null, "opening_hours": null, "health_facility_type": null, "status": null, "medical_system_western": null, "rooms": null, "toilets_disposal": null, "operator": null, "tourism": "hotel", "operator_type": null, "amenity": null, "beds": null, "staff_count_doctors": null, "access": null, "staff_count_nurses": null, "health_facility_level": null, "toilets_handwashing": null, "building": null, "name": "Sunrise", "health_facility_bed": null }, "geometry": { "type": "Point", "coordinates": [ 110.3926722, -7.7593401 ] } },
{ "type": "Feature", "properties": { "osm_id": 10961477578, "osm_type": "nodes", "office": "government", "government": "administrative", "opening_hours": null, "health_facility_type": null, "status": null, "medical_system_western": null, "rooms": null, "toilets_disposal": null, "operator": null, "tourism": null, "operator_type": null, "amenity": null, "beds": null, "staff_count_doctors": null, "access": null, "staff_count_nurses": null, "health_facility_level": null, "toilets_handwashing": null, "building": null, "name": "Kantor Kelurahan Catur Tunggal", "health_facility_bed": null }, "geometry": { "type": "Point", "coordinates": [ 110.3908, -7.7769 ] } },
{ "type": "Feature", "properties": { "osm_id": 2386022747, "osm_type": "nodes", "office": null, "government": null, "opening_hours": null, "health_facility_type": null, "status": null, "medical_system_western": null, "rooms": null, "toilets_disposal": null, "operator": null, "tourism": "hostel", "operator_type": null, "amenity": null, "beds": null, "staff_count_doctors": null, "access": null, "staff_count_nurses": null, "health_facility_level": null, "toilets_handwashing": null, "building": null, "name": "Campus Inn Hotel", "health_facility_bed": null }, "geometry": { "type": "Point", "coordinates": [ 110.3877158, -7.7677991 ] } },
{ "type": "Feature", "properties": { "osm_id": 3473031886, "osm_type": "nodes", "office": null, "government": null, "opening_hours": null, "health_facility_type": null, "status": null, "medical_system_western": null, "rooms": null, "toilets_disposal": null, "operator": null, "tourism": "hotel", "operator_type": null, "amenity": null, "beds": null, "staff_count_doctors": null, "access": null, "staff_count_nurses": null, "health_facility_level": null, "toilets_handwashing": null, "building": null, "name": "Midtown Xpress", "health_facility_bed": null }, "geometry": { "type": "Point", "coordinates": [ 110.3910186, -7.7800918 ] } },
{ "type": "Feature", "properties": { "osm_id": 4799118026, "osm_type": "nodes", "office": "telecommunication", "government": null, "opening_hours": null, "health_facility_type": null, "status": null, "medical_system_western": null, "rooms": null, "toilets_disposal": null, "operator": null, "tourism": null, "operator_type": null, "amenity": null, "beds": null, "staff_count_doctors": null, "access": null, "staff_count_nurses": null, "health_facility_level": null, "toilets_handwashing": null, "building": null, "name": "CitraNet ISP", "health_facility_bed": null }, "geometry": { "type": "Point", "coordinates": [ 110.3947173, -7.7788527 ] } },
{ "type": "Feature", "properties": { "osm_id": 13800429690, "osm_type": "nodes", "office": null, "government": null, "opening_hours": null, "health_facility_type": null, "status": null, "medical_system_western": null, "rooms": null, "toilets_disposal": null, "operator": "Aisyah Al Humai", "tourism": "hostel", "operator_type": null, "amenity": null, "beds": null, "staff_count_doctors": null, "access": null, "staff_count_nurses": null, "health_facility_level": null, "toilets_handwashing": null, "building": null, "name": "Kost Bu Anik", "health_facility_bed": null }, "geometry": { "type": "Point", "coordinates": [ 110.3856442, -7.7638753 ] } },
{ "type": "Feature", "properties": { "osm_id": 5492419722, "osm_type": "nodes", "office": null, "government": null, "opening_hours": null, "health_facility_type": null, "status": null, "medical_system_western": null, "rooms": null, "toilets_disposal": null, "operator": null, "tourism": "hotel", "operator_type": null, "amenity": null, "beds": null, "staff_count_doctors": null, "access": null, "staff_count_nurses": null, "health_facility_level": null, "toilets_handwashing": null, "building": null, "name": "Cornel Homestay", "health_facility_bed": null }, "geometry": { "type": "Point", "coordinates": [ 110.4061297, -7.7534752 ] } },
{ "type": "Feature", "properties": { "osm_id": 4040128043, "osm_type": "nodes", "office": null, "government": null, "opening_hours": null, "health_facility_type": null, "status": null, "medical_system_western": null, "rooms": null, "toilets_disposal": null, "operator": null, "tourism": "hotel", "operator_type": null, "amenity": null, "beds": null, "staff_count_doctors": null, "access": null, "staff_count_nurses": null, "health_facility_level": null, "toilets_handwashing": null, "building": null, "name": "Tjiptorini Jaya Hotel", "health_facility_bed": null }, "geometry": { "type": "Point", "coordinates": [ 110.4049191, -7.7797378 ] } },
{ "type": "Feature", "properties": { "osm_id": 3530590737, "osm_type": "nodes", "office": null, "government": null, "opening_hours": null, "health_facility_type": null, "status": null, "medical_system_western": null, "rooms": null, "toilets_disposal": null, "operator": null, "tourism": "hotel", "operator_type": null, "amenity": null, "beds": null, "staff_count_doctors": null, "access": null, "staff_count_nurses": null, "health_facility_level": null, "toilets_handwashing": null, "building": null, "name": "LPP Garden Hotel", "health_facility_bed": null }, "geometry": { "type": "Point", "coordinates": [ 110.4055656, -7.7824029 ] } },
{ "type": "Feature", "properties": { "osm_id": 9811956672, "osm_type": "nodes", "office": null, "government": null, "opening_hours": null, "health_facility_type": null, "status": null, "medical_system_western": null, "rooms": null, "toilets_disposal": null, "operator": null, "tourism": "hostel", "operator_type": null, "amenity": null, "beds": null, "staff_count_doctors": null, "access": null, "staff_count_nurses": null, "health_facility_level": null, "toilets_handwashing": null, "building": null, "name": "Didik Kost", "health_facility_bed": null }, "geometry": { "type": "Point", "coordinates": [ 110.3766937, -7.7625922 ] } },
{ "type": "Feature", "properties": { "osm_id": 3176297864, "osm_type": "nodes", "office": null, "government": null, "opening_hours": null, "health_facility_type": null, "status": null, "medical_system_western": null, "rooms": null, "toilets_disposal": null, "operator": null, "tourism": "hostel", "operator_type": null, "amenity": null, "beds": null, "staff_count_doctors": null, "access": null, "staff_count_nurses": null, "health_facility_level": null, "toilets_handwashing": null, "building": null, "name": "VIDI.net", "health_facility_bed": null }, "geometry": { "type": "Point", "coordinates": [ 110.3802596, -7.7613299 ] } },
{ "type": "Feature", "properties": { "osm_id": 3557380296, "osm_type": "nodes", "office": null, "government": null, "opening_hours": null, "health_facility_type": null, "status": null, "medical_system_western": null, "rooms": null, "toilets_disposal": null, "operator": null, "tourism": "hotel", "operator_type": null, "amenity": null, "beds": null, "staff_count_doctors": null, "access": null, "staff_count_nurses": null, "health_facility_level": null, "toilets_handwashing": null, "building": null, "name": "Cakra Kusuma Hotel", "health_facility_bed": null }, "geometry": { "type": "Point", "coordinates": [ 110.3808206, -7.7600869 ] } },
{ "type": "Feature", "properties": { "osm_id": 3557348913, "osm_type": "nodes", "office": null, "government": null, "opening_hours": null, "health_facility_type": null, "status": null, "medical_system_western": null, "rooms": null, "toilets_disposal": null, "operator": null, "tourism": "hotel", "operator_type": null, "amenity": null, "beds": null, "staff_count_doctors": null, "access": null, "staff_count_nurses": null, "health_facility_level": null, "toilets_handwashing": null, "building": null, "name": "Wisma Anugrah Wisata", "health_facility_bed": null }, "geometry": { "type": "Point", "coordinates": [ 110.3817488, -7.7592304 ] } },
{ "type": "Feature", "properties": { "osm_id": 7152724240, "osm_type": "nodes", "office": null, "government": null, "opening_hours": null, "health_facility_type": null, "status": null, "medical_system_western": null, "rooms": null, "toilets_disposal": null, "operator": null, "tourism": "hotel", "operator_type": null, "amenity": null, "beds": null, "staff_count_doctors": null, "access": null, "staff_count_nurses": null, "health_facility_level": null, "toilets_handwashing": null, "building": null, "name": "Hotel Lafayette", "health_facility_bed": null }, "geometry": { "type": "Point", "coordinates": [ 110.3874103, -7.759224 ] } },
{ "type": "Feature", "properties": { "osm_id": 12679485401, "osm_type": "nodes", "office": null, "government": null, "opening_hours": null, "health_facility_type": null, "status": null, "medical_system_western": null, "rooms": null, "toilets_disposal": null, "operator": null, "tourism": "motel", "operator_type": null, "amenity": null, "beds": null, "staff_count_doctors": null, "access": null, "staff_count_nurses": null, "health_facility_level": null, "toilets_handwashing": null, "building": null, "name": "Penginapan Mas Nur", "health_facility_bed": null }, "geometry": { "type": "Point", "coordinates": [ 110.3728499, -7.7696646 ] } },
{ "type": "Feature", "properties": { "osm_id": 3557508871, "osm_type": "nodes", "office": null, "government": null, "opening_hours": null, "health_facility_type": null, "status": null, "medical_system_western": null, "rooms": null, "toilets_disposal": null, "operator": null, "tourism": "hotel", "operator_type": null, "amenity": null, "beds": null, "staff_count_doctors": null, "access": null, "staff_count_nurses": null, "health_facility_level": null, "toilets_handwashing": null, "building": null, "name": "Hotel Royal Ambarrukmo", "health_facility_bed": null }, "geometry": { "type": "Point", "coordinates": [ 110.4029423, -7.7824428 ] } },
{ "type": "Feature", "properties": { "osm_id": 12902907860, "osm_type": "nodes", "office": null, "government": null, "opening_hours": null, "health_facility_type": null, "status": null, "medical_system_western": null, "rooms": null, "toilets_disposal": null, "operator": null, "tourism": "hotel", "operator_type": null, "amenity": null, "beds": null, "staff_count_doctors": null, "access": null, "staff_count_nurses": null, "health_facility_level": null, "toilets_handwashing": null, "building": null, "name": "Mounty-land home", "health_facility_bed": null }, "geometry": { "type": "Point", "coordinates": [ 110.4052585, -7.7532728 ] } },
{ "type": "Feature", "properties": { "osm_id": 13168903167, "osm_type": "nodes", "office": "government", "government": "administrative", "opening_hours": null, "health_facility_type": null, "status": null, "medical_system_western": null, "rooms": null, "toilets_disposal": null, "operator": null, "tourism": null, "operator_type": null, "amenity": null, "beds": null, "staff_count_doctors": null, "access": null, "staff_count_nurses": null, "health_facility_level": null, "toilets_handwashing": null, "building": null, "name": "Kantor Kapanewon Depok", "health_facility_bed": null }, "geometry": { "type": "Point", "coordinates": [ 110.393705, -7.7584246 ] } },
{ "type": "Feature", "properties": { "osm_id": 6685767286, "osm_type": "nodes", "office": null, "government": null, "opening_hours": null, "health_facility_type": null, "status": null, "medical_system_western": null, "rooms": null, "toilets_disposal": null, "operator": null, "tourism": "hotel", "operator_type": null, "amenity": null, "beds": null, "staff_count_doctors": null, "access": null, "staff_count_nurses": null, "health_facility_level": null, "toilets_handwashing": null, "building": null, "name": "La Casa Jogja", "health_facility_bed": null }, "geometry": { "type": "Point", "coordinates": [ 110.3919211, -7.7660476 ] } },
{ "type": "Feature", "properties": { "osm_id": 4809077022, "osm_type": "nodes", "office": null, "government": null, "opening_hours": "24/7", "health_facility_type": null, "status": null, "medical_system_western": null, "rooms": null, "toilets_disposal": null, "operator": null, "tourism": "hostel", "operator_type": null, "amenity": null, "beds": null, "staff_count_doctors": null, "access": null, "staff_count_nurses": null, "health_facility_level": null, "toilets_handwashing": null, "building": null, "name": "ALLOTA HOUSE", "health_facility_bed": null }, "geometry": { "type": "Point", "coordinates": [ 110.3927559, -7.778891 ] } },
{ "type": "Feature", "properties": { "osm_id": 13800431654, "osm_type": "nodes", "office": null, "government": null, "opening_hours": null, "health_facility_type": null, "status": null, "medical_system_western": null, "rooms": null, "toilets_disposal": null, "operator": "Aisyah Al Humai", "tourism": "hostel", "operator_type": null, "amenity": null, "beds": null, "staff_count_doctors": null, "access": null, "staff_count_nurses": null, "health_facility_level": null, "toilets_handwashing": null, "building": null, "name": "Kos Bu Anik", "health_facility_bed": null }, "geometry": { "type": "Point", "coordinates": [ 110.3856418, -7.763878 ] } },
{ "type": "Feature", "properties": { "osm_id": 13797654474, "osm_type": "nodes", "office": null, "government": null, "opening_hours": null, "health_facility_type": null, "status": null, "medical_system_western": null, "rooms": null, "toilets_disposal": null, "operator": "Aurellia Hadistyn", "tourism": "hostel", "operator_type": null, "amenity": null, "beds": null, "staff_count_doctors": null, "access": null, "staff_count_nurses": null, "health_facility_level": null, "toilets_handwashing": null, "building": null, "name": "Kost Putri Griya Khoirunnisa", "health_facility_bed": null }, "geometry": { "type": "Point", "coordinates": [ 110.3755767, -7.7616166 ] } },
{ "type": "Feature", "properties": { "osm_id": 13822872312, "osm_type": "nodes", "office": null, "government": null, "opening_hours": null, "health_facility_type": null, "status": null, "medical_system_western": null, "rooms": null, "toilets_disposal": null, "operator": "Khansa", "tourism": null, "operator_type": "public", "amenity": "hospital", "beds": null, "staff_count_doctors": null, "access": null, "staff_count_nurses": null, "health_facility_level": null, "toilets_handwashing": null, "building": null, "name": "RSUD Saedjito", "health_facility_bed": null }, "geometry": { "type": "Point", "coordinates": [ 110.3735214, -7.7679059 ] } },
{ "type": "Feature", "properties": { "osm_id": 1769538027, "osm_type": "nodes", "office": null, "government": null, "opening_hours": null, "health_facility_type": null, "status": null, "medical_system_western": null, "rooms": null, "toilets_disposal": null, "operator": null, "tourism": "hotel", "operator_type": null, "amenity": null, "beds": null, "staff_count_doctors": null, "access": null, "staff_count_nurses": null, "health_facility_level": null, "toilets_handwashing": null, "building": null, "name": "Rumah Palagan", "health_facility_bed": null }, "geometry": { "type": "Point", "coordinates": [ 110.3832218, -7.7320593 ] } },
{ "type": "Feature", "properties": { "osm_id": 4267426991, "osm_type": "nodes", "office": "government", "government": "yes", "opening_hours": null, "health_facility_type": null, "status": null, "medical_system_western": null, "rooms": null, "toilets_disposal": null, "operator": null, "tourism": null, "operator_type": null, "amenity": null, "beds": null, "staff_count_doctors": null, "access": null, "staff_count_nurses": null, "health_facility_level": null, "toilets_handwashing": null, "building": null, "name": "PLN", "health_facility_bed": null }, "geometry": { "type": "Point", "coordinates": [ 110.3939977, -7.7388863 ] } },
{ "type": "Feature", "properties": { "osm_id": 4851279316, "osm_type": "nodes", "office": null, "government": null, "opening_hours": null, "health_facility_type": null, "status": null, "medical_system_western": null, "rooms": null, "toilets_disposal": null, "operator": null, "tourism": "hotel", "operator_type": null, "amenity": null, "beds": null, "staff_count_doctors": null, "access": null, "staff_count_nurses": null, "health_facility_level": null, "toilets_handwashing": null, "building": null, "name": "Dom", "health_facility_bed": null }, "geometry": { "type": "Point", "coordinates": [ 110.3959832, -7.7330193 ] } },
{ "type": "Feature", "properties": { "osm_id": 10961473849, "osm_type": "nodes", "office": "government", "government": "administrative", "opening_hours": null, "health_facility_type": null, "status": null, "medical_system_western": null, "rooms": null, "toilets_disposal": null, "operator": null, "tourism": null, "operator_type": null, "amenity": null, "beds": null, "staff_count_doctors": null, "access": null, "staff_count_nurses": null, "health_facility_level": null, "toilets_handwashing": null, "building": null, "name": "Kantor Kelurahan Minomartani", "health_facility_bed": null }, "geometry": { "type": "Point", "coordinates": [ 110.40271, -7.73233 ] } },
{ "type": "Feature", "properties": { "osm_id": 13563337459, "osm_type": "nodes", "office": null, "government": null, "opening_hours": null, "health_facility_type": null, "status": null, "medical_system_western": null, "rooms": null, "toilets_disposal": null, "operator": "Adhipa", "tourism": "hostel", "operator_type": null, "amenity": null, "beds": null, "staff_count_doctors": null, "access": null, "staff_count_nurses": null, "health_facility_level": null, "toilets_handwashing": null, "building": null, "name": "Kos Putri 74", "health_facility_bed": null }, "geometry": { "type": "Point", "coordinates": [ 110.3961587, -7.7450636 ] } },
{ "type": "Feature", "properties": { "osm_id": 10961473180, "osm_type": "nodes", "office": "government", "government": "administrative", "opening_hours": null, "health_facility_type": null, "status": null, "medical_system_western": null, "rooms": null, "toilets_disposal": null, "operator": null, "tourism": null, "operator_type": null, "amenity": null, "beds": null, "staff_count_doctors": null, "access": null, "staff_count_nurses": null, "health_facility_level": null, "toilets_handwashing": null, "building": null, "name": "Kantor Kelurahan Donoharjo", "health_facility_bed": null }, "geometry": { "type": "Point", "coordinates": [ 110.3888, -7.687 ] } },
{ "type": "Feature", "properties": { "osm_id": 10961473222, "osm_type": "nodes", "office": "government", "government": "administrative", "opening_hours": null, "health_facility_type": null, "status": null, "medical_system_western": null, "rooms": null, "toilets_disposal": null, "operator": null, "tourism": null, "operator_type": null, "amenity": null, "beds": null, "staff_count_doctors": null, "access": null, "staff_count_nurses": null, "health_facility_level": null, "toilets_handwashing": null, "building": null, "name": "Kantor Kelurahan Donokerto", "health_facility_bed": null }, "geometry": { "type": "Point", "coordinates": [ 110.3792, -7.6542 ] } },
{ "type": "Feature", "properties": { "osm_id": 13800429689, "osm_type": "nodes", "office": null, "government": null, "opening_hours": null, "health_facility_type": null, "status": null, "medical_system_western": null, "rooms": null, "toilets_disposal": null, "operator": null, "tourism": null, "operator_type": null, "amenity": "hospital", "beds": null, "staff_count_doctors": null, "access": null, "staff_count_nurses": null, "health_facility_level": null, "toilets_handwashing": null, "building": null, "name": "Klinik SWA", "health_facility_bed": null }, "geometry": { "type": "Point", "coordinates": [ 110.3618978, -7.6698282 ] } },
{ "type": "Feature", "properties": { "osm_id": 10961474457, "osm_type": "nodes", "office": "government", "government": "administrative", "opening_hours": null, "health_facility_type": null, "status": null, "medical_system_western": null, "rooms": null, "toilets_disposal": null, "operator": null, "tourism": null, "operator_type": null, "amenity": null, "beds": null, "staff_count_doctors": null, "access": null, "staff_count_nurses": null, "health_facility_level": null, "toilets_handwashing": null, "building": null, "name": "Kantor Kelurahan Duwet", "health_facility_bed": null }, "geometry": { "type": "Point", "coordinates": [ 110.5922, -7.9986 ] } },
{ "type": "Feature", "properties": { "osm_id": 8385958124, "osm_type": "nodes", "office": "government", "government": "office", "opening_hours": "Mo-Fr 07:30-16:00", "health_facility_type": null, "status": null, "medical_system_western": null, "rooms": null, "toilets_disposal": null, "operator": null, "tourism": null, "operator_type": null, "amenity": null, "beds": null, "staff_count_doctors": null, "access": null, "staff_count_nurses": null, "health_facility_level": null, "toilets_handwashing": null, "building": null, "name": "Badan Riset dan Inovasi Nasional (BRIN)", "health_facility_bed": null }, "geometry": { "type": "Point", "coordinates": [ 110.5558423, -7.9122649 ] } },
{ "type": "Feature", "properties": { "osm_id": 8385956596, "osm_type": "nodes", "office": "government", "government": "office", "opening_hours": null, "health_facility_type": null, "status": null, "medical_system_western": null, "rooms": null, "toilets_disposal": null, "operator": null, "tourism": null, "operator_type": null, "amenity": null, "beds": null, "staff_count_doctors": null, "access": null, "staff_count_nurses": null, "health_facility_level": null, "toilets_handwashing": null, "building": null, "name": "Balai Desa Gading", "health_facility_bed": null }, "geometry": { "type": "Point", "coordinates": [ 110.5552061, -7.9123107 ] } },
{ "type": "Feature", "properties": { "osm_id": 10961474983, "osm_type": "nodes", "office": "government", "government": "administrative", "opening_hours": null, "health_facility_type": null, "status": null, "medical_system_western": null, "rooms": null, "toilets_disposal": null, "operator": null, "tourism": null, "operator_type": null, "amenity": null, "beds": null, "staff_count_doctors": null, "access": null, "staff_count_nurses": null, "health_facility_level": null, "toilets_handwashing": null, "building": null, "name": "Kantor Kelurahan Karang Tengah", "health_facility_bed": null }, "geometry": { "type": "Point", "coordinates": [ 110.6056, -7.9217 ] } },
{ "type": "Feature", "properties": { "osm_id": 10961477515, "osm_type": "nodes", "office": "government", "government": "administrative", "opening_hours": null, "health_facility_type": null, "status": null, "medical_system_western": null, "rooms": null, "toilets_disposal": null, "operator": null, "tourism": null, "operator_type": null, "amenity": null, "beds": null, "staff_count_doctors": null, "access": null, "staff_count_nurses": null, "health_facility_level": null, "toilets_handwashing": null, "building": null, "name": "Kantor Kelurahan Gari", "health_facility_bed": null }, "geometry": { "type": "Point", "coordinates": [ 110.5978, -7.9191 ] } },
{ "type": "Feature", "properties": { "osm_id": 10961477208, "osm_type": "nodes", "office": "government", "government": "administrative", "opening_hours": null, "health_facility_type": null, "status": null, "medical_system_western": null, "rooms": null, "toilets_disposal": null, "operator": null, "tourism": null, "operator_type": null, "amenity": null, "beds": null, "staff_count_doctors": null, "access": null, "staff_count_nurses": null, "health_facility_level": null, "toilets_handwashing": null, "building": null, "name": "Kantor Kelurahan Giricahyo", "health_facility_bed": null }, "geometry": { "type": "Point", "coordinates": [ 110.3689, -8.0275 ] } },
{ "type": "Feature", "properties": { "osm_id": 10961475755, "osm_type": "nodes", "office": "government", "government": "administrative", "opening_hours": null, "health_facility_type": null, "status": null, "medical_system_western": null, "rooms": null, "toilets_disposal": null, "operator": null, "tourism": null, "operator_type": null, "amenity": null, "beds": null, "staff_count_doctors": null, "access": null, "staff_count_nurses": null, "health_facility_level": null, "toilets_handwashing": null, "building": null, "name": "Kantor Kalurahan Girikerto", "health_facility_bed": null }, "geometry": { "type": "Point", "coordinates": [ 110.3911, -7.6241 ] } },
{ "type": "Feature", "properties": { "osm_id": 10961474509, "osm_type": "nodes", "office": "government", "government": "administrative", "opening_hours": null, "health_facility_type": null, "status": null, "medical_system_western": null, "rooms": null, "toilets_disposal": null, "operator": null, "tourism": null, "operator_type": null, "amenity": null, "beds": null, "staff_count_doctors": null, "access": null, "staff_count_nurses": null, "health_facility_level": null, "toilets_handwashing": null, "building": null, "name": "Kantor Kelurahan Giring", "health_facility_bed": null }, "geometry": { "type": "Point", "coordinates": [ 110.5627, -8.0155 ] } },
{ "type": "Feature", "properties": { "osm_id": 5024644440, "osm_type": "nodes", "office": null, "government": null, "opening_hours": null, "health_facility_type": null, "status": null, "medical_system_western": null, "rooms": null, "toilets_disposal": null, "operator": null, "tourism": null, "operator_type": null, "amenity": "hospital", "beds": null, "staff_count_doctors": null, "access": null, "staff_count_nurses": null, "health_facility_level": null, "toilets_handwashing": null, "building": null, "name": "Puskesmas Giripurwo", "health_facility_bed": null }, "geometry": { "type": "Point", "coordinates": [ 110.4022389, -8.0321951 ] } },
{ "type": "Feature", "properties": { "osm_id": 10961471471, "osm_type": "nodes", "office": "government", "government": "administrative", "opening_hours": null, "health_facility_type": null, "status": null, "medical_system_western": null, "rooms": null, "toilets_disposal": null, "operator": null, "tourism": null, "operator_type": null, "amenity": null, "beds": null, "staff_count_doctors": null, "access": null, "staff_count_nurses": null, "health_facility_level": null, "toilets_handwashing": null, "building": null, "name": "Kantor Kelurahan Giripurwo", "health_facility_bed": null }, "geometry": { "type": "Point", "coordinates": [ 110.4033, -8.03 ] } },
{ "type": "Feature", "properties": { "osm_id": 1308680718, "osm_type": "nodes", "office": "government", "government": null, "opening_hours": null, "health_facility_type": null, "status": null, "medical_system_western": null, "rooms": null, "toilets_disposal": null, "operator": null, "tourism": null, "operator_type": null, "amenity": null, "beds": null, "staff_count_doctors": null, "access": null, "staff_count_nurses": null, "health_facility_level": null, "toilets_handwashing": null, "building": null, "name": "Kantor Desa Giripurwo", "health_facility_bed": null }, "geometry": { "type": "Point", "coordinates": [ 110.4032195, -8.0302069 ] } },
{ "type": "Feature", "properties": { "osm_id": 11172096442, "osm_type": "nodes", "office": "government", "government": "administrative", "opening_hours": null, "health_facility_type": null, "status": null, "medical_system_western": null, "rooms": null, "toilets_disposal": null, "operator": null, "tourism": null, "operator_type": null, "amenity": null, "beds": null, "staff_count_doctors": null, "access": null, "staff_count_nurses": null, "health_facility_level": null, "toilets_handwashing": null, "building": null, "name": "Kantor Kapanewon Purwosari", "health_facility_bed": null }, "geometry": { "type": "Point", "coordinates": [ 110.3815235, -8.0002408 ] } },
{ "type": "Feature", "properties": { "osm_id": 10961472644, "osm_type": "nodes", "office": "government", "government": "administrative", "opening_hours": null, "health_facility_type": null, "status": null, "medical_system_western": null, "rooms": null, "toilets_disposal": null, "operator": null, "tourism": null, "operator_type": null, "amenity": null, "beds": null, "staff_count_doctors": null, "access": null, "staff_count_nurses": null, "health_facility_level": null, "toilets_handwashing": null, "building": null, "name": "Kantor Kelurahan Giritirto", "health_facility_bed": null }, "geometry": { "type": "Point", "coordinates": [ 110.3819, -7.9997 ] } },
{ "type": "Feature", "properties": { "osm_id": 5520061461, "osm_type": "nodes", "office": "government", "government": "government", "opening_hours": null, "health_facility_type": null, "status": null, "medical_system_western": null, "rooms": null, "toilets_disposal": null, "operator": null, "tourism": null, "operator_type": null, "amenity": null, "beds": null, "staff_count_doctors": null, "access": null, "staff_count_nurses": null, "health_facility_level": null, "toilets_handwashing": null, "building": null, "name": "Balai Desa Glagaharjo", "health_facility_bed": null }, "geometry": { "type": "Point", "coordinates": [ 110.4681475, -7.6478314 ] } },
{ "type": "Feature", "properties": { "osm_id": 10961477907, "osm_type": "nodes", "office": "government", "government": "administrative", "opening_hours": null, "health_facility_type": null, "status": null, "medical_system_western": null, "rooms": null, "toilets_disposal": null, "operator": null, "tourism": null, "operator_type": null, "amenity": null, "beds": null, "staff_count_doctors": null, "access": null, "staff_count_nurses": null, "health_facility_level": null, "toilets_handwashing": null, "building": null, "name": "Kantor Kelurahan Kepuh Harjo", "health_facility_bed": null }, "geometry": { "type": "Point", "coordinates": [ 110.4526, -7.6253 ] } },
{ "type": "Feature", "properties": { "osm_id": 10961475374, "osm_type": "nodes", "office": "government", "government": "administrative", "opening_hours": null, "health_facility_type": null, "status": null, "medical_system_western": null, "rooms": null, "toilets_disposal": null, "operator": null, "tourism": null, "operator_type": null, "amenity": null, "beds": null, "staff_count_doctors": null, "access": null, "staff_count_nurses": null, "health_facility_level": null, "toilets_handwashing": null, "building": null, "name": "Kantor Kelurahan Glagah Harjo", "health_facility_bed": null }, "geometry": { "type": "Point", "coordinates": [ 110.4685, -7.6481 ] } },
{ "type": "Feature", "properties": { "osm_id": 3661146383, "osm_type": "nodes", "office": null, "government": null, "opening_hours": null, "health_facility_type": null, "status": null, "medical_system_western": null, "rooms": null, "toilets_disposal": null, "operator": null, "tourism": "guest_house", "operator_type": null, "amenity": null, "beds": null, "staff_count_doctors": null, "access": null, "staff_count_nurses": null, "health_facility_level": null, "toilets_handwashing": null, "building": null, "name": "Adi Pangestu 2", "health_facility_bed": null }, "geometry": { "type": "Point", "coordinates": [ 110.4260693, -7.6181179 ] } },
{ "type": "Feature", "properties": { "osm_id": 3661146386, "osm_type": "nodes", "office": null, "government": null, "opening_hours": null, "health_facility_type": null, "status": null, "medical_system_western": null, "rooms": null, "toilets_disposal": null, "operator": null, "tourism": "guest_house", "operator_type": null, "amenity": null, "beds": null, "staff_count_doctors": null, "access": null, "staff_count_nurses": null, "health_facility_level": null, "toilets_handwashing": null, "building": null, "name": "Anugeah Wisata 2", "health_facility_bed": null }, "geometry": { "type": "Point", "coordinates": [ 110.4280429, -7.6021032 ] } },
{ "type": "Feature", "properties": { "osm_id": 3661146399, "osm_type": "nodes", "office": null, "government": null, "opening_hours": null, "health_facility_type": null, "status": null, "medical_system_western": null, "rooms": null, "toilets_disposal": null, "operator": null, "tourism": "guest_house", "operator_type": null, "amenity": null, "beds": null, "staff_count_doctors": null, "access": null, "staff_count_nurses": null, "health_facility_level": null, "toilets_handwashing": null, "building": null, "name": "Bintaran", "health_facility_bed": null }, "geometry": { "type": "Point", "coordinates": [ 110.428313, -7.6018484 ] } },
{ "type": "Feature", "properties": { "osm_id": 3661146400, "osm_type": "nodes", "office": null, "government": null, "opening_hours": null, "health_facility_type": null, "status": null, "medical_system_western": null, "rooms": null, "toilets_disposal": null, "operator": null, "tourism": "guest_house", "operator_type": null, "amenity": null, "beds": null, "staff_count_doctors": null, "access": null, "staff_count_nurses": null, "health_facility_level": null, "toilets_handwashing": null, "building": null, "name": "Borneo Homestay", "health_facility_bed": null }, "geometry": { "type": "Point", "coordinates": [ 110.4250602, -7.6219092 ] } },
{ "type": "Feature", "properties": { "osm_id": 3661146403, "osm_type": "nodes", "office": null, "government": null, "opening_hours": null, "health_facility_type": null, "status": null, "medical_system_western": null, "rooms": null, "toilets_disposal": null, "operator": null, "tourism": "guest_house", "operator_type": null, "amenity": null, "beds": null, "staff_count_doctors": null, "access": null, "staff_count_nurses": null, "health_facility_level": null, "toilets_handwashing": null, "building": null, "name": "Cendani", "health_facility_bed": null }, "geometry": { "type": "Point", "coordinates": [ 110.4280982, -7.602571 ] } },
{ "type": "Feature", "properties": { "osm_id": 3661146382, "osm_type": "nodes", "office": null, "government": null, "opening_hours": null, "health_facility_type": null, "status": null, "medical_system_western": null, "rooms": null, "toilets_disposal": null, "operator": null, "tourism": "guest_house", "operator_type": null, "amenity": null, "beds": null, "staff_count_doctors": null, "access": null, "staff_count_nurses": null, "health_facility_level": null, "toilets_handwashing": null, "building": null, "name": "Abadi", "health_facility_bed": null }, "geometry": { "type": "Point", "coordinates": [ 110.4275759, -7.6029517 ] } },
{ "type": "Feature", "properties": { "osm_id": 3661147634, "osm_type": "nodes", "office": null, "government": null, "opening_hours": null, "health_facility_type": null, "status": null, "medical_system_western": null, "rooms": null, "toilets_disposal": null, "operator": null, "tourism": "guest_house", "operator_type": null, "amenity": null, "beds": null, "staff_count_doctors": null, "access": null, "staff_count_nurses": null, "health_facility_level": null, "toilets_handwashing": null, "building": null, "name": "Mentorogo", "health_facility_bed": null }, "geometry": { "type": "Point", "coordinates": [ 110.4282284, -7.6013065 ] } },
{ "type": "Feature", "properties": { "osm_id": 3661146416, "osm_type": "nodes", "office": null, "government": null, "opening_hours": null, "health_facility_type": null, "status": null, "medical_system_western": null, "rooms": null, "toilets_disposal": null, "operator": null, "tourism": "guest_house", "operator_type": null, "amenity": null, "beds": null, "staff_count_doctors": null, "access": null, "staff_count_nurses": null, "health_facility_level": null, "toilets_handwashing": null, "building": null, "name": "Hotel Rayu Manis", "health_facility_bed": null }, "geometry": { "type": "Point", "coordinates": [ 110.4248541, -7.599682 ] } },
{ "type": "Feature", "properties": { "osm_id": 3661146388, "osm_type": "nodes", "office": null, "government": null, "opening_hours": null, "health_facility_type": null, "status": null, "medical_system_western": null, "rooms": null, "toilets_disposal": null, "operator": null, "tourism": "guest_house", "operator_type": null, "amenity": null, "beds": null, "staff_count_doctors": null, "access": null, "staff_count_nurses": null, "health_facility_level": null, "toilets_handwashing": null, "building": null, "name": "Arimbi", "health_facility_bed": null }, "geometry": { "type": "Point", "coordinates": [ 110.4257259, -7.600052 ] } },
{ "type": "Feature", "properties": { "osm_id": 3661147631, "osm_type": "nodes", "office": null, "government": null, "opening_hours": null, "health_facility_type": null, "status": null, "medical_system_western": null, "rooms": null, "toilets_disposal": null, "operator": null, "tourism": "guest_house", "operator_type": null, "amenity": null, "beds": null, "staff_count_doctors": null, "access": null, "staff_count_nurses": null, "health_facility_level": null, "toilets_handwashing": null, "building": null, "name": "Mawar", "health_facility_bed": null }, "geometry": { "type": "Point", "coordinates": [ 110.4237074, -7.599 ] } },
{ "type": "Feature", "properties": { "osm_id": 3661147629, "osm_type": "nodes", "office": null, "government": null, "opening_hours": null, "health_facility_type": null, "status": null, "medical_system_western": null, "rooms": null, "toilets_disposal": null, "operator": null, "tourism": "guest_house", "operator_type": null, "amenity": null, "beds": null, "staff_count_doctors": null, "access": null, "staff_count_nurses": null, "health_facility_level": null, "toilets_handwashing": null, "building": null, "name": "Margo Asih", "health_facility_bed": null }, "geometry": { "type": "Point", "coordinates": [ 110.428839, -7.5991503 ] } },
{ "type": "Feature", "properties": { "osm_id": 3661199900, "osm_type": "nodes", "office": null, "government": null, "opening_hours": null, "health_facility_type": null, "status": null, "medical_system_western": null, "rooms": null, "toilets_disposal": null, "operator": null, "tourism": "guest_house", "operator_type": null, "amenity": null, "beds": null, "staff_count_doctors": null, "access": null, "staff_count_nurses": null, "health_facility_level": null, "toilets_handwashing": null, "building": null, "name": "Rinjani", "health_facility_bed": null }, "geometry": { "type": "Point", "coordinates": [ 110.4304194, -7.598205 ] } },
{ "type": "Feature", "properties": { "osm_id": 3661147635, "osm_type": "nodes", "office": null, "government": null, "opening_hours": null, "health_facility_type": null, "status": null, "medical_system_western": null, "rooms": null, "toilets_disposal": null, "operator": null, "tourism": "guest_house", "operator_type": null, "amenity": null, "beds": null, "staff_count_doctors": null, "access": null, "staff_count_nurses": null, "health_facility_level": null, "toilets_handwashing": null, "building": null, "name": "Merapi Hotel Villa", "health_facility_bed": null }, "geometry": { "type": "Point", "coordinates": [ 110.4276759, -7.5984942 ] } },
{ "type": "Feature", "properties": { "osm_id": 3661146413, "osm_type": "nodes", "office": null, "government": null, "opening_hours": null, "health_facility_type": null, "status": null, "medical_system_western": null, "rooms": null, "toilets_disposal": null, "operator": null, "tourism": "guest_house", "operator_type": null, "amenity": null, "beds": null, "staff_count_doctors": null, "access": null, "staff_count_nurses": null, "health_facility_level": null, "toilets_handwashing": null, "building": null, "name": "Hotel Joyo", "health_facility_bed": null }, "geometry": { "type": "Point", "coordinates": [ 110.4268835, -7.5983033 ] } },
{ "type": "Feature", "properties": { "osm_id": 3661199890, "osm_type": "nodes", "office": null, "government": null, "opening_hours": null, "health_facility_type": null, "status": null, "medical_system_western": null, "rooms": null, "toilets_disposal": null, "operator": null, "tourism": "hotel", "operator_type": null, "amenity": null, "beds": null, "staff_count_doctors": null, "access": null, "staff_count_nurses": null, "health_facility_level": null, "toilets_handwashing": null, "building": null, "name": "Griya Nalendra", "health_facility_bed": null }, "geometry": { "type": "Point", "coordinates": [ 110.4288826, -7.5983317 ] } },
{ "type": "Feature", "properties": { "osm_id": 3661199901, "osm_type": "nodes", "office": null, "government": null, "opening_hours": null, "health_facility_type": null, "status": null, "medical_system_western": null, "rooms": null, "toilets_disposal": null, "operator": null, "tourism": "guest_house", "operator_type": null, "amenity": null, "beds": null, "staff_count_doctors": null, "access": null, "staff_count_nurses": null, "health_facility_level": null, "toilets_handwashing": null, "building": null, "name": "Sederhana", "health_facility_bed": null }, "geometry": { "type": "Point", "coordinates": [ 110.4291917, -7.5977342 ] } },
{ "type": "Feature", "properties": { "osm_id": 3661199904, "osm_type": "nodes", "office": null, "government": null, "opening_hours": null, "health_facility_type": null, "status": null, "medical_system_western": null, "rooms": null, "toilets_disposal": null, "operator": null, "tourism": "guest_house", "operator_type": null, "amenity": null, "beds": null, "staff_count_doctors": null, "access": null, "staff_count_nurses": null, "health_facility_level": null, "toilets_handwashing": null, "building": null, "name": "Sri Pratala", "health_facility_bed": null }, "geometry": { "type": "Point", "coordinates": [ 110.4304361, -7.5981229 ] } },
{ "type": "Feature", "properties": { "osm_id": 3661199897, "osm_type": "nodes", "office": null, "government": null, "opening_hours": null, "health_facility_type": null, "status": null, "medical_system_western": null, "rooms": null, "toilets_disposal": null, "operator": null, "tourism": "guest_house", "operator_type": null, "amenity": null, "beds": null, "staff_count_doctors": null, "access": null, "staff_count_nurses": null, "health_facility_level": null, "toilets_handwashing": null, "building": null, "name": "Nayoga", "health_facility_bed": null }, "geometry": { "type": "Point", "coordinates": [ 110.4303879, -7.597378 ] } },
{ "type": "Feature", "properties": { "osm_id": 3661199902, "osm_type": "nodes", "office": null, "government": null, "opening_hours": null, "health_facility_type": null, "status": null, "medical_system_western": null, "rooms": null, "toilets_disposal": null, "operator": null, "tourism": "guest_house", "operator_type": null, "amenity": null, "beds": null, "staff_count_doctors": null, "access": null, "staff_count_nurses": null, "health_facility_level": null, "toilets_handwashing": null, "building": null, "name": "Setia", "health_facility_bed": null }, "geometry": { "type": "Point", "coordinates": [ 110.4304578, -7.5976127 ] } },
{ "type": "Feature", "properties": { "osm_id": 3661199907, "osm_type": "nodes", "office": null, "government": null, "opening_hours": null, "health_facility_type": null, "status": null, "medical_system_western": null, "rooms": null, "toilets_disposal": null, "operator": null, "tourism": "guest_house", "operator_type": null, "amenity": null, "beds": null, "staff_count_doctors": null, "access": null, "staff_count_nurses": null, "health_facility_level": null, "toilets_handwashing": null, "building": null, "name": "Vila van Resink", "health_facility_bed": null }, "geometry": { "type": "Point", "coordinates": [ 110.4261797, -7.5967483 ] } },
{ "type": "Feature", "properties": { "osm_id": 3661199913, "osm_type": "nodes", "office": null, "government": null, "opening_hours": null, "health_facility_type": null, "status": null, "medical_system_western": null, "rooms": null, "toilets_disposal": null, "operator": null, "tourism": "guest_house", "operator_type": null, "amenity": null, "beds": null, "staff_count_doctors": null, "access": null, "staff_count_nurses": null, "health_facility_level": null, "toilets_handwashing": null, "building": null, "name": "Yoga Mandiri 1", "health_facility_bed": null }, "geometry": { "type": "Point", "coordinates": [ 110.4301419, -7.5966503 ] } },
{ "type": "Feature", "properties": { "osm_id": 3661199888, "osm_type": "nodes", "office": null, "government": null, "opening_hours": null, "health_facility_type": null, "status": null, "medical_system_western": null, "rooms": null, "toilets_disposal": null, "operator": null, "tourism": "guest_house", "operator_type": null, "amenity": null, "beds": null, "staff_count_doctors": null, "access": null, "staff_count_nurses": null, "health_facility_level": null, "toilets_handwashing": null, "building": null, "name": "Anjasmara", "health_facility_bed": null }, "geometry": { "type": "Point", "coordinates": [ 110.4301077, -7.5965721 ] } },
{ "type": "Feature", "properties": { "osm_id": 3661199892, "osm_type": "nodes", "office": null, "government": null, "opening_hours": null, "health_facility_type": null, "status": null, "medical_system_western": null, "rooms": null, "toilets_disposal": null, "operator": null, "tourism": "guest_house", "operator_type": null, "amenity": null, "beds": null, "staff_count_doctors": null, "access": null, "staff_count_nurses": null, "health_facility_level": null, "toilets_handwashing": null, "building": null, "name": "Karya Mulia", "health_facility_bed": null }, "geometry": { "type": "Point", "coordinates": [ 110.4300951, -7.5965225 ] } },
{ "type": "Feature", "properties": { "osm_id": 3661199893, "osm_type": "nodes", "office": null, "government": null, "opening_hours": null, "health_facility_type": null, "status": null, "medical_system_western": null, "rooms": null, "toilets_disposal": null, "operator": null, "tourism": "guest_house", "operator_type": null, "amenity": null, "beds": null, "staff_count_doctors": null, "access": null, "staff_count_nurses": null, "health_facility_level": null, "toilets_handwashing": null, "building": null, "name": "Lariza", "health_facility_bed": null }, "geometry": { "type": "Point", "coordinates": [ 110.4300626, -7.5964277 ] } },
{ "type": "Feature", "properties": { "osm_id": 3661199895, "osm_type": "nodes", "office": null, "government": null, "opening_hours": null, "health_facility_type": null, "status": null, "medical_system_western": null, "rooms": null, "toilets_disposal": null, "operator": null, "tourism": "guest_house", "operator_type": null, "amenity": null, "beds": null, "staff_count_doctors": null, "access": null, "staff_count_nurses": null, "health_facility_level": null, "toilets_handwashing": null, "building": null, "name": "Madukoro 2", "health_facility_bed": null }, "geometry": { "type": "Point", "coordinates": [ 110.4290584, -7.5963646 ] } },
{ "type": "Feature", "properties": { "osm_id": 3661199903, "osm_type": "nodes", "office": null, "government": null, "opening_hours": null, "health_facility_type": null, "status": null, "medical_system_western": null, "rooms": null, "toilets_disposal": null, "operator": null, "tourism": "guest_house", "operator_type": null, "amenity": null, "beds": null, "staff_count_doctors": null, "access": null, "staff_count_nurses": null, "health_facility_level": null, "toilets_handwashing": null, "building": null, "name": "Sri Handayani", "health_facility_bed": null }, "geometry": { "type": "Point", "coordinates": [ 110.4290714, -7.5964355 ] } },
{ "type": "Feature", "properties": { "osm_id": 3661199905, "osm_type": "nodes", "office": null, "government": null, "opening_hours": null, "health_facility_type": null, "status": null, "medical_system_western": null, "rooms": null, "toilets_disposal": null, "operator": null, "tourism": "guest_house", "operator_type": null, "amenity": null, "beds": null, "staff_count_doctors": null, "access": null, "staff_count_nurses": null, "health_facility_level": null, "toilets_handwashing": null, "building": null, "name": "Sri Rejeki", "health_facility_bed": null }, "geometry": { "type": "Point", "coordinates": [ 110.4290747, -7.5964936 ] } },
{ "type": "Feature", "properties": { "osm_id": 3661199891, "osm_type": "nodes", "office": null, "government": null, "opening_hours": null, "health_facility_type": null, "status": null, "medical_system_western": null, "rooms": null, "toilets_disposal": null, "operator": null, "tourism": "guest_house", "operator_type": null, "amenity": null, "beds": null, "staff_count_doctors": null, "access": null, "staff_count_nurses": null, "health_facility_level": null, "toilets_handwashing": null, "building": null, "name": "Hotel Wismancala", "health_facility_bed": null }, "geometry": { "type": "Point", "coordinates": [ 110.4293995, -7.5956658 ] } },
{ "type": "Feature", "properties": { "osm_id": 3661199906, "osm_type": "nodes", "office": null, "government": null, "opening_hours": null, "health_facility_type": null, "status": null, "medical_system_western": null, "rooms": null, "toilets_disposal": null, "operator": null, "tourism": "guest_house", "operator_type": null, "amenity": null, "beds": null, "staff_count_doctors": null, "access": null, "staff_count_nurses": null, "health_facility_level": null, "toilets_handwashing": null, "building": null, "name": "Srikandi", "health_facility_bed": null }, "geometry": { "type": "Point", "coordinates": [ 110.4296989, -7.595296 ] } },
{ "type": "Feature", "properties": { "osm_id": 3661199912, "osm_type": "nodes", "office": null, "government": null, "opening_hours": null, "health_facility_type": null, "status": null, "medical_system_western": null, "rooms": null, "toilets_disposal": null, "operator": null, "tourism": "guest_house", "operator_type": null, "amenity": null, "beds": null, "staff_count_doctors": null, "access": null, "staff_count_nurses": null, "health_facility_level": null, "toilets_handwashing": null, "building": null, "name": "Wisma Hargo", "health_facility_bed": null }, "geometry": { "type": "Point", "coordinates": [ 110.4303148, -7.594829 ] } },
{ "type": "Feature", "properties": { "osm_id": 3661199910, "osm_type": "nodes", "office": null, "government": null, "opening_hours": null, "health_facility_type": null, "status": null, "medical_system_western": null, "rooms": null, "toilets_disposal": null, "operator": null, "tourism": "guest_house", "operator_type": null, "amenity": null, "beds": null, "staff_count_doctors": null, "access": null, "staff_count_nurses": null, "health_facility_level": null, "toilets_handwashing": null, "building": null, "name": "Wisma Emalta", "health_facility_bed": null }, "geometry": { "type": "Point", "coordinates": [ 110.4306139, -7.5941171 ] } },
{ "type": "Feature", "properties": { "osm_id": 3661146409, "osm_type": "nodes", "office": null, "government": null, "opening_hours": null, "health_facility_type": null, "status": null, "medical_system_western": null, "rooms": null, "toilets_disposal": null, "operator": null, "tourism": "guest_house", "operator_type": null, "amenity": null, "beds": null, "staff_count_doctors": null, "access": null, "staff_count_nurses": null, "health_facility_level": null, "toilets_handwashing": null, "building": null, "name": "Gading", "health_facility_bed": null }, "geometry": { "type": "Point", "coordinates": [ 110.4275251, -7.6086236 ] } },
{ "type": "Feature", "properties": { "osm_id": 3661199896, "osm_type": "nodes", "office": null, "government": null, "opening_hours": null, "health_facility_type": null, "status": null, "medical_system_western": null, "rooms": null, "toilets_disposal": null, "operator": null, "tourism": "guest_house", "operator_type": null, "amenity": null, "beds": null, "staff_count_doctors": null, "access": null, "staff_count_nurses": null, "health_facility_level": null, "toilets_handwashing": null, "building": null, "name": "Madukoro", "health_facility_bed": null }, "geometry": { "type": "Point", "coordinates": [ 110.4296012, -7.5953194 ] } },
{ "type": "Feature", "properties": { "osm_id": 3661199898, "osm_type": "nodes", "office": null, "government": null, "opening_hours": null, "health_facility_type": null, "status": null, "medical_system_western": null, "rooms": null, "toilets_disposal": null, "operator": null, "tourism": "guest_house", "operator_type": null, "amenity": null, "beds": null, "staff_count_doctors": null, "access": null, "staff_count_nurses": null, "health_facility_level": null, "toilets_handwashing": null, "building": null, "name": "Nirwana 2", "health_facility_bed": null }, "geometry": { "type": "Point", "coordinates": [ 110.43034, -7.5981805 ] } },
{ "type": "Feature", "properties": { "osm_id": 3661199914, "osm_type": "nodes", "office": null, "government": null, "opening_hours": null, "health_facility_type": null, "status": null, "medical_system_western": null, "rooms": null, "toilets_disposal": null, "operator": null, "tourism": "guest_house", "operator_type": null, "amenity": null, "beds": null, "staff_count_doctors": null, "access": null, "staff_count_nurses": null, "health_facility_level": null, "toilets_handwashing": null, "building": null, "name": "Yoga Mandiri 3", "health_facility_bed": null }, "geometry": { "type": "Point", "coordinates": [ 110.430223, -7.5968736 ] } },
{ "type": "Feature", "properties": { "osm_id": 3661199908, "osm_type": "nodes", "office": null, "government": null, "opening_hours": null, "health_facility_type": null, "status": null, "medical_system_western": null, "rooms": null, "toilets_disposal": null, "operator": null, "tourism": "guest_house", "operator_type": null, "amenity": null, "beds": null, "staff_count_doctors": null, "access": null, "staff_count_nurses": null, "health_facility_level": null, "toilets_handwashing": null, "building": null, "name": "Villa Hanna", "health_facility_bed": null }, "geometry": { "type": "Point", "coordinates": [ 110.4301179, -7.5952436 ] } },
{ "type": "Feature", "properties": { "osm_id": 3661146385, "osm_type": "nodes", "office": null, "government": null, "opening_hours": null, "health_facility_type": null, "status": null, "medical_system_western": null, "rooms": null, "toilets_disposal": null, "operator": null, "tourism": "guest_house", "operator_type": null, "amenity": null, "beds": null, "staff_count_doctors": null, "access": null, "staff_count_nurses": null, "health_facility_level": null, "toilets_handwashing": null, "building": null, "name": "Andhika", "health_facility_bed": null }, "geometry": { "type": "Point", "coordinates": [ 110.4245677, -7.6002845 ] } },
{ "type": "Feature", "properties": { "osm_id": 3661146424, "osm_type": "nodes", "office": null, "government": null, "opening_hours": null, "health_facility_type": null, "status": null, "medical_system_western": null, "rooms": null, "toilets_disposal": null, "operator": null, "tourism": "guest_house", "operator_type": null, "amenity": null, "beds": null, "staff_count_doctors": null, "access": null, "staff_count_nurses": null, "health_facility_level": null, "toilets_handwashing": null, "building": null, "name": "Kinanti", "health_facility_bed": null }, "geometry": { "type": "Point", "coordinates": [ 110.4246356, -7.6001419 ] } },
{ "type": "Feature", "properties": { "osm_id": 3661146415, "osm_type": "nodes", "office": null, "government": null, "opening_hours": null, "health_facility_type": null, "status": null, "medical_system_western": null, "rooms": null, "toilets_disposal": null, "operator": null, "tourism": "guest_house", "operator_type": null, "amenity": null, "beds": null, "staff_count_doctors": null, "access": null, "staff_count_nurses": null, "health_facility_level": null, "toilets_handwashing": null, "building": null, "name": "Hotel Muria", "health_facility_bed": null }, "geometry": { "type": "Point", "coordinates": [ 110.4273526, -7.5985022 ] } },
{ "type": "Feature", "properties": { "osm_id": 3661147637, "osm_type": "nodes", "office": null, "government": null, "opening_hours": null, "health_facility_type": null, "status": null, "medical_system_western": null, "rooms": null, "toilets_disposal": null, "operator": null, "tourism": "guest_house", "operator_type": null, "amenity": null, "beds": null, "staff_count_doctors": null, "access": null, "staff_count_nurses": null, "health_facility_level": null, "toilets_handwashing": null, "building": null, "name": "Mitra 2", "health_facility_bed": null }, "geometry": { "type": "Point", "coordinates": [ 110.4244178, -7.5994545 ] } },
{ "type": "Feature", "properties": { "osm_id": 3661147639, "osm_type": "nodes", "office": null, "government": null, "opening_hours": null, "health_facility_type": null, "status": null, "medical_system_western": null, "rooms": null, "toilets_disposal": null, "operator": null, "tourism": "guest_house", "operator_type": null, "amenity": null, "beds": null, "staff_count_doctors": null, "access": null, "staff_count_nurses": null, "health_facility_level": null, "toilets_handwashing": null, "building": null, "name": "Murah", "health_facility_bed": null }, "geometry": { "type": "Point", "coordinates": [ 110.4281115, -7.5987989 ] } },
{ "type": "Feature", "properties": { "osm_id": 3661147648, "osm_type": "nodes", "office": null, "government": null, "opening_hours": null, "health_facility_type": null, "status": null, "medical_system_western": null, "rooms": null, "toilets_disposal": null, "operator": null, "tourism": "guest_house", "operator_type": null, "amenity": null, "beds": null, "staff_count_doctors": null, "access": null, "staff_count_nurses": null, "health_facility_level": null, "toilets_handwashing": null, "building": null, "name": "Sedyo Rahayu", "health_facility_bed": null }, "geometry": { "type": "Point", "coordinates": [ 110.4288203, -7.5990051 ] } },
{ "type": "Feature", "properties": { "osm_id": 3661147659, "osm_type": "nodes", "office": null, "government": null, "opening_hours": null, "health_facility_type": null, "status": null, "medical_system_western": null, "rooms": null, "toilets_disposal": null, "operator": null, "tourism": "guest_house", "operator_type": null, "amenity": null, "beds": null, "staff_count_doctors": null, "access": null, "staff_count_nurses": null, "health_facility_level": null, "toilets_handwashing": null, "building": null, "name": "Vijaya 3 Hotel", "health_facility_bed": null }, "geometry": { "type": "Point", "coordinates": [ 110.4247484, -7.6001362 ] } },
{ "type": "Feature", "properties": { "osm_id": 3661147661, "osm_type": "nodes", "office": null, "government": null, "opening_hours": null, "health_facility_type": null, "status": null, "medical_system_western": null, "rooms": null, "toilets_disposal": null, "operator": null, "tourism": "guest_house", "operator_type": null, "amenity": null, "beds": null, "staff_count_doctors": null, "access": null, "staff_count_nurses": null, "health_facility_level": null, "toilets_handwashing": null, "building": null, "name": "Villa Cemara", "health_facility_bed": null }, "geometry": { "type": "Point", "coordinates": [ 110.4247633, -7.599293 ] } },
{ "type": "Feature", "properties": { "osm_id": 3661147672, "osm_type": "nodes", "office": null, "government": null, "opening_hours": null, "health_facility_type": null, "status": null, "medical_system_western": null, "rooms": null, "toilets_disposal": null, "operator": null, "tourism": "guest_house", "operator_type": null, "amenity": null, "beds": null, "staff_count_doctors": null, "access": null, "staff_count_nurses": null, "health_facility_level": null, "toilets_handwashing": null, "building": null, "name": "Wisma Citra", "health_facility_bed": null }, "geometry": { "type": "Point", "coordinates": [ 110.4244479, -7.5993388 ] } },
{ "type": "Feature", "properties": { "osm_id": 3661147666, "osm_type": "nodes", "office": null, "government": null, "opening_hours": null, "health_facility_type": null, "status": null, "medical_system_western": null, "rooms": null, "toilets_disposal": null, "operator": null, "tourism": "guest_house", "operator_type": null, "amenity": null, "beds": null, "staff_count_doctors": null, "access": null, "staff_count_nurses": null, "health_facility_level": null, "toilets_handwashing": null, "building": null, "name": "Vogels Hostel", "health_facility_bed": null }, "geometry": { "type": "Point", "coordinates": [ 110.4268682, -7.5988692 ] } },
{ "type": "Feature", "properties": { "osm_id": 3661147664, "osm_type": "nodes", "office": null, "government": null, "opening_hours": null, "health_facility_type": null, "status": null, "medical_system_western": null, "rooms": null, "toilets_disposal": null, "operator": null, "tourism": "guest_house", "operator_type": null, "amenity": null, "beds": null, "staff_count_doctors": null, "access": null, "staff_count_nurses": null, "health_facility_level": null, "toilets_handwashing": null, "building": null, "name": "Villa Millennium", "health_facility_bed": null }, "geometry": { "type": "Point", "coordinates": [ 110.4283116, -7.5988989 ] } },
{ "type": "Feature", "properties": { "osm_id": 3661199894, "osm_type": "nodes", "office": null, "government": null, "opening_hours": null, "health_facility_type": null, "status": null, "medical_system_western": null, "rooms": null, "toilets_disposal": null, "operator": null, "tourism": "hotel", "operator_type": null, "amenity": null, "beds": null, "staff_count_doctors": null, "access": null, "staff_count_nurses": null, "health_facility_level": null, "toilets_handwashing": null, "building": null, "name": "Le Jardin", "health_facility_bed": null }, "geometry": { "type": "Point", "coordinates": [ 110.426977, -7.5961418 ] } },
{ "type": "Feature", "properties": { "osm_id": 3661199889, "osm_type": "nodes", "office": null, "government": null, "opening_hours": null, "health_facility_type": null, "status": null, "medical_system_western": null, "rooms": null, "toilets_disposal": null, "operator": null, "tourism": "guest_house", "operator_type": null, "amenity": null, "beds": null, "staff_count_doctors": null, "access": null, "staff_count_nurses": null, "health_facility_level": null, "toilets_handwashing": null, "building": null, "name": "Dewi Kunti", "health_facility_bed": null }, "geometry": { "type": "Point", "coordinates": [ 110.4303672, -7.5980752 ] } },
{ "type": "Feature", "properties": { "osm_id": 3661199909, "osm_type": "nodes", "office": null, "government": null, "opening_hours": null, "health_facility_type": null, "status": null, "medical_system_western": null, "rooms": null, "toilets_disposal": null, "operator": null, "tourism": "guest_house", "operator_type": null, "amenity": null, "beds": null, "staff_count_doctors": null, "access": null, "staff_count_nurses": null, "health_facility_level": null, "toilets_handwashing": null, "building": null, "name": "Widuri", "health_facility_bed": null }, "geometry": { "type": "Point", "coordinates": [ 110.4302167, -7.5968562 ] } },
{ "type": "Feature", "properties": { "osm_id": 3661199911, "osm_type": "nodes", "office": null, "government": null, "opening_hours": null, "health_facility_type": null, "status": null, "medical_system_western": null, "rooms": null, "toilets_disposal": null, "operator": null, "tourism": "guest_house", "operator_type": null, "amenity": null, "beds": null, "staff_count_doctors": null, "access": null, "staff_count_nurses": null, "health_facility_level": null, "toilets_handwashing": null, "building": null, "name": "Wisma Erlanga", "health_facility_bed": null }, "geometry": { "type": "Point", "coordinates": [ 110.4302074, -7.5950355 ] } },
{ "type": "Feature", "properties": { "osm_id": 3661146411, "osm_type": "nodes", "office": null, "government": null, "opening_hours": null, "health_facility_type": null, "status": null, "medical_system_western": null, "rooms": null, "toilets_disposal": null, "operator": null, "tourism": "guest_house", "operator_type": null, "amenity": null, "beds": null, "staff_count_doctors": null, "access": null, "staff_count_nurses": null, "health_facility_level": null, "toilets_handwashing": null, "building": null, "name": "Graha Kinasih", "health_facility_bed": null }, "geometry": { "type": "Point", "coordinates": [ 110.4234197, -7.5991066 ] } },
{ "type": "Feature", "properties": { "osm_id": 3661146412, "osm_type": "nodes", "office": null, "government": null, "opening_hours": null, "health_facility_type": null, "status": null, "medical_system_western": null, "rooms": null, "toilets_disposal": null, "operator": null, "tourism": "guest_house", "operator_type": null, "amenity": null, "beds": null, "staff_count_doctors": null, "access": null, "staff_count_nurses": null, "health_facility_level": null, "toilets_handwashing": null, "building": null, "name": "Hotel Eden 1", "health_facility_bed": null }, "geometry": { "type": "Point", "coordinates": [ 110.4290609, -7.600612 ] } },
{ "type": "Feature", "properties": { "osm_id": 3661146417, "osm_type": "nodes", "office": null, "government": null, "opening_hours": null, "health_facility_type": null, "status": null, "medical_system_western": null, "rooms": null, "toilets_disposal": null, "operator": null, "tourism": "hotel", "operator_type": null, "amenity": null, "beds": null, "staff_count_doctors": null, "access": null, "staff_count_nurses": null, "health_facility_level": null, "toilets_handwashing": null, "building": null, "name": "Hotel Taman Eden 2", "health_facility_bed": null }, "geometry": { "type": "Point", "coordinates": [ 110.4256782, -7.6214547 ] } },
{ "type": "Feature", "properties": { "osm_id": 3661146422, "osm_type": "nodes", "office": null, "government": null, "opening_hours": null, "health_facility_type": null, "status": null, "medical_system_western": null, "rooms": null, "toilets_disposal": null, "operator": null, "tourism": "guest_house", "operator_type": null, "amenity": null, "beds": null, "staff_count_doctors": null, "access": null, "staff_count_nurses": null, "health_facility_level": null, "toilets_handwashing": null, "building": null, "name": "Karya Mulia", "health_facility_bed": null }, "geometry": { "type": "Point", "coordinates": [ 110.4254939, -7.6003578 ] } },
{ "type": "Feature", "properties": { "osm_id": 3661147632, "osm_type": "nodes", "office": null, "government": null, "opening_hours": null, "health_facility_type": null, "status": null, "medical_system_western": null, "rooms": null, "toilets_disposal": null, "operator": null, "tourism": "guest_house", "operator_type": null, "amenity": null, "beds": null, "staff_count_doctors": null, "access": null, "staff_count_nurses": null, "health_facility_level": null, "toilets_handwashing": null, "building": null, "name": "Mayoni", "health_facility_bed": null }, "geometry": { "type": "Point", "coordinates": [ 110.4260718, -7.6182364 ] } },
{ "type": "Feature", "properties": { "osm_id": 3661146410, "osm_type": "nodes", "office": null, "government": null, "opening_hours": null, "health_facility_type": null, "status": null, "medical_system_western": null, "rooms": null, "toilets_disposal": null, "operator": null, "tourism": "guest_house", "operator_type": null, "amenity": null, "beds": null, "staff_count_doctors": null, "access": null, "staff_count_nurses": null, "health_facility_level": null, "toilets_handwashing": null, "building": null, "name": "Giriharjo", "health_facility_bed": null }, "geometry": { "type": "Point", "coordinates": [ 110.428762, -7.5991234 ] } },
{ "type": "Feature", "properties": { "osm_id": 3661146414, "osm_type": "nodes", "office": null, "government": null, "opening_hours": null, "health_facility_type": null, "status": null, "medical_system_western": null, "rooms": null, "toilets_disposal": null, "operator": null, "tourism": "guest_house", "operator_type": null, "amenity": null, "beds": null, "staff_count_doctors": null, "access": null, "staff_count_nurses": null, "health_facility_level": null, "toilets_handwashing": null, "building": null, "name": "Hotel Kana", "health_facility_bed": null }, "geometry": { "type": "Point", "coordinates": [ 110.4245166, -7.6004565 ] } },
{ "type": "Feature", "properties": { "osm_id": 3661147636, "osm_type": "nodes", "office": null, "government": null, "opening_hours": null, "health_facility_type": null, "status": null, "medical_system_western": null, "rooms": null, "toilets_disposal": null, "operator": null, "tourism": "guest_house", "operator_type": null, "amenity": null, "beds": null, "staff_count_doctors": null, "access": null, "staff_count_nurses": null, "health_facility_level": null, "toilets_handwashing": null, "building": null, "name": "Merpati", "health_facility_bed": null }, "geometry": { "type": "Point", "coordinates": [ 110.4247691, -7.5999503 ] } },
{ "type": "Feature", "properties": { "osm_id": 3661147640, "osm_type": "nodes", "office": null, "government": null, "opening_hours": null, "health_facility_type": null, "status": null, "medical_system_western": null, "rooms": null, "toilets_disposal": null, "operator": null, "tourism": "guest_house", "operator_type": null, "amenity": "restaurant", "beds": null, "staff_count_doctors": null, "access": null, "staff_count_nurses": null, "health_facility_level": null, "toilets_handwashing": null, "building": null, "name": "Oplosh", "health_facility_bed": null }, "geometry": { "type": "Point", "coordinates": [ 110.4258026, -7.618192 ] } },
{ "type": "Feature", "properties": { "osm_id": 3661147645, "osm_type": "nodes", "office": null, "government": null, "opening_hours": null, "health_facility_type": null, "status": null, "medical_system_western": null, "rooms": null, "toilets_disposal": null, "operator": null, "tourism": "guest_house", "operator_type": null, "amenity": null, "beds": null, "staff_count_doctors": null, "access": null, "staff_count_nurses": null, "health_facility_level": null, "toilets_handwashing": null, "building": null, "name": "Putra Jaya", "health_facility_bed": null }, "geometry": { "type": "Point", "coordinates": [ 110.4260967, -7.6183624 ] } },
{ "type": "Feature", "properties": { "osm_id": 3661147654, "osm_type": "nodes", "office": null, "government": null, "opening_hours": null, "health_facility_type": null, "status": null, "medical_system_western": null, "rooms": null, "toilets_disposal": null, "operator": null, "tourism": "guest_house", "operator_type": null, "amenity": null, "beds": null, "staff_count_doctors": null, "access": null, "staff_count_nurses": null, "health_facility_level": null, "toilets_handwashing": null, "building": null, "name": "Sri Mulyo", "health_facility_bed": null }, "geometry": { "type": "Point", "coordinates": [ 110.4299207, -7.5994405 ] } },
{ "type": "Feature", "properties": { "osm_id": 3661147656, "osm_type": "nodes", "office": null, "government": null, "opening_hours": null, "health_facility_type": null, "status": null, "medical_system_western": null, "rooms": null, "toilets_disposal": null, "operator": null, "tourism": "guest_house", "operator_type": null, "amenity": null, "beds": null, "staff_count_doctors": null, "access": null, "staff_count_nurses": null, "health_facility_level": null, "toilets_handwashing": null, "building": null, "name": "Tanjung Anom", "health_facility_bed": null }, "geometry": { "type": "Point", "coordinates": [ 110.4289433, -7.6008039 ] } },
{ "type": "Feature", "properties": { "osm_id": 3661147646, "osm_type": "nodes", "office": null, "government": null, "opening_hours": null, "health_facility_type": null, "status": null, "medical_system_western": null, "rooms": null, "toilets_disposal": null, "operator": null, "tourism": "guest_house", "operator_type": null, "amenity": null, "beds": null, "staff_count_doctors": null, "access": null, "staff_count_nurses": null, "health_facility_level": null, "toilets_handwashing": null, "building": null, "name": "Restu Ibu", "health_facility_bed": null }, "geometry": { "type": "Point", "coordinates": [ 110.4301883, -7.5994226 ] } },
{ "type": "Feature", "properties": { "osm_id": 3661147653, "osm_type": "nodes", "office": null, "government": null, "opening_hours": null, "health_facility_type": null, "status": null, "medical_system_western": null, "rooms": null, "toilets_disposal": null, "operator": null, "tourism": "guest_house", "operator_type": null, "amenity": null, "beds": null, "staff_count_doctors": null, "access": null, "staff_count_nurses": null, "health_facility_level": null, "toilets_handwashing": null, "building": null, "name": "Simponi", "health_facility_bed": null }, "geometry": { "type": "Point", "coordinates": [ 110.425627, -7.6004121 ] } },
{ "type": "Feature", "properties": { "osm_id": 3661147642, "osm_type": "nodes", "office": null, "government": null, "opening_hours": null, "health_facility_type": null, "status": null, "medical_system_western": null, "rooms": null, "toilets_disposal": null, "operator": null, "tourism": "guest_house", "operator_type": null, "amenity": null, "beds": null, "staff_count_doctors": null, "access": null, "staff_count_nurses": null, "health_facility_level": null, "toilets_handwashing": null, "building": null, "name": "Pav Bougenvile", "health_facility_bed": null }, "geometry": { "type": "Point", "coordinates": [ 110.423858, -7.5993088 ] } },
{ "type": "Feature", "properties": { "osm_id": 3661147663, "osm_type": "nodes", "office": null, "government": null, "opening_hours": null, "health_facility_type": null, "status": null, "medical_system_western": null, "rooms": null, "toilets_disposal": null, "operator": null, "tourism": "guest_house", "operator_type": null, "amenity": null, "beds": null, "staff_count_doctors": null, "access": null, "staff_count_nurses": null, "health_facility_level": null, "toilets_handwashing": null, "building": null, "name": "Villa Gosyen", "health_facility_bed": null }, "geometry": { "type": "Point", "coordinates": [ 110.4247394, -7.5994481 ] } },
{ "type": "Feature", "properties": { "osm_id": 3661147669, "osm_type": "nodes", "office": null, "government": null, "opening_hours": null, "health_facility_type": null, "status": null, "medical_system_western": null, "rooms": null, "toilets_disposal": null, "operator": null, "tourism": "guest_house", "operator_type": null, "amenity": null, "beds": null, "staff_count_doctors": null, "access": null, "staff_count_nurses": null, "health_facility_level": null, "toilets_handwashing": null, "building": null, "name": "Wijaya 2 Hotel", "health_facility_bed": null }, "geometry": { "type": "Point", "coordinates": [ 110.4247218, -7.5996728 ] } },
{ "type": "Feature", "properties": { "osm_id": 3661147671, "osm_type": "nodes", "office": null, "government": null, "opening_hours": null, "health_facility_type": null, "status": null, "medical_system_western": null, "rooms": null, "toilets_disposal": null, "operator": null, "tourism": "guest_house", "operator_type": null, "amenity": null, "beds": null, "staff_count_doctors": null, "access": null, "staff_count_nurses": null, "health_facility_level": null, "toilets_handwashing": null, "building": null, "name": "Wisma Brotoseno", "health_facility_bed": null }, "geometry": { "type": "Point", "coordinates": [ 110.4282807, -7.5989731 ] } },
{ "type": "Feature", "properties": { "osm_id": 3661147660, "osm_type": "nodes", "office": null, "government": null, "opening_hours": null, "health_facility_type": null, "status": null, "medical_system_western": null, "rooms": null, "toilets_disposal": null, "operator": null, "tourism": "guest_house", "operator_type": null, "amenity": null, "beds": null, "staff_count_doctors": null, "access": null, "staff_count_nurses": null, "health_facility_level": null, "toilets_handwashing": null, "building": null, "name": "Villa Alma", "health_facility_bed": null }, "geometry": { "type": "Point", "coordinates": [ 110.4276345, -7.6029146 ] } },
{ "type": "Feature", "properties": { "osm_id": 3661147674, "osm_type": "nodes", "office": null, "government": null, "opening_hours": null, "health_facility_type": null, "status": null, "medical_system_western": null, "rooms": null, "toilets_disposal": null, "operator": null, "tourism": "guest_house", "operator_type": null, "amenity": null, "beds": null, "staff_count_doctors": null, "access": null, "staff_count_nurses": null, "health_facility_level": null, "toilets_handwashing": null, "building": null, "name": "Wisma Kamboja", "health_facility_bed": null }, "geometry": { "type": "Point", "coordinates": [ 110.4240142, -7.5993322 ] } },
{ "type": "Feature", "properties": { "osm_id": 3661147670, "osm_type": "nodes", "office": null, "government": null, "opening_hours": null, "health_facility_type": null, "status": null, "medical_system_western": null, "rooms": null, "toilets_disposal": null, "operator": null, "tourism": "guest_house", "operator_type": null, "amenity": null, "beds": null, "staff_count_doctors": null, "access": null, "staff_count_nurses": null, "health_facility_level": null, "toilets_handwashing": null, "building": null, "name": "Wijaya Hotel", "health_facility_bed": null }, "geometry": { "type": "Point", "coordinates": [ 110.4273687, -7.5983859 ] } },
{ "type": "Feature", "properties": { "osm_id": 8333040371, "osm_type": "nodes", "office": null, "government": null, "opening_hours": null, "health_facility_type": null, "status": null, "medical_system_western": null, "rooms": "1", "toilets_disposal": null, "operator": null, "tourism": "guest_house", "operator_type": null, "amenity": null, "beds": null, "staff_count_doctors": null, "access": null, "staff_count_nurses": null, "health_facility_level": null, "toilets_handwashing": null, "building": null, "name": "Rumah Pak Dukuh Sambi", "health_facility_bed": null }, "geometry": { "type": "Point", "coordinates": [ 110.4271557, -7.6462762 ] } },
{ "type": "Feature", "properties": { "osm_id": 10961476044, "osm_type": "nodes", "office": "government", "government": "administrative", "opening_hours": null, "health_facility_type": null, "status": null, "medical_system_western": null, "rooms": null, "toilets_disposal": null, "operator": null, "tourism": null, "operator_type": null, "amenity": null, "beds": null, "staff_count_doctors": null, "access": null, "staff_count_nurses": null, "health_facility_level": null, "toilets_handwashing": null, "building": null, "name": "Kantor Kelurahan Hargo Binangun", "health_facility_bed": null }, "geometry": { "type": "Point", "coordinates": [ 110.4256, -7.6396 ] } },
{ "type": "Feature", "properties": { "osm_id": 10961472171, "osm_type": "nodes", "office": "government", "government": "administrative", "opening_hours": null, "health_facility_type": null, "status": null, "medical_system_western": null, "rooms": null, "toilets_disposal": null, "operator": null, "tourism": null, "operator_type": null, "amenity": null, "beds": null, "staff_count_doctors": null, "access": null, "staff_count_nurses": null, "health_facility_level": null, "toilets_handwashing": null, "building": null, "name": "Kantor Kelurahan Umbul Harjo", "health_facility_bed": null }, "geometry": { "type": "Point", "coordinates": [ 110.4332, -7.6258 ] } },
{ "type": "Feature", "properties": { "osm_id": 9857813359, "osm_type": "nodes", "office": null, "government": null, "opening_hours": null, "health_facility_type": null, "status": null, "medical_system_western": null, "rooms": null, "toilets_disposal": null, "operator": null, "tourism": "guest_house", "operator_type": null, "amenity": null, "beds": null, "staff_count_doctors": null, "access": null, "staff_count_nurses": null, "health_facility_level": null, "toilets_handwashing": null, "building": null, "name": "Sato Loka", "health_facility_bed": null }, "geometry": { "type": "Point", "coordinates": [ 110.4249382, -7.623145 ] } },
{ "type": "Feature", "properties": { "osm_id": 3661146393, "osm_type": "nodes", "office": "government", "government": null, "opening_hours": null, "health_facility_type": null, "status": null, "medical_system_western": null, "rooms": null, "toilets_disposal": null, "operator": null, "tourism": null, "operator_type": null, "amenity": null, "beds": null, "staff_count_doctors": null, "access": null, "staff_count_nurses": null, "health_facility_level": null, "toilets_handwashing": null, "building": null, "name": "Balai Taman Nasional Gunung Merapi", "health_facility_bed": null }, "geometry": { "type": "Point", "coordinates": [ 110.4260851, -7.6178213 ] } },
{ "type": "Feature", "properties": { "osm_id": 3765105783, "osm_type": "nodes", "office": null, "government": null, "opening_hours": null, "health_facility_type": null, "status": null, "medical_system_western": null, "rooms": null, "toilets_disposal": null, "operator": null, "tourism": "hotel", "operator_type": null, "amenity": null, "beds": null, "staff_count_doctors": null, "access": null, "staff_count_nurses": null, "health_facility_level": null, "toilets_handwashing": null, "building": null, "name": "Disaster Oasis", "health_facility_bed": null }, "geometry": { "type": "Point", "coordinates": [ 110.4245641, -7.6302724 ] } },
{ "type": "Feature", "properties": { "osm_id": 3588981739, "osm_type": "nodes", "office": "government", "government": "administrative", "opening_hours": null, "health_facility_type": null, "status": null, "medical_system_western": null, "rooms": null, "toilets_disposal": null, "operator": null, "tourism": null, "operator_type": null, "amenity": null, "beds": null, "staff_count_doctors": null, "access": null, "staff_count_nurses": null, "health_facility_level": null, "toilets_handwashing": null, "building": null, "name": "Ketua Forum PRB Hargomulyo", "health_facility_bed": null }, "geometry": { "type": "Point", "coordinates": [ 110.584718, -7.8346213 ] } },
{ "type": "Feature", "properties": { "osm_id": 10961474652, "osm_type": "nodes", "office": "government", "government": "administrative", "opening_hours": null, "health_facility_type": null, "status": null, "medical_system_western": null, "rooms": null, "toilets_disposal": null, "operator": null, "tourism": null, "operator_type": null, "amenity": null, "beds": null, "staff_count_doctors": null, "access": null, "staff_count_nurses": null, "health_facility_level": null, "toilets_handwashing": null, "building": null, "name": "Kantor Kelurahan Hargosari", "health_facility_bed": null }, "geometry": { "type": "Point", "coordinates": [ 110.6158, -8.0569 ] } },
{ "type": "Feature", "properties": { "osm_id": 3254790977, "osm_type": "nodes", "office": "government", "government": null, "opening_hours": null, "health_facility_type": null, "status": null, "medical_system_western": null, "rooms": null, "toilets_disposal": null, "operator": null, "tourism": null, "operator_type": null, "amenity": null, "beds": null, "staff_count_doctors": null, "access": null, "staff_count_nurses": null, "health_facility_level": null, "toilets_handwashing": null, "building": "yes", "name": "Posko BPBD Sleman", "health_facility_bed": null }, "geometry": { "type": "Point", "coordinates": [ 110.4189518, -7.6672068 ] } },
{ "type": "Feature", "properties": { "osm_id": 10033064161, "osm_type": "nodes", "office": null, "government": null, "opening_hours": "24/7", "health_facility_type": null, "status": null, "medical_system_western": null, "rooms": null, "toilets_disposal": null, "operator": null, "tourism": "hotel", "operator_type": null, "amenity": null, "beds": null, "staff_count_doctors": null, "access": null, "staff_count_nurses": null, "health_facility_level": null, "toilets_handwashing": null, "building": null, "name": "Popi Hotel & Homestay", "health_facility_bed": null }, "geometry": { "type": "Point", "coordinates": [ 110.4192355, -7.6814154 ] } },
{ "type": "Feature", "properties": { "osm_id": 13012960801, "osm_type": "nodes", "office": null, "government": null, "opening_hours": null, "health_facility_type": null, "status": null, "medical_system_western": null, "rooms": null, "toilets_disposal": null, "operator": null, "tourism": "guest_house", "operator_type": null, "amenity": null, "beds": null, "staff_count_doctors": null, "access": null, "staff_count_nurses": null, "health_facility_level": null, "toilets_handwashing": null, "building": null, "name": "Kos Pak Basuki", "health_facility_bed": null }, "geometry": { "type": "Point", "coordinates": [ 110.4170445, -7.6859654 ] } },
{ "type": "Feature", "properties": { "osm_id": 9189185619, "osm_type": "nodes", "office": null, "government": null, "opening_hours": null, "health_facility_type": null, "status": null, "medical_system_western": null, "rooms": null, "toilets_disposal": null, "operator": null, "tourism": "hostel", "operator_type": null, "amenity": null, "beds": null, "staff_count_doctors": null, "access": null, "staff_count_nurses": null, "health_facility_level": null, "toilets_handwashing": null, "building": null, "name": "Kost Putra Adhiwangsa", "health_facility_bed": null }, "geometry": { "type": "Point", "coordinates": [ 110.4103239, -7.6895041 ] } },
{ "type": "Feature", "properties": { "osm_id": 1826371843, "osm_type": "nodes", "office": null, "government": null, "opening_hours": null, "health_facility_type": null, "status": null, "medical_system_western": null, "rooms": null, "toilets_disposal": null, "operator": null, "tourism": null, "operator_type": null, "amenity": "townhall", "beds": null, "staff_count_doctors": null, "access": null, "staff_count_nurses": null, "health_facility_level": null, "toilets_handwashing": null, "building": null, "name": null, "health_facility_bed": null }, "geometry": { "type": "Point", "coordinates": [ 110.4831865, -7.7989312 ] } },
{ "type": "Feature", "properties": { "osm_id": 11304573466, "osm_type": "nodes", "office": null, "government": null, "opening_hours": null, "health_facility_type": null, "status": null, "medical_system_western": null, "rooms": null, "toilets_disposal": null, "operator": null, "tourism": "hotel", "operator_type": null, "amenity": null, "beds": null, "staff_count_doctors": null, "access": null, "staff_count_nurses": null, "health_facility_level": null, "toilets_handwashing": null, "building": null, "name": "Wisma Yosoputro OYO 405", "health_facility_bed": null }, "geometry": { "type": "Point", "coordinates": [ 110.4559033, -7.7774009 ] } },
{ "type": "Feature", "properties": { "osm_id": 4637978542, "osm_type": "nodes", "office": null, "government": null, "opening_hours": null, "health_facility_type": null, "status": null, "medical_system_western": null, "rooms": null, "toilets_disposal": null, "operator": null, "tourism": "guest_house", "operator_type": null, "amenity": null, "beds": null, "staff_count_doctors": null, "access": null, "staff_count_nurses": null, "health_facility_level": null, "toilets_handwashing": null, "building": null, "name": "Penginapan BeOne House", "health_facility_bed": null }, "geometry": { "type": "Point", "coordinates": [ 110.4455294, -7.7830178 ] } },
{ "type": "Feature", "properties": { "osm_id": 2037736373, "osm_type": "nodes", "office": null, "government": null, "opening_hours": null, "health_facility_type": null, "status": null, "medical_system_western": null, "rooms": null, "toilets_disposal": null, "operator": null, "tourism": "guest_house", "operator_type": null, "amenity": null, "beds": null, "staff_count_doctors": null, "access": null, "staff_count_nurses": null, "health_facility_level": null, "toilets_handwashing": null, "building": null, "name": "Kalasan Inn", "health_facility_bed": null }, "geometry": { "type": "Point", "coordinates": [ 110.445516, -7.7833491 ] } },
{ "type": "Feature", "properties": { "osm_id": 9824249716, "osm_type": "nodes", "office": null, "government": null, "opening_hours": null, "health_facility_type": null, "status": null, "medical_system_western": null, "rooms": null, "toilets_disposal": null, "operator": null, "tourism": "hostel", "operator_type": null, "amenity": null, "beds": null, "staff_count_doctors": null, "access": null, "staff_count_nurses": null, "health_facility_level": null, "toilets_handwashing": null, "building": null, "name": null, "health_facility_bed": null }, "geometry": { "type": "Point", "coordinates": [ 110.4559253, -7.7799864 ] } },
{ "type": "Feature", "properties": { "osm_id": 9843367883, "osm_type": "nodes", "office": null, "government": null, "opening_hours": null, "health_facility_type": null, "status": null, "medical_system_western": null, "rooms": null, "toilets_disposal": null, "operator": null, "tourism": "hotel", "operator_type": null, "amenity": null, "beds": null, "staff_count_doctors": null, "access": null, "staff_count_nurses": null, "health_facility_level": null, "toilets_handwashing": null, "building": null, "name": "Hotel Srikandi Bandara", "health_facility_bed": null }, "geometry": { "type": "Point", "coordinates": [ 110.4495941, -7.7825666 ] } },
{ "type": "Feature", "properties": { "osm_id": 9859649452, "osm_type": "nodes", "office": null, "government": null, "opening_hours": null, "health_facility_type": null, "status": null, "medical_system_western": null, "rooms": null, "toilets_disposal": null, "operator": null, "tourism": "hotel", "operator_type": null, "amenity": null, "beds": null, "staff_count_doctors": null, "access": null, "staff_count_nurses": null, "health_facility_level": null, "toilets_handwashing": null, "building": null, "name": "Hotel Wijaya", "health_facility_bed": null }, "geometry": { "type": "Point", "coordinates": [ 110.4461723, -7.7839847 ] } },
{ "type": "Feature", "properties": { "osm_id": 13797523559, "osm_type": "nodes", "office": null, "government": null, "opening_hours": null, "health_facility_type": null, "status": null, "medical_system_western": null, "rooms": null, "toilets_disposal": null, "operator": "Oktavia", "tourism": null, "operator_type": "public", "amenity": "hospital", "beds": null, "staff_count_doctors": null, "access": null, "staff_count_nurses": null, "health_facility_level": null, "toilets_handwashing": null, "building": null, "name": "Apotek Al Fazza Farma", "health_facility_bed": null }, "geometry": { "type": "Point", "coordinates": [ 110.4482282, -7.7878201 ] } },
{ "type": "Feature", "properties": { "osm_id": 10961476321, "osm_type": "nodes", "office": "government", "government": "administrative", "opening_hours": null, "health_facility_type": null, "status": null, "medical_system_western": null, "rooms": null, "toilets_disposal": null, "operator": null, "tourism": null, "operator_type": null, "amenity": null, "beds": null, "staff_count_doctors": null, "access": null, "staff_count_nurses": null, "health_facility_level": null, "toilets_handwashing": null, "building": null, "name": "Kantor Kelurahan Karang Rejek", "health_facility_bed": null }, "geometry": { "type": "Point", "coordinates": [ 110.5963, -7.9847 ] } },
{ "type": "Feature", "properties": { "osm_id": 3589515166, "osm_type": "nodes", "office": "government", "government": null, "opening_hours": null, "health_facility_type": null, "status": null, "medical_system_western": null, "rooms": null, "toilets_disposal": null, "operator": null, "tourism": null, "operator_type": null, "amenity": null, "beds": null, "staff_count_doctors": null, "access": null, "staff_count_nurses": null, "health_facility_level": null, "toilets_handwashing": null, "building": null, "name": "Kantor Kecamatan Nglipar", "health_facility_bed": null }, "geometry": { "type": "Point", "coordinates": [ 110.6200614, -7.8806199 ] } },
{ "type": "Feature", "properties": { "osm_id": 3589045491, "osm_type": "nodes", "office": "government", "government": "yes", "opening_hours": null, "health_facility_type": null, "status": null, "medical_system_western": null, "rooms": null, "toilets_disposal": null, "operator": null, "tourism": null, "operator_type": null, "amenity": null, "beds": null, "staff_count_doctors": null, "access": null, "staff_count_nurses": null, "health_facility_level": null, "toilets_handwashing": null, "building": null, "name": "Balai Desa Pengkol", "health_facility_bed": null }, "geometry": { "type": "Point", "coordinates": [ 110.5985267, -7.8781263 ] } },
{ "type": "Feature", "properties": { "osm_id": 10961473405, "osm_type": "nodes", "office": "government", "government": "administrative", "opening_hours": null, "health_facility_type": null, "status": null, "medical_system_western": null, "rooms": null, "toilets_disposal": null, "operator": null, "tourism": null, "operator_type": null, "amenity": null, "beds": null, "staff_count_doctors": null, "access": null, "staff_count_nurses": null, "health_facility_level": null, "toilets_handwashing": null, "building": null, "name": "Kantor Kelurahan Pengkol", "health_facility_bed": null }, "geometry": { "type": "Point", "coordinates": [ 110.5984, -7.8781 ] } },
{ "type": "Feature", "properties": { "osm_id": 10961476610, "osm_type": "nodes", "office": "government", "government": "administrative", "opening_hours": null, "health_facility_type": null, "status": null, "medical_system_western": null, "rooms": null, "toilets_disposal": null, "operator": null, "tourism": null, "operator_type": null, "amenity": null, "beds": null, "staff_count_doctors": null, "access": null, "staff_count_nurses": null, "health_facility_level": null, "toilets_handwashing": null, "building": null, "name": "Kantor Kelurahan Kedung Keris", "health_facility_bed": null }, "geometry": { "type": "Point", "coordinates": [ 110.6147, -7.9071 ] } },
{ "type": "Feature", "properties": { "osm_id": 10961479143, "osm_type": "nodes", "office": "government", "government": "administrative", "opening_hours": null, "health_facility_type": null, "status": null, "medical_system_western": null, "rooms": null, "toilets_disposal": null, "operator": null, "tourism": null, "operator_type": null, "amenity": null, "beds": null, "staff_count_doctors": null, "access": null, "staff_count_nurses": null, "health_facility_level": null, "toilets_handwashing": null, "building": null, "name": "Kantor Kelurahan Nglipar", "health_facility_bed": null }, "geometry": { "type": "Point", "coordinates": [ 110.6183, -7.8879 ] } },
{ "type": "Feature", "properties": { "osm_id": 5248591934, "osm_type": "nodes", "office": null, "government": null, "opening_hours": "Mo-Su 09:00-18:00", "health_facility_type": null, "status": null, "medical_system_western": null, "rooms": null, "toilets_disposal": null, "operator": null, "tourism": "guest_house", "operator_type": null, "amenity": null, "beds": null, "staff_count_doctors": null, "access": null, "staff_count_nurses": null, "health_facility_level": null, "toilets_handwashing": null, "building": null, "name": "Pondok jiwa", "health_facility_bed": null }, "geometry": { "type": "Point", "coordinates": [ 110.5745425, -8.1359961 ] } },
{ "type": "Feature", "properties": { "osm_id": 10961472787, "osm_type": "nodes", "office": "government", "government": "administrative", "opening_hours": null, "health_facility_type": null, "status": null, "medical_system_western": null, "rooms": null, "toilets_disposal": null, "operator": null, "tourism": null, "operator_type": null, "amenity": null, "beds": null, "staff_count_doctors": null, "access": null, "staff_count_nurses": null, "health_facility_level": null, "toilets_handwashing": null, "building": null, "name": "Kantor Kelurahan Kemadang", "health_facility_bed": null }, "geometry": { "type": "Point", "coordinates": [ 110.5703, -8.0928 ] } },
{ "type": "Feature", "properties": { "osm_id": 10961473786, "osm_type": "nodes", "office": "government", "government": "administrative", "opening_hours": null, "health_facility_type": null, "status": null, "medical_system_western": null, "rooms": null, "toilets_disposal": null, "operator": null, "tourism": null, "operator_type": null, "amenity": null, "beds": null, "staff_count_doctors": null, "access": null, "staff_count_nurses": null, "health_facility_level": null, "toilets_handwashing": null, "building": null, "name": "Kantor Kelurahan Siraman", "health_facility_bed": null }, "geometry": { "type": "Point", "coordinates": [ 110.5872, -7.9714 ] } },
{ "type": "Feature", "properties": { "osm_id": 10961478184, "osm_type": "nodes", "office": "government", "government": "administrative", "opening_hours": null, "health_facility_type": null, "status": null, "medical_system_western": null, "rooms": null, "toilets_disposal": null, "operator": null, "tourism": null, "operator_type": null, "amenity": null, "beds": null, "staff_count_doctors": null, "access": null, "staff_count_nurses": null, "health_facility_level": null, "toilets_handwashing": null, "building": null, "name": "Kantor Kelurahan Kepek", "health_facility_bed": null }, "geometry": { "type": "Point", "coordinates": [ 110.595, -7.9697 ] } },
{ "type": "Feature", "properties": { "osm_id": 9174059853, "osm_type": "nodes", "office": "government", "government": "public_service", "opening_hours": null, "health_facility_type": null, "status": null, "medical_system_western": null, "rooms": null, "toilets_disposal": null, "operator": null, "tourism": null, "operator_type": null, "amenity": null, "beds": null, "staff_count_doctors": null, "access": null, "staff_count_nurses": null, "health_facility_level": null, "toilets_handwashing": null, "building": null, "name": "Kecamatan Wonosari", "health_facility_bed": null }, "geometry": { "type": "Point", "coordinates": [ 110.5997812, -7.9654956 ] } },
{ "type": "Feature", "properties": { "osm_id": 13800377882, "osm_type": "nodes", "office": "government", "government": "yes", "opening_hours": null, "health_facility_type": null, "status": null, "medical_system_western": null, "rooms": null, "toilets_disposal": null, "operator": null, "tourism": null, "operator_type": null, "amenity": null, "beds": null, "staff_count_doctors": null, "access": null, "staff_count_nurses": null, "health_facility_level": null, "toilets_handwashing": null, "building": null, "name": "Dinas Pekerjaan Umum Perumahan Rakyat dan Kawasan Permukiman", "health_facility_bed": null }, "geometry": { "type": "Point", "coordinates": [ 110.5991742, -7.9648687 ] } },
{ "type": "Feature", "properties": { "osm_id": 11875180126, "osm_type": "nodes", "office": null, "government": null, "opening_hours": null, "health_facility_type": null, "status": null, "medical_system_western": null, "rooms": null, "toilets_disposal": null, "operator": null, "tourism": null, "operator_type": null, "amenity": "hospital", "beds": null, "staff_count_doctors": null, "access": null, "staff_count_nurses": null, "health_facility_level": null, "toilets_handwashing": null, "building": null, "name": "ABHIPRAYA CENTER (Biro Psikologi Abhipraya)", "health_facility_bed": null }, "geometry": { "type": "Point", "coordinates": [ 110.5805011, -7.9493588 ] } },
{ "type": "Feature", "properties": { "osm_id": 10961473890, "osm_type": "nodes", "office": "government", "government": "administrative", "opening_hours": null, "health_facility_type": null, "status": null, "medical_system_western": null, "rooms": null, "toilets_disposal": null, "operator": null, "tourism": null, "operator_type": null, "amenity": null, "beds": null, "staff_count_doctors": null, "access": null, "staff_count_nurses": null, "health_facility_level": null, "toilets_handwashing": null, "building": null, "name": "Kantor Kelurahan Lumbung Rejo", "health_facility_bed": null }, "geometry": { "type": "Point", "coordinates": [ 110.3256, -7.6516 ] } },
{ "type": "Feature", "properties": { "osm_id": 11781137576, "osm_type": "nodes", "office": null, "government": null, "opening_hours": null, "health_facility_type": null, "status": null, "medical_system_western": null, "rooms": null, "toilets_disposal": null, "operator": null, "tourism": "hotel", "operator_type": null, "amenity": null, "beds": null, "staff_count_doctors": null, "access": null, "staff_count_nurses": null, "health_facility_level": null, "toilets_handwashing": null, "building": null, "name": "Hotel Ayaskara", "health_facility_bed": null }, "geometry": { "type": "Point", "coordinates": [ 110.503261, -7.7804124 ] } },
{ "type": "Feature", "properties": { "osm_id": 9748837975, "osm_type": "nodes", "office": null, "government": null, "opening_hours": null, "health_facility_type": null, "status": null, "medical_system_western": null, "rooms": null, "toilets_disposal": null, "operator": null, "tourism": "guest_house", "operator_type": null, "amenity": null, "beds": null, "staff_count_doctors": null, "access": null, "staff_count_nurses": null, "health_facility_level": null, "toilets_handwashing": null, "building": null, "name": "Nabila Home Stay", "health_facility_bed": null }, "geometry": { "type": "Point", "coordinates": [ 110.4848874, -7.7901016 ] } },
{ "type": "Feature", "properties": { "osm_id": 4590677771, "osm_type": "nodes", "office": null, "government": null, "opening_hours": null, "health_facility_type": null, "status": null, "medical_system_western": null, "rooms": null, "toilets_disposal": null, "operator": null, "tourism": "hotel", "operator_type": null, "amenity": null, "beds": null, "staff_count_doctors": null, "access": null, "staff_count_nurses": null, "health_facility_level": null, "toilets_handwashing": null, "building": null, "name": "D'Salvatore Art & Boutique Hotel 4,1", "health_facility_bed": null }, "geometry": { "type": "Point", "coordinates": [ 110.4256113, -7.783604 ] } },
{ "type": "Feature", "properties": { "osm_id": 11202312537, "osm_type": "nodes", "office": null, "government": null, "opening_hours": null, "health_facility_type": null, "status": null, "medical_system_western": null, "rooms": null, "toilets_disposal": null, "operator": null, "tourism": "hostel", "operator_type": null, "amenity": null, "beds": null, "staff_count_doctors": null, "access": null, "staff_count_nurses": null, "health_facility_level": null, "toilets_handwashing": null, "building": null, "name": "Kos Putra \"Hikmah\"", "health_facility_bed": null }, "geometry": { "type": "Point", "coordinates": [ 110.421038, -7.7653445 ] } },
{ "type": "Feature", "properties": { "osm_id": 2024675832, "osm_type": "nodes", "office": null, "government": null, "opening_hours": null, "health_facility_type": null, "status": null, "medical_system_western": null, "rooms": "248", "toilets_disposal": null, "operator": null, "tourism": "hotel", "operator_type": null, "amenity": null, "beds": null, "staff_count_doctors": null, "access": null, "staff_count_nurses": null, "health_facility_level": null, "toilets_handwashing": null, "building": null, "name": "Sheraton Mustika Yogyakarta Resort & Spa", "health_facility_bed": null }, "geometry": { "type": "Point", "coordinates": [ 110.4284082, -7.7798783 ] } },
{ "type": "Feature", "properties": { "osm_id": 11299063100, "osm_type": "nodes", "office": "government", "government": "administrative", "opening_hours": null, "health_facility_type": null, "status": null, "medical_system_western": null, "rooms": null, "toilets_disposal": null, "operator": null, "tourism": null, "operator_type": null, "amenity": null, "beds": null, "staff_count_doctors": null, "access": null, "staff_count_nurses": null, "health_facility_level": null, "toilets_handwashing": null, "building": null, "name": "Kantor Kalurahan Maguwoharjo", "health_facility_bed": null }, "geometry": { "type": "Point", "coordinates": [ 110.4301666, -7.7825874 ] } },
{ "type": "Feature", "properties": { "osm_id": 11210430637, "osm_type": "nodes", "office": null, "government": null, "opening_hours": null, "health_facility_type": null, "status": null, "medical_system_western": null, "rooms": null, "toilets_disposal": null, "operator": null, "tourism": "motel", "operator_type": null, "amenity": null, "beds": null, "staff_count_doctors": null, "access": null, "staff_count_nurses": null, "health_facility_level": null, "toilets_handwashing": null, "building": null, "name": "D'Kusuma Exclusive Boarding House", "health_facility_bed": null }, "geometry": { "type": "Point", "coordinates": [ 110.4206992, -7.7640613 ] } },
{ "type": "Feature", "properties": { "osm_id": 6811218788, "osm_type": "nodes", "office": null, "government": null, "opening_hours": null, "health_facility_type": null, "status": null, "medical_system_western": null, "rooms": null, "toilets_disposal": null, "operator": null, "tourism": "guest_house", "operator_type": null, "amenity": null, "beds": null, "staff_count_doctors": null, "access": null, "staff_count_nurses": null, "health_facility_level": null, "toilets_handwashing": null, "building": null, "name": "Samanta Pura", "health_facility_bed": null }, "geometry": { "type": "Point", "coordinates": [ 110.4241017, -7.756268 ] } },
{ "type": "Feature", "properties": { "osm_id": 4505436489, "osm_type": "nodes", "office": null, "government": null, "opening_hours": null, "health_facility_type": null, "status": null, "medical_system_western": null, "rooms": null, "toilets_disposal": null, "operator": null, "tourism": "guest_house", "operator_type": null, "amenity": null, "beds": null, "staff_count_doctors": null, "access": null, "staff_count_nurses": null, "health_facility_level": null, "toilets_handwashing": null, "building": null, "name": null, "health_facility_bed": null }, "geometry": { "type": "Point", "coordinates": [ 110.4241455, -7.754467 ] } },
{ "type": "Feature", "properties": { "osm_id": 9697499756, "osm_type": "nodes", "office": "government", "government": "ministry", "opening_hours": null, "health_facility_type": null, "status": null, "medical_system_western": null, "rooms": null, "toilets_disposal": null, "operator": null, "tourism": null, "operator_type": null, "amenity": null, "beds": null, "staff_count_doctors": null, "access": null, "staff_count_nurses": null, "health_facility_level": null, "toilets_handwashing": null, "building": null, "name": "Kantor Imigrasi Yogyakarta", "health_facility_bed": null }, "geometry": { "type": "Point", "coordinates": [ 110.4353966, -7.7838299 ] } },
{ "type": "Feature", "properties": { "osm_id": 9725891946, "osm_type": "nodes", "office": null, "government": null, "opening_hours": null, "health_facility_type": null, "status": null, "medical_system_western": null, "rooms": null, "toilets_disposal": null, "operator": null, "tourism": "hotel", "operator_type": null, "amenity": null, "beds": null, "staff_count_doctors": null, "access": null, "staff_count_nurses": null, "health_facility_level": null, "toilets_handwashing": null, "building": null, "name": "Platinum", "health_facility_bed": null }, "geometry": { "type": "Point", "coordinates": [ 110.437282, -7.7828976 ] } },
{ "type": "Feature", "properties": { "osm_id": 1652912717, "osm_type": "nodes", "office": null, "government": null, "opening_hours": null, "health_facility_type": null, "status": null, "medical_system_western": null, "rooms": "193", "toilets_disposal": null, "operator": null, "tourism": "hotel", "operator_type": null, "amenity": null, "beds": null, "staff_count_doctors": null, "access": null, "staff_count_nurses": null, "health_facility_level": null, "toilets_handwashing": null, "building": null, "name": "Grand Diamond Hotel Yogyakarta", "health_facility_bed": null }, "geometry": { "type": "Point", "coordinates": [ 110.4234932, -7.782535 ] } },
{ "type": "Feature", "properties": { "osm_id": 9697446968, "osm_type": "nodes", "office": null, "government": null, "opening_hours": null, "health_facility_type": null, "status": null, "medical_system_western": null, "rooms": null, "toilets_disposal": null, "operator": null, "tourism": "hotel", "operator_type": null, "amenity": null, "beds": null, "staff_count_doctors": null, "access": null, "staff_count_nurses": null, "health_facility_level": null, "toilets_handwashing": null, "building": null, "name": "Grand Orchid Hotel", "health_facility_bed": null }, "geometry": { "type": "Point", "coordinates": [ 110.4243269, -7.7824738 ] } },
{ "type": "Feature", "properties": { "osm_id": 4590677769, "osm_type": "nodes", "office": null, "government": null, "opening_hours": null, "health_facility_type": null, "status": null, "medical_system_western": null, "rooms": null, "toilets_disposal": null, "operator": null, "tourism": "hotel", "operator_type": null, "amenity": null, "beds": null, "staff_count_doctors": null, "access": null, "staff_count_nurses": null, "health_facility_level": null, "toilets_handwashing": null, "building": null, "name": "Hotel Omahkoe", "health_facility_bed": null }, "geometry": { "type": "Point", "coordinates": [ 110.4272059, -7.785281 ] } },
{ "type": "Feature", "properties": { "osm_id": 7140531832, "osm_type": "nodes", "office": null, "government": null, "opening_hours": null, "health_facility_type": null, "status": null, "medical_system_western": null, "rooms": null, "toilets_disposal": null, "operator": null, "tourism": "guest_house", "operator_type": null, "amenity": null, "beds": null, "staff_count_doctors": null, "access": null, "staff_count_nurses": null, "health_facility_level": null, "toilets_handwashing": null, "building": null, "name": "D'HELOMI", "health_facility_bed": null }, "geometry": { "type": "Point", "coordinates": [ 110.4303603, -7.7699441 ] } },
{ "type": "Feature", "properties": { "osm_id": 13495600114, "osm_type": "nodes", "office": null, "government": null, "opening_hours": null, "health_facility_type": null, "status": null, "medical_system_western": null, "rooms": null, "toilets_disposal": null, "operator": null, "tourism": "guest_house", "operator_type": null, "amenity": null, "beds": null, "staff_count_doctors": null, "access": null, "staff_count_nurses": null, "health_facility_level": null, "toilets_handwashing": null, "building": null, "name": "Alfath's Hillside House", "health_facility_bed": null }, "geometry": { "type": "Point", "coordinates": [ 110.289055, -7.7146225 ] } },
{ "type": "Feature", "properties": { "osm_id": 10961475808, "osm_type": "nodes", "office": "government", "government": "administrative", "opening_hours": null, "health_facility_type": null, "status": null, "medical_system_western": null, "rooms": null, "toilets_disposal": null, "operator": null, "tourism": null, "operator_type": null, "amenity": null, "beds": null, "staff_count_doctors": null, "access": null, "staff_count_nurses": null, "health_facility_level": null, "toilets_handwashing": null, "building": null, "name": "Kantor Kelurahan Margoagung", "health_facility_bed": null }, "geometry": { "type": "Point", "coordinates": [ 110.3077, -7.7083 ] } },
{ "type": "Feature", "properties": { "osm_id": 10961471697, "osm_type": "nodes", "office": "government", "government": "administrative", "opening_hours": null, "health_facility_type": null, "status": null, "medical_system_western": null, "rooms": null, "toilets_disposal": null, "operator": null, "tourism": null, "operator_type": null, "amenity": null, "beds": null, "staff_count_doctors": null, "access": null, "staff_count_nurses": null, "health_facility_level": null, "toilets_handwashing": null, "building": null, "name": "Kantor Kelurahan Margokaton", "health_facility_bed": null }, "geometry": { "type": "Point", "coordinates": [ 110.2897, -7.7155 ] } },
{ "type": "Feature", "properties": { "osm_id": 10961479072, "osm_type": "nodes", "office": "government", "government": "administrative", "opening_hours": null, "health_facility_type": null, "status": null, "medical_system_western": null, "rooms": null, "toilets_disposal": null, "operator": null, "tourism": null, "operator_type": null, "amenity": null, "beds": null, "staff_count_doctors": null, "access": null, "staff_count_nurses": null, "health_facility_level": null, "toilets_handwashing": null, "building": null, "name": "Kantor Kelurahan Secang", "health_facility_bed": null }, "geometry": { "type": "Point", "coordinates": [ 110.3079, -7.7492 ] } },
{ "type": "Feature", "properties": { "osm_id": 10961473273, "osm_type": "nodes", "office": "government", "government": "administrative", "opening_hours": null, "health_facility_type": null, "status": null, "medical_system_western": null, "rooms": null, "toilets_disposal": null, "operator": null, "tourism": null, "operator_type": null, "amenity": null, "beds": null, "staff_count_doctors": null, "access": null, "staff_count_nurses": null, "health_facility_level": null, "toilets_handwashing": null, "building": null, "name": "Kantor Kelurahan Margomulyo", "health_facility_bed": null }, "geometry": { "type": "Point", "coordinates": [ 110.3086, -7.7208 ] } },
{ "type": "Feature", "properties": { "osm_id": 10961479011, "osm_type": "nodes", "office": "government", "government": "administrative", "opening_hours": null, "health_facility_type": null, "status": null, "medical_system_western": null, "rooms": null, "toilets_disposal": null, "operator": null, "tourism": null, "operator_type": null, "amenity": null, "beds": null, "staff_count_doctors": null, "access": null, "staff_count_nurses": null, "health_facility_level": null, "toilets_handwashing": null, "building": null, "name": "Kantor Kelurahan Margodadi", "health_facility_bed": null }, "geometry": { "type": "Point", "coordinates": [ 110.2988, -7.7377 ] } },
{ "type": "Feature", "properties": { "osm_id": 10961476765, "osm_type": "nodes", "office": "government", "government": "administrative", "opening_hours": null, "health_facility_type": null, "status": null, "medical_system_western": null, "rooms": null, "toilets_disposal": null, "operator": null, "tourism": null, "operator_type": null, "amenity": null, "beds": null, "staff_count_doctors": null, "access": null, "staff_count_nurses": null, "health_facility_level": null, "toilets_handwashing": null, "building": null, "name": "Kantor Kelurahan Sidoluhur", "health_facility_bed": null }, "geometry": { "type": "Point", "coordinates": [ 110.2883, -7.7663 ] } },
{ "type": "Feature", "properties": { "osm_id": 13704589759, "osm_type": "nodes", "office": "government", "government": "administrative", "opening_hours": null, "health_facility_type": null, "status": null, "medical_system_western": null, "rooms": null, "toilets_disposal": null, "operator": null, "tourism": null, "operator_type": null, "amenity": null, "beds": null, "staff_count_doctors": null, "access": null, "staff_count_nurses": null, "health_facility_level": null, "toilets_handwashing": null, "building": null, "name": "Kantor Kalurahan Margoluwih", "health_facility_bed": null }, "geometry": { "type": "Point", "coordinates": [ 110.2943763, -7.7581657 ] } },
{ "type": "Feature", "properties": { "osm_id": 10961475343, "osm_type": "nodes", "office": "government", "government": "administrative", "opening_hours": null, "health_facility_type": null, "status": null, "medical_system_western": null, "rooms": null, "toilets_disposal": null, "operator": null, "tourism": null, "operator_type": null, "amenity": null, "beds": null, "staff_count_doctors": null, "access": null, "staff_count_nurses": null, "health_facility_level": null, "toilets_handwashing": null, "building": null, "name": "Kantor Kelurahan Pucang", "health_facility_bed": null }, "geometry": { "type": "Point", "coordinates": [ 110.31, -7.7492 ] } },
{ "type": "Feature", "properties": { "osm_id": 10961471358, "osm_type": "nodes", "office": "government", "government": "administrative", "opening_hours": null, "health_facility_type": null, "status": null, "medical_system_western": null, "rooms": null, "toilets_disposal": null, "operator": null, "tourism": null, "operator_type": null, "amenity": null, "beds": null, "staff_count_doctors": null, "access": null, "staff_count_nurses": null, "health_facility_level": null, "toilets_handwashing": null, "building": null, "name": "Kantor Kelurahan Margo Rejo", "health_facility_bed": null }, "geometry": { "type": "Point", "coordinates": [ 110.3304, -7.6635 ] } },
{ "type": "Feature", "properties": { "osm_id": 10961472026, "osm_type": "nodes", "office": "government", "government": "administrative", "opening_hours": null, "health_facility_type": null, "status": null, "medical_system_western": null, "rooms": null, "toilets_disposal": null, "operator": null, "tourism": null, "operator_type": null, "amenity": null, "beds": null, "staff_count_doctors": null, "access": null, "staff_count_nurses": null, "health_facility_level": null, "toilets_handwashing": null, "building": null, "name": "Kantor Kelurahan Sumber Rejo", "health_facility_bed": null }, "geometry": { "type": "Point", "coordinates": [ 110.3053, -7.6747 ] } },
{ "type": "Feature", "properties": { "osm_id": 10961474560, "osm_type": "nodes", "office": "government", "government": "administrative", "opening_hours": null, "health_facility_type": null, "status": null, "medical_system_western": null, "rooms": null, "toilets_disposal": null, "operator": null, "tourism": null, "operator_type": null, "amenity": null, "beds": null, "staff_count_doctors": null, "access": null, "staff_count_nurses": null, "health_facility_level": null, "toilets_handwashing": null, "building": null, "name": "Kantor Kelurahan Pondok Rejo", "health_facility_bed": null }, "geometry": { "type": "Point", "coordinates": [ 110.3078, -7.6644 ] } },
{ "type": "Feature", "properties": { "osm_id": 10961477094, "osm_type": "nodes", "office": "government", "government": "administrative", "opening_hours": null, "health_facility_type": null, "status": null, "medical_system_western": null, "rooms": null, "toilets_disposal": null, "operator": null, "tourism": null, "operator_type": null, "amenity": null, "beds": null, "staff_count_doctors": null, "access": null, "staff_count_nurses": null, "health_facility_level": null, "toilets_handwashing": null, "building": null, "name": "Kantor Kelurahan Moro Rejo", "health_facility_bed": null }, "geometry": { "type": "Point", "coordinates": [ 110.3178, -7.67 ] } },
{ "type": "Feature", "properties": { "osm_id": 10961471922, "osm_type": "nodes", "office": "government", "government": "administrative", "opening_hours": null, "health_facility_type": null, "status": null, "medical_system_western": null, "rooms": null, "toilets_disposal": null, "operator": null, "tourism": null, "operator_type": null, "amenity": null, "beds": null, "staff_count_doctors": null, "access": null, "staff_count_nurses": null, "health_facility_level": null, "toilets_handwashing": null, "building": null, "name": "Kantor Kelurahan Mulo", "health_facility_bed": null }, "geometry": { "type": "Point", "coordinates": [ 110.5872, -8.0178 ] } },
{ "type": "Feature", "properties": { "osm_id": 10961477661, "osm_type": "nodes", "office": "government", "government": "administrative", "opening_hours": null, "health_facility_type": null, "status": null, "medical_system_western": null, "rooms": null, "toilets_disposal": null, "operator": null, "tourism": null, "operator_type": null, "amenity": null, "beds": null, "staff_count_doctors": null, "access": null, "staff_count_nurses": null, "health_facility_level": null, "toilets_handwashing": null, "building": null, "name": "Kantor Kelurahan Wunung", "health_facility_bed": null }, "geometry": { "type": "Point", "coordinates": [ 110.5808, -8.0258 ] } },
{ "type": "Feature", "properties": { "osm_id": 10961476896, "osm_type": "nodes", "office": "government", "government": "administrative", "opening_hours": null, "health_facility_type": null, "status": null, "medical_system_western": null, "rooms": null, "toilets_disposal": null, "operator": null, "tourism": null, "operator_type": null, "amenity": null, "beds": null, "staff_count_doctors": null, "access": null, "staff_count_nurses": null, "health_facility_level": null, "toilets_handwashing": null, "building": null, "name": "Kantor Kelurahan Natah", "health_facility_bed": null }, "geometry": { "type": "Point", "coordinates": [ 110.6582, -7.8515 ] } },
{ "type": "Feature", "properties": { "osm_id": 10961475415, "osm_type": "nodes", "office": "government", "government": "administrative", "opening_hours": null, "health_facility_type": null, "status": null, "medical_system_western": null, "rooms": null, "toilets_disposal": null, "operator": null, "tourism": null, "operator_type": null, "amenity": null, "beds": null, "staff_count_doctors": null, "access": null, "staff_count_nurses": null, "health_facility_level": null, "toilets_handwashing": null, "building": null, "name": "Kantor Kelurahan Ngalang", "health_facility_bed": null }, "geometry": { "type": "Point", "coordinates": [ 110.58, -7.88 ] } },
{ "type": "Feature", "properties": { "osm_id": 10961474942, "osm_type": "nodes", "office": "government", "government": "administrative", "opening_hours": null, "health_facility_type": null, "status": null, "medical_system_western": null, "rooms": null, "toilets_disposal": null, "operator": null, "tourism": null, "operator_type": null, "amenity": null, "beds": null, "staff_count_doctors": null, "access": null, "staff_count_nurses": null, "health_facility_level": null, "toilets_handwashing": null, "building": null, "name": "Kantor Kelurahan Gedang Rejo", "health_facility_bed": null }, "geometry": { "type": "Point", "coordinates": [ 110.6786, -7.9447 ] } },
{ "type": "Feature", "properties": { "osm_id": 10961472118, "osm_type": "nodes", "office": "government", "government": "administrative", "opening_hours": null, "health_facility_type": null, "status": null, "medical_system_western": null, "rooms": null, "toilets_disposal": null, "operator": null, "tourism": null, "operator_type": null, "amenity": null, "beds": null, "staff_count_doctors": null, "access": null, "staff_count_nurses": null, "health_facility_level": null, "toilets_handwashing": null, "building": null, "name": "Kantor Kelurahan Ngestirejo", "health_facility_bed": null }, "geometry": { "type": "Point", "coordinates": [ 110.6122, -8.0908 ] } },
{ "type": "Feature", "properties": { "osm_id": 6031280785, "osm_type": "nodes", "office": null, "government": null, "opening_hours": null, "health_facility_type": null, "status": null, "medical_system_western": null, "rooms": null, "toilets_disposal": null, "operator": null, "tourism": "guest_house", "operator_type": null, "amenity": null, "beds": null, "staff_count_doctors": null, "access": null, "staff_count_nurses": null, "health_facility_level": null, "toilets_handwashing": null, "building": null, "name": "Omah Sundak Homestay (Real one)", "health_facility_bed": null }, "geometry": { "type": "Point", "coordinates": [ 110.6069361, -8.146553 ] } },
{ "type": "Feature", "properties": { "osm_id": 11875160993, "osm_type": "nodes", "office": null, "government": null, "opening_hours": null, "health_facility_type": null, "status": null, "medical_system_western": null, "rooms": null, "toilets_disposal": null, "operator": null, "tourism": null, "operator_type": null, "amenity": "hospital", "beds": null, "staff_count_doctors": null, "access": null, "staff_count_nurses": null, "health_facility_level": null, "toilets_handwashing": null, "building": null, "name": "Lembaga Psikologi Terapan DELTA", "health_facility_bed": null }, "geometry": { "type": "Point", "coordinates": [ 110.3395166, -7.7633501 ] } },
{ "type": "Feature", "properties": { "osm_id": 10925434300, "osm_type": "nodes", "office": "telecommunication", "government": null, "opening_hours": "Mo-Fr 09:00-17:00", "health_facility_type": null, "status": null, "medical_system_western": null, "rooms": null, "toilets_disposal": null, "operator": null, "tourism": null, "operator_type": null, "amenity": null, "beds": null, "staff_count_doctors": null, "access": null, "staff_count_nurses": null, "health_facility_level": null, "toilets_handwashing": null, "building": null, "name": "GMEDIA Prime Building", "health_facility_bed": null }, "geometry": { "type": "Point", "coordinates": [ 110.3354224, -7.7662859 ] } },
{ "type": "Feature", "properties": { "osm_id": 10961477292, "osm_type": "nodes", "office": "government", "government": "administrative", "opening_hours": null, "health_facility_type": null, "status": null, "medical_system_western": null, "rooms": null, "toilets_disposal": null, "operator": null, "tourism": null, "operator_type": null, "amenity": null, "beds": null, "staff_count_doctors": null, "access": null, "staff_count_nurses": null, "health_facility_level": null, "toilets_handwashing": null, "building": null, "name": "Kantor Kelurahan Trihanggo", "health_facility_bed": null }, "geometry": { "type": "Point", "coordinates": [ 110.3448, -7.7617 ] } },
{ "type": "Feature", "properties": { "osm_id": 10091424506, "osm_type": "nodes", "office": "government", "government": "government", "opening_hours": "Mo-Fr 08:00-17:00", "health_facility_type": null, "status": null, "medical_system_western": null, "rooms": null, "toilets_disposal": null, "operator": null, "tourism": null, "operator_type": null, "amenity": null, "beds": null, "staff_count_doctors": null, "access": null, "staff_count_nurses": null, "health_facility_level": null, "toilets_handwashing": null, "building": null, "name": "Pusat Pengendalian Lingkungan Hidup Jawa", "health_facility_bed": null }, "geometry": { "type": "Point", "coordinates": [ 110.3375658, -7.7603794 ] } },
{ "type": "Feature", "properties": { "osm_id": 10961475467, "osm_type": "nodes", "office": "government", "government": "administrative", "opening_hours": null, "health_facility_type": null, "status": null, "medical_system_western": null, "rooms": null, "toilets_disposal": null, "operator": null, "tourism": null, "operator_type": null, "amenity": null, "beds": null, "staff_count_doctors": null, "access": null, "staff_count_nurses": null, "health_facility_level": null, "toilets_handwashing": null, "building": null, "name": "Kantor Kelurahan Pacarejo", "health_facility_bed": null }, "geometry": { "type": "Point", "coordinates": [ 110.6202, -8.0177 ] } },
{ "type": "Feature", "properties": { "osm_id": 4605820496, "osm_type": "nodes", "office": null, "government": null, "opening_hours": null, "health_facility_type": null, "status": null, "medical_system_western": null, "rooms": null, "toilets_disposal": null, "operator": null, "tourism": "guest_house", "operator_type": null, "amenity": null, "beds": null, "staff_count_doctors": null, "access": null, "staff_count_nurses": null, "health_facility_level": null, "toilets_handwashing": null, "building": null, "name": "Erista Garden", "health_facility_bed": null }, "geometry": { "type": "Point", "coordinates": [ 110.427366, -7.659445 ] } },
{ "type": "Feature", "properties": { "osm_id": 4847813021, "osm_type": "nodes", "office": null, "government": null, "opening_hours": "24/7", "health_facility_type": null, "status": null, "medical_system_western": null, "rooms": null, "toilets_disposal": null, "operator": null, "tourism": "hotel", "operator_type": null, "amenity": null, "beds": null, "staff_count_doctors": null, "access": null, "staff_count_nurses": null, "health_facility_level": null, "toilets_handwashing": null, "building": null, "name": "griyakoe pakem", "health_facility_bed": null }, "geometry": { "type": "Point", "coordinates": [ 110.4288317, -7.667774 ] } },
{ "type": "Feature", "properties": { "osm_id": 2703898294, "osm_type": "nodes", "office": "government", "government": null, "opening_hours": null, "health_facility_type": null, "status": null, "medical_system_western": null, "rooms": null, "toilets_disposal": null, "operator": null, "tourism": null, "operator_type": null, "amenity": null, "beds": null, "staff_count_doctors": null, "access": null, "staff_count_nurses": null, "health_facility_level": null, "toilets_handwashing": null, "building": null, "name": "Kantor Polsek Pakem", "health_facility_bed": null }, "geometry": { "type": "Point", "coordinates": [ 110.4213819, -7.6604977 ] } },
{ "type": "Feature", "properties": { "osm_id": 3254790968, "osm_type": "nodes", "office": "government", "government": null, "opening_hours": null, "health_facility_type": null, "status": null, "medical_system_western": null, "rooms": null, "toilets_disposal": null, "operator": null, "tourism": null, "operator_type": null, "amenity": null, "beds": null, "staff_count_doctors": null, "access": null, "staff_count_nurses": null, "health_facility_level": null, "toilets_handwashing": null, "building": "yes", "name": "Kantor Kecamatan Pakem", "health_facility_bed": null }, "geometry": { "type": "Point", "coordinates": [ 110.420063, -7.6672537 ] } },
{ "type": "Feature", "properties": { "osm_id": 10961473509, "osm_type": "nodes", "office": "government", "government": "administrative", "opening_hours": null, "health_facility_type": null, "status": null, "medical_system_western": null, "rooms": null, "toilets_disposal": null, "operator": null, "tourism": null, "operator_type": null, "amenity": null, "beds": null, "staff_count_doctors": null, "access": null, "staff_count_nurses": null, "health_facility_level": null, "toilets_handwashing": null, "building": null, "name": "Kantor Kelurahan Pakem Binangun", "health_facility_bed": null }, "geometry": { "type": "Point", "coordinates": [ 110.422, -7.6588 ] } },
{ "type": "Feature", "properties": { "osm_id": 1361166396, "osm_type": "nodes", "office": "government", "government": null, "opening_hours": null, "health_facility_type": null, "status": null, "medical_system_western": null, "rooms": null, "toilets_disposal": null, "operator": null, "tourism": null, "operator_type": null, "amenity": null, "beds": null, "staff_count_doctors": null, "access": null, "staff_count_nurses": null, "health_facility_level": null, "toilets_handwashing": null, "building": null, "name": "Badan Penanggulangan AIDS", "health_facility_bed": null }, "geometry": { "type": "Point", "coordinates": [ 110.3561652, -7.7182162 ] } },
{ "type": "Feature", "properties": { "osm_id": 1361166486, "osm_type": "nodes", "office": "government", "government": "prosecutor", "opening_hours": "Mo-Th 08:00-16:00, Fr 08:00-16:30", "health_facility_type": null, "status": null, "medical_system_western": null, "rooms": null, "toilets_disposal": null, "operator": "Instansi Pemerintah", "tourism": null, "operator_type": null, "amenity": null, "beds": null, "staff_count_doctors": null, "access": null, "staff_count_nurses": null, "health_facility_level": null, "toilets_handwashing": null, "building": null, "name": "Kejaksaan Negeri Sleman", "health_facility_bed": null }, "geometry": { "type": "Point", "coordinates": [ 110.3561789, -7.7157468 ] } },
{ "type": "Feature", "properties": { "osm_id": 1361184685, "osm_type": "nodes", "office": "government", "government": null, "opening_hours": null, "health_facility_type": null, "status": null, "medical_system_western": null, "rooms": null, "toilets_disposal": null, "operator": null, "tourism": null, "operator_type": null, "amenity": null, "beds": null, "staff_count_doctors": null, "access": null, "staff_count_nurses": null, "health_facility_level": null, "toilets_handwashing": null, "building": null, "name": "Dinas Pariwisata dan Kesenian", "health_facility_bed": null }, "geometry": { "type": "Point", "coordinates": [ 110.358303, -7.7207546 ] } },
{ "type": "Feature", "properties": { "osm_id": 1361170650, "osm_type": "nodes", "office": "government", "government": null, "opening_hours": null, "health_facility_type": null, "status": null, "medical_system_western": null, "rooms": null, "toilets_disposal": null, "operator": null, "tourism": null, "operator_type": null, "amenity": null, "beds": null, "staff_count_doctors": null, "access": null, "staff_count_nurses": null, "health_facility_level": null, "toilets_handwashing": null, "building": null, "name": "Badan Keluarga Berencana", "health_facility_bed": null }, "geometry": { "type": "Point", "coordinates": [ 110.3562045, -7.7190277 ] } },
{ "type": "Feature", "properties": { "osm_id": 1361158416, "osm_type": "nodes", "office": "government", "government": "administrative", "opening_hours": null, "health_facility_type": null, "status": null, "medical_system_western": null, "rooms": null, "toilets_disposal": null, "operator": null, "tourism": null, "operator_type": null, "amenity": null, "beds": null, "staff_count_doctors": null, "access": null, "staff_count_nurses": null, "health_facility_level": null, "toilets_handwashing": null, "building": null, "name": "Kantor Kepala Desa Tridadi", "health_facility_bed": null }, "geometry": { "type": "Point", "coordinates": [ 110.3565271, -7.7132234 ] } },
{ "type": "Feature", "properties": { "osm_id": 1361170595, "osm_type": "nodes", "office": "government", "government": "yes", "opening_hours": null, "health_facility_type": null, "status": null, "medical_system_western": null, "rooms": null, "toilets_disposal": null, "operator": null, "tourism": null, "operator_type": null, "amenity": null, "beds": null, "staff_count_doctors": null, "access": null, "staff_count_nurses": null, "health_facility_level": null, "toilets_handwashing": null, "building": null, "name": "Inspektorat Daerah", "health_facility_bed": null }, "geometry": { "type": "Point", "coordinates": [ 110.3561434, -7.7194409 ] } },
{ "type": "Feature", "properties": { "osm_id": 10961472695, "osm_type": "nodes", "office": "government", "government": "administrative", "opening_hours": null, "health_facility_type": null, "status": null, "medical_system_western": null, "rooms": null, "toilets_disposal": null, "operator": null, "tourism": null, "operator_type": null, "amenity": null, "beds": null, "staff_count_doctors": null, "access": null, "staff_count_nurses": null, "health_facility_level": null, "toilets_handwashing": null, "building": null, "name": "Kantor Kelurahan Tri Mulyo", "health_facility_bed": null }, "geometry": { "type": "Point", "coordinates": [ 110.3575, -7.6844 ] } },
{ "type": "Feature", "properties": { "osm_id": 10961475901, "osm_type": "nodes", "office": "government", "government": "administrative", "opening_hours": null, "health_facility_type": null, "status": null, "medical_system_western": null, "rooms": null, "toilets_disposal": null, "operator": null, "tourism": null, "operator_type": null, "amenity": null, "beds": null, "staff_count_doctors": null, "access": null, "staff_count_nurses": null, "health_facility_level": null, "toilets_handwashing": null, "building": null, "name": "Kantor Kelurahan Tridadi", "health_facility_bed": null }, "geometry": { "type": "Point", "coordinates": [ 110.3565, -7.7132 ] } },
{ "type": "Feature", "properties": { "osm_id": 10961478433, "osm_type": "nodes", "office": "government", "government": "administrative", "opening_hours": null, "health_facility_type": null, "status": null, "medical_system_western": null, "rooms": null, "toilets_disposal": null, "operator": null, "tourism": null, "operator_type": null, "amenity": null, "beds": null, "staff_count_doctors": null, "access": null, "staff_count_nurses": null, "health_facility_level": null, "toilets_handwashing": null, "building": null, "name": "Kantor Kelurahan Pandowo Harjo", "health_facility_bed": null }, "geometry": { "type": "Point", "coordinates": [ 110.3649, -7.7004 ] } },
{ "type": "Feature", "properties": { "osm_id": 1361170624, "osm_type": "nodes", "office": "government", "government": "healthcare", "opening_hours": null, "health_facility_type": null, "status": null, "medical_system_western": null, "rooms": null, "toilets_disposal": null, "operator": null, "tourism": null, "operator_type": null, "amenity": null, "beds": null, "staff_count_doctors": null, "access": null, "staff_count_nurses": null, "health_facility_level": null, "toilets_handwashing": null, "building": null, "name": "Dinas Kesehatan", "health_facility_bed": null }, "geometry": { "type": "Point", "coordinates": [ 110.3563469, -7.7185766 ] } },
{ "type": "Feature", "properties": { "osm_id": 1361175444, "osm_type": "nodes", "office": "government", "government": null, "opening_hours": null, "health_facility_type": null, "status": null, "medical_system_western": null, "rooms": null, "toilets_disposal": null, "operator": null, "tourism": null, "operator_type": null, "amenity": null, "beds": null, "staff_count_doctors": null, "access": null, "staff_count_nurses": null, "health_facility_level": null, "toilets_handwashing": null, "building": null, "name": "Dinas Sosial", "health_facility_bed": null }, "geometry": { "type": "Point", "coordinates": [ 110.3579073, -7.7189943 ] } },
{ "type": "Feature", "properties": { "osm_id": 1361187580, "osm_type": "nodes", "office": "government", "government": null, "opening_hours": null, "health_facility_type": null, "status": null, "medical_system_western": null, "rooms": null, "toilets_disposal": null, "operator": null, "tourism": null, "operator_type": null, "amenity": null, "beds": null, "staff_count_doctors": null, "access": null, "staff_count_nurses": null, "health_facility_level": null, "toilets_handwashing": null, "building": null, "name": "Kementrian Agama", "health_facility_bed": null }, "geometry": { "type": "Point", "coordinates": [ 110.3593119, -7.7197353 ] } },
{ "type": "Feature", "properties": { "osm_id": 11329164925, "osm_type": "nodes", "office": null, "government": null, "opening_hours": null, "health_facility_type": null, "status": null, "medical_system_western": null, "rooms": "24", "toilets_disposal": null, "operator": null, "tourism": "hotel", "operator_type": null, "amenity": null, "beds": null, "staff_count_doctors": null, "access": null, "staff_count_nurses": null, "health_facility_level": null, "toilets_handwashing": null, "building": null, "name": "Garrya Bianti Yogyakarta", "health_facility_bed": null }, "geometry": { "type": "Point", "coordinates": [ 110.3642997, -7.7088698 ] } },
{ "type": "Feature", "properties": { "osm_id": 10961471829, "osm_type": "nodes", "office": "government", "government": "administrative", "opening_hours": null, "health_facility_type": null, "status": null, "medical_system_western": null, "rooms": null, "toilets_disposal": null, "operator": null, "tourism": null, "operator_type": null, "amenity": null, "beds": null, "staff_count_doctors": null, "access": null, "staff_count_nurses": null, "health_facility_level": null, "toilets_handwashing": null, "building": null, "name": "Kantor Kelurahan Katongan", "health_facility_bed": null }, "geometry": { "type": "Point", "coordinates": [ 110.6356, -7.8629 ] } },
{ "type": "Feature", "properties": { "osm_id": 10961474363, "osm_type": "nodes", "office": "government", "government": "administrative", "opening_hours": null, "health_facility_type": null, "status": null, "medical_system_western": null, "rooms": null, "toilets_disposal": null, "operator": null, "tourism": null, "operator_type": null, "amenity": null, "beds": null, "staff_count_doctors": null, "access": null, "staff_count_nurses": null, "health_facility_level": null, "toilets_handwashing": null, "building": null, "name": "Kantor Kelurahan Pilang Rejo", "health_facility_bed": null }, "geometry": { "type": "Point", "coordinates": [ 110.6409, -7.8601 ] } },
{ "type": "Feature", "properties": { "osm_id": 10961472447, "osm_type": "nodes", "office": "government", "government": "administrative", "opening_hours": null, "health_facility_type": null, "status": null, "medical_system_western": null, "rooms": null, "toilets_disposal": null, "operator": null, "tourism": null, "operator_type": null, "amenity": null, "beds": null, "staff_count_doctors": null, "access": null, "staff_count_nurses": null, "health_facility_level": null, "toilets_handwashing": null, "building": null, "name": "Kantor Kelurahan Piyaman", "health_facility_bed": null }, "geometry": { "type": "Point", "coordinates": [ 110.5958, -7.94 ] } },
{ "type": "Feature", "properties": { "osm_id": 10961455254, "osm_type": "nodes", "office": "government", "government": "administrative", "opening_hours": null, "health_facility_type": null, "status": null, "medical_system_western": null, "rooms": null, "toilets_disposal": null, "operator": null, "tourism": null, "operator_type": null, "amenity": null, "beds": null, "staff_count_doctors": null, "access": null, "staff_count_nurses": null, "health_facility_level": null, "toilets_handwashing": null, "building": null, "name": "Kantor Kelurahan Pulutan", "health_facility_bed": null }, "geometry": { "type": "Point", "coordinates": [ 110.5639, -7.9722 ] } },
{ "type": "Feature", "properties": { "osm_id": 12090413130, "osm_type": "nodes", "office": null, "government": null, "opening_hours": null, "health_facility_type": null, "status": null, "medical_system_western": null, "rooms": null, "toilets_disposal": null, "operator": null, "tourism": "guest_house", "operator_type": null, "amenity": null, "beds": null, "staff_count_doctors": null, "access": null, "staff_count_nurses": null, "health_facility_level": null, "toilets_handwashing": null, "building": null, "name": "Omah Cangkringan", "health_facility_bed": null }, "geometry": { "type": "Point", "coordinates": [ 110.4446646, -7.6618773 ] } },
{ "type": "Feature", "properties": { "osm_id": 10961478578, "osm_type": "nodes", "office": "government", "government": "administrative", "opening_hours": null, "health_facility_type": null, "status": null, "medical_system_western": null, "rooms": null, "toilets_disposal": null, "operator": null, "tourism": null, "operator_type": null, "amenity": null, "beds": null, "staff_count_doctors": null, "access": null, "staff_count_nurses": null, "health_facility_level": null, "toilets_handwashing": null, "building": null, "name": "Kantor Kelurahan Wukir Sari", "health_facility_bed": null }, "geometry": { "type": "Point", "coordinates": [ 110.4438, -7.658 ] } },
{ "type": "Feature", "properties": { "osm_id": 9740803879, "osm_type": "nodes", "office": null, "government": null, "opening_hours": null, "health_facility_type": null, "status": null, "medical_system_western": null, "rooms": null, "toilets_disposal": null, "operator": null, "tourism": "guest_house", "operator_type": null, "amenity": null, "beds": null, "staff_count_doctors": null, "access": null, "staff_count_nurses": null, "health_facility_level": null, "toilets_handwashing": null, "building": null, "name": "Clarista Homestay", "health_facility_bed": null }, "geometry": { "type": "Point", "coordinates": [ 110.4519743, -7.7370423 ] } },
{ "type": "Feature", "properties": { "osm_id": 7684491914, "osm_type": "nodes", "office": "government", "government": "ministry", "opening_hours": "Mo-Fr 08:00-16:30", "health_facility_type": null, "status": null, "medical_system_western": null, "rooms": null, "toilets_disposal": null, "operator": null, "tourism": null, "operator_type": null, "amenity": null, "beds": null, "staff_count_doctors": null, "access": null, "staff_count_nurses": null, "health_facility_level": null, "toilets_handwashing": null, "building": null, "name": "BBPPKS", "health_facility_bed": null }, "geometry": { "type": "Point", "coordinates": [ 110.4506453, -7.7433237 ] } },
{ "type": "Feature", "properties": { "osm_id": 7528388785, "osm_type": "nodes", "office": null, "government": null, "opening_hours": null, "health_facility_type": null, "status": null, "medical_system_western": null, "rooms": null, "toilets_disposal": null, "operator": null, "tourism": "hostel", "operator_type": null, "amenity": null, "beds": null, "staff_count_doctors": null, "access": null, "staff_count_nurses": null, "health_facility_level": null, "toilets_handwashing": null, "building": null, "name": "Kos Abu Abu", "health_facility_bed": null }, "geometry": { "type": "Point", "coordinates": [ 110.4513688, -7.7399821 ] } },
{ "type": "Feature", "properties": { "osm_id": 9671827938, "osm_type": "nodes", "office": null, "government": null, "opening_hours": null, "health_facility_type": null, "status": null, "medical_system_western": null, "rooms": null, "toilets_disposal": null, "operator": null, "tourism": "hotel", "operator_type": null, "amenity": null, "beds": null, "staff_count_doctors": null, "access": null, "staff_count_nurses": null, "health_facility_level": null, "toilets_handwashing": null, "building": null, "name": "Ndalem Jogja Cupuwatu", "health_facility_bed": null }, "geometry": { "type": "Point", "coordinates": [ 110.452178, -7.7738264 ] } },
{ "type": "Feature", "properties": { "osm_id": 10961478392, "osm_type": "nodes", "office": "government", "government": "administrative", "opening_hours": null, "health_facility_type": null, "status": null, "medical_system_western": null, "rooms": null, "toilets_disposal": null, "operator": null, "tourism": null, "operator_type": null, "amenity": null, "beds": null, "staff_count_doctors": null, "access": null, "staff_count_nurses": null, "health_facility_level": null, "toilets_handwashing": null, "building": null, "name": "Kantor Kelurahan Selo Martani", "health_facility_bed": null }, "geometry": { "type": "Point", "coordinates": [ 110.4603, -7.7321 ] } },
{ "type": "Feature", "properties": { "osm_id": 10961471542, "osm_type": "nodes", "office": "government", "government": "administrative", "opening_hours": null, "health_facility_type": null, "status": null, "medical_system_western": null, "rooms": null, "toilets_disposal": null, "operator": null, "tourism": null, "operator_type": null, "amenity": null, "beds": null, "staff_count_doctors": null, "access": null, "staff_count_nurses": null, "health_facility_level": null, "toilets_handwashing": null, "building": null, "name": "Kantor Kelurahan Sampang", "health_facility_bed": null }, "geometry": { "type": "Point", "coordinates": [ 110.58, -7.8 ] } },
{ "type": "Feature", "properties": { "osm_id": 10961472881, "osm_type": "nodes", "office": "government", "government": "administrative", "opening_hours": null, "health_facility_type": null, "status": null, "medical_system_western": null, "rooms": null, "toilets_disposal": null, "operator": null, "tourism": null, "operator_type": null, "amenity": null, "beds": null, "staff_count_doctors": null, "access": null, "staff_count_nurses": null, "health_facility_level": null, "toilets_handwashing": null, "building": null, "name": "Kantor Kelurahan Terbah", "health_facility_bed": null }, "geometry": { "type": "Point", "coordinates": [ 110.5596993, -7.820332 ] } },
{ "type": "Feature", "properties": { "osm_id": 11874507249, "osm_type": "nodes", "office": null, "government": null, "opening_hours": null, "health_facility_type": null, "status": null, "medical_system_western": null, "rooms": null, "toilets_disposal": null, "operator": null, "tourism": null, "operator_type": null, "amenity": "hospital", "beds": null, "staff_count_doctors": null, "access": null, "staff_count_nurses": null, "health_facility_level": null, "toilets_handwashing": null, "building": null, "name": "grahita indonesia jogja", "health_facility_bed": null }, "geometry": { "type": "Point", "coordinates": [ 110.3937875, -7.7262356 ] } },
{ "type": "Feature", "properties": { "osm_id": 11262662737, "osm_type": "nodes", "office": null, "government": null, "opening_hours": null, "health_facility_type": null, "status": null, "medical_system_western": null, "rooms": null, "toilets_disposal": null, "operator": null, "tourism": "guest_house", "operator_type": null, "amenity": null, "beds": null, "staff_count_doctors": null, "access": null, "staff_count_nurses": null, "health_facility_level": null, "toilets_handwashing": null, "building": null, "name": "Masjid As Sunnah", "health_facility_bed": null }, "geometry": { "type": "Point", "coordinates": [ 110.4167281, -7.7137055 ] } },
{ "type": "Feature", "properties": { "osm_id": 11079716670, "osm_type": "nodes", "office": null, "government": null, "opening_hours": null, "health_facility_type": null, "status": null, "medical_system_western": null, "rooms": null, "toilets_disposal": null, "operator": null, "tourism": "guest_house", "operator_type": null, "amenity": null, "beds": null, "staff_count_doctors": null, "access": null, "staff_count_nurses": null, "health_facility_level": null, "toilets_handwashing": null, "building": null, "name": "PK-B4", "health_facility_bed": null }, "geometry": { "type": "Point", "coordinates": [ 110.3952784, -7.7287135 ] } },
{ "type": "Feature", "properties": { "osm_id": 13704675092, "osm_type": "nodes", "office": "government", "government": null, "opening_hours": null, "health_facility_type": null, "status": null, "medical_system_western": null, "rooms": null, "toilets_disposal": null, "operator": null, "tourism": null, "operator_type": null, "amenity": null, "beds": null, "staff_count_doctors": null, "access": null, "staff_count_nurses": null, "health_facility_level": null, "toilets_handwashing": null, "building": null, "name": "Gedung Serba Guna Sinduharjo", "health_facility_bed": null }, "geometry": { "type": "Point", "coordinates": [ 110.405059, -7.7182145 ] } },
{ "type": "Feature", "properties": { "osm_id": 10961471316, "osm_type": "nodes", "office": "government", "government": "administrative", "opening_hours": null, "health_facility_type": null, "status": null, "medical_system_western": null, "rooms": null, "toilets_disposal": null, "operator": null, "tourism": null, "operator_type": null, "amenity": null, "beds": null, "staff_count_doctors": null, "access": null, "staff_count_nurses": null, "health_facility_level": null, "toilets_handwashing": null, "building": null, "name": "Kantor Kelurahan Sinduharjo", "health_facility_bed": null }, "geometry": { "type": "Point", "coordinates": [ 110.4049, -7.7181 ] } },
{ "type": "Feature", "properties": { "osm_id": 10961478919, "osm_type": "nodes", "office": "government", "government": "administrative", "opening_hours": null, "health_facility_type": null, "status": null, "medical_system_western": null, "rooms": null, "toilets_disposal": null, "operator": null, "tourism": null, "operator_type": null, "amenity": null, "beds": null, "staff_count_doctors": null, "access": null, "staff_count_nurses": null, "health_facility_level": null, "toilets_handwashing": null, "building": null, "name": "Kantor Kelurahan Sardonoharjo", "health_facility_bed": null }, "geometry": { "type": "Point", "coordinates": [ 110.4006, -7.7238 ] } },
{ "type": "Feature", "properties": { "osm_id": 13681519317, "osm_type": "nodes", "office": null, "government": null, "opening_hours": null, "health_facility_type": null, "status": null, "medical_system_western": null, "rooms": null, "toilets_disposal": null, "operator": null, "tourism": "hotel", "operator_type": null, "amenity": null, "beds": null, "staff_count_doctors": null, "access": null, "staff_count_nurses": null, "health_facility_level": null, "toilets_handwashing": null, "building": null, "name": "Shayana Villa", "health_facility_bed": null }, "geometry": { "type": "Point", "coordinates": [ 110.3984546, -7.723345 ] } },
{ "type": "Feature", "properties": { "osm_id": 13685665031, "osm_type": "nodes", "office": null, "government": null, "opening_hours": null, "health_facility_type": null, "status": null, "medical_system_western": null, "rooms": null, "toilets_disposal": null, "operator": null, "tourism": "hotel", "operator_type": null, "amenity": null, "beds": null, "staff_count_doctors": null, "access": null, "staff_count_nurses": null, "health_facility_level": null, "toilets_handwashing": null, "building": null, "name": "Pintu Barat Kos Griya Putri Nareswari (Kos Muslimah Exclusive)", "health_facility_bed": null }, "geometry": { "type": "Point", "coordinates": [ 110.3992544, -7.7246582 ] } },
{ "type": "Feature", "properties": { "osm_id": 13704725103, "osm_type": "nodes", "office": "government", "government": null, "opening_hours": null, "health_facility_type": null, "status": null, "medical_system_western": null, "rooms": null, "toilets_disposal": null, "operator": null, "tourism": null, "operator_type": null, "amenity": null, "beds": null, "staff_count_doctors": null, "access": null, "staff_count_nurses": null, "health_facility_level": null, "toilets_handwashing": null, "building": null, "name": "UPT Pelayanan Pendidikan Kecamatan Ngaglik", "health_facility_bed": null }, "geometry": { "type": "Point", "coordinates": [ 110.4007409, -7.7243411 ] } },
{ "type": "Feature", "properties": { "osm_id": 13685665029, "osm_type": "nodes", "office": null, "government": null, "opening_hours": null, "health_facility_type": null, "status": null, "medical_system_western": null, "rooms": null, "toilets_disposal": null, "operator": null, "tourism": "hotel", "operator_type": null, "amenity": null, "beds": null, "staff_count_doctors": null, "access": null, "staff_count_nurses": null, "health_facility_level": null, "toilets_handwashing": null, "building": null, "name": "Kost Putri Salsabila", "health_facility_bed": null }, "geometry": { "type": "Point", "coordinates": [ 110.3999998, -7.7241355 ] } },
{ "type": "Feature", "properties": { "osm_id": 13685698805, "osm_type": "nodes", "office": null, "government": null, "opening_hours": null, "health_facility_type": null, "status": null, "medical_system_western": null, "rooms": null, "toilets_disposal": null, "operator": null, "tourism": "hotel", "operator_type": null, "amenity": null, "beds": null, "staff_count_doctors": null, "access": null, "staff_count_nurses": null, "health_facility_level": null, "toilets_handwashing": null, "building": null, "name": "Kos Putri", "health_facility_bed": null }, "geometry": { "type": "Point", "coordinates": [ 110.3981508, -7.7249987 ] } },
{ "type": "Feature", "properties": { "osm_id": 4114148391, "osm_type": "nodes", "office": null, "government": null, "opening_hours": null, "health_facility_type": null, "status": null, "medical_system_western": null, "rooms": null, "toilets_disposal": null, "operator": null, "tourism": null, "operator_type": null, "amenity": "hospital", "beds": null, "staff_count_doctors": null, "access": null, "staff_count_nurses": null, "health_facility_level": null, "toilets_handwashing": null, "building": null, "name": "apotek kimia farma", "health_facility_bed": null }, "geometry": { "type": "Point", "coordinates": [ 110.373712, -7.7444637 ] } },
{ "type": "Feature", "properties": { "osm_id": 9818970770, "osm_type": "nodes", "office": null, "government": null, "opening_hours": null, "health_facility_type": null, "status": null, "medical_system_western": null, "rooms": null, "toilets_disposal": null, "operator": null, "tourism": "hotel", "operator_type": null, "amenity": null, "beds": null, "staff_count_doctors": null, "access": null, "staff_count_nurses": null, "health_facility_level": null, "toilets_handwashing": null, "building": null, "name": "OYO 1829 Zaira House", "health_facility_bed": null }, "geometry": { "type": "Point", "coordinates": [ 110.372736, -7.7368999 ] } },
{ "type": "Feature", "properties": { "osm_id": 1654208565, "osm_type": "nodes", "office": null, "government": null, "opening_hours": null, "health_facility_type": null, "status": null, "medical_system_western": null, "rooms": null, "toilets_disposal": null, "operator": null, "tourism": "hotel", "operator_type": null, "amenity": null, "beds": null, "staff_count_doctors": null, "access": null, "staff_count_nurses": null, "health_facility_level": null, "toilets_handwashing": null, "building": null, "name": "Rumah Mertua", "health_facility_bed": null }, "geometry": { "type": "Point", "coordinates": [ 110.3687121, -7.7408272 ] } },
{ "type": "Feature", "properties": { "osm_id": 3557508868, "osm_type": "nodes", "office": null, "government": null, "opening_hours": null, "health_facility_type": null, "status": null, "medical_system_western": null, "rooms": null, "toilets_disposal": null, "operator": null, "tourism": "hotel", "operator_type": null, "amenity": null, "beds": null, "staff_count_doctors": null, "access": null, "staff_count_nurses": null, "health_facility_level": null, "toilets_handwashing": null, "building": null, "name": "Hyatt Regency", "health_facility_bed": null }, "geometry": { "type": "Point", "coordinates": [ 110.3734285, -7.7409592 ] } },
{ "type": "Feature", "properties": { "osm_id": 5251324939, "osm_type": "nodes", "office": null, "government": null, "opening_hours": null, "health_facility_type": null, "status": null, "medical_system_western": null, "rooms": null, "toilets_disposal": null, "operator": null, "tourism": null, "operator_type": null, "amenity": "hospital", "beds": null, "staff_count_doctors": null, "access": null, "staff_count_nurses": null, "health_facility_level": null, "toilets_handwashing": null, "building": null, "name": "Apotek Jongkang", "health_facility_bed": null }, "geometry": { "type": "Point", "coordinates": [ 110.3722805, -7.7482207 ] } },
{ "type": "Feature", "properties": { "osm_id": 5243957704, "osm_type": "nodes", "office": null, "government": null, "opening_hours": null, "health_facility_type": null, "status": null, "medical_system_western": null, "rooms": null, "toilets_disposal": null, "operator": null, "tourism": "guest_house", "operator_type": null, "amenity": null, "beds": null, "staff_count_doctors": null, "access": null, "staff_count_nurses": null, "health_facility_level": null, "toilets_handwashing": null, "building": null, "name": "Omah Kaleva Syariah", "health_facility_bed": null }, "geometry": { "type": "Point", "coordinates": [ 110.3716567, -7.7427823 ] } },
{ "type": "Feature", "properties": { "osm_id": 10261917733, "osm_type": "nodes", "office": null, "government": null, "opening_hours": null, "health_facility_type": null, "status": null, "medical_system_western": null, "rooms": null, "toilets_disposal": null, "operator": null, "tourism": "guest_house", "operator_type": null, "amenity": null, "beds": null, "staff_count_doctors": null, "access": null, "staff_count_nurses": null, "health_facility_level": null, "toilets_handwashing": null, "building": null, "name": "Ndalem Prataman", "health_facility_bed": null }, "geometry": { "type": "Point", "coordinates": [ 110.3710787, -7.7427198 ] } },
{ "type": "Feature", "properties": { "osm_id": 1652969654, "osm_type": "nodes", "office": null, "government": null, "opening_hours": null, "health_facility_type": null, "status": null, "medical_system_western": null, "rooms": null, "toilets_disposal": null, "operator": null, "tourism": "hotel", "operator_type": null, "amenity": null, "beds": null, "staff_count_doctors": null, "access": null, "staff_count_nurses": null, "health_facility_level": null, "toilets_handwashing": null, "building": null, "name": "Villa Hanis", "health_facility_bed": null }, "geometry": { "type": "Point", "coordinates": [ 110.3771558, -7.7327152 ] } },
{ "type": "Feature", "properties": { "osm_id": 10961477054, "osm_type": "nodes", "office": "government", "government": "administrative", "opening_hours": null, "health_facility_type": null, "status": null, "medical_system_western": null, "rooms": null, "toilets_disposal": null, "operator": null, "tourism": null, "operator_type": null, "amenity": null, "beds": null, "staff_count_doctors": null, "access": null, "staff_count_nurses": null, "health_facility_level": null, "toilets_handwashing": null, "building": null, "name": "Kantor Kelurahan Sari Harjo", "health_facility_bed": null }, "geometry": { "type": "Point", "coordinates": [ 110.3808, -7.7249 ] } },
{ "type": "Feature", "properties": { "osm_id": 10961473117, "osm_type": "nodes", "office": "government", "government": "administrative", "opening_hours": null, "health_facility_type": null, "status": null, "medical_system_western": null, "rooms": null, "toilets_disposal": null, "operator": null, "tourism": null, "operator_type": null, "amenity": null, "beds": null, "staff_count_doctors": null, "access": null, "staff_count_nurses": null, "health_facility_level": null, "toilets_handwashing": null, "building": null, "name": "Kantor Kelurahan Selang", "health_facility_bed": null }, "geometry": { "type": "Point", "coordinates": [ 110.6203, -7.9675 ] } },
{ "type": "Feature", "properties": { "osm_id": 10961477331, "osm_type": "nodes", "office": "government", "government": "administrative", "opening_hours": null, "health_facility_type": null, "status": null, "medical_system_western": null, "rooms": null, "toilets_disposal": null, "operator": null, "tourism": null, "operator_type": null, "amenity": null, "beds": null, "staff_count_doctors": null, "access": null, "staff_count_nurses": null, "health_facility_level": null, "toilets_handwashing": null, "building": null, "name": "Kantor Kelurahan Semanu", "health_facility_bed": null }, "geometry": { "type": "Point", "coordinates": [ 110.6502, -7.9966 ] } },
{ "type": "Feature", "properties": { "osm_id": 9751906945, "osm_type": "nodes", "office": null, "government": null, "opening_hours": null, "health_facility_type": null, "status": null, "medical_system_western": null, "rooms": null, "toilets_disposal": null, "operator": null, "tourism": null, "operator_type": null, "amenity": "hospital", "beds": null, "staff_count_doctors": null, "access": null, "staff_count_nurses": null, "health_facility_level": null, "toilets_handwashing": null, "building": null, "name": "RSU Pelita Husada", "health_facility_bed": null }, "geometry": { "type": "Point", "coordinates": [ 110.6320452, -7.9891432 ] } },
{ "type": "Feature", "properties": { "osm_id": 1847997726, "osm_type": "nodes", "office": null, "government": null, "opening_hours": null, "health_facility_type": null, "status": null, "medical_system_western": null, "rooms": null, "toilets_disposal": null, "operator": null, "tourism": "hotel", "operator_type": null, "amenity": null, "beds": null, "staff_count_doctors": null, "access": null, "staff_count_nurses": null, "health_facility_level": null, "toilets_handwashing": null, "building": null, "name": "Hotel Melati", "health_facility_bed": null }, "geometry": { "type": "Point", "coordinates": [ 110.3625482, -7.7502036 ] } },
{ "type": "Feature", "properties": { "osm_id": 1363549056, "osm_type": "nodes", "office": "government", "government": null, "opening_hours": null, "health_facility_type": null, "status": null, "medical_system_western": null, "rooms": null, "toilets_disposal": null, "operator": null, "tourism": null, "operator_type": null, "amenity": null, "beds": null, "staff_count_doctors": null, "access": null, "staff_count_nurses": null, "health_facility_level": null, "toilets_handwashing": null, "building": null, "name": "BKN", "health_facility_bed": null }, "geometry": { "type": "Point", "coordinates": [ 110.3635191, -7.7387957 ] } },
{ "type": "Feature", "properties": { "osm_id": 1847978909, "osm_type": "nodes", "office": null, "government": null, "opening_hours": null, "health_facility_type": null, "status": null, "medical_system_western": null, "rooms": null, "toilets_disposal": null, "operator": null, "tourism": "hotel", "operator_type": null, "amenity": null, "beds": null, "staff_count_doctors": null, "access": null, "staff_count_nurses": null, "health_facility_level": null, "toilets_handwashing": null, "building": null, "name": "Hotel Graha Buana", "health_facility_bed": null }, "geometry": { "type": "Point", "coordinates": [ 110.3622581, -7.7436528 ] } },
{ "type": "Feature", "properties": { "osm_id": 10961472511, "osm_type": "nodes", "office": "government", "government": "administrative", "opening_hours": null, "health_facility_type": null, "status": null, "medical_system_western": null, "rooms": null, "toilets_disposal": null, "operator": null, "tourism": null, "operator_type": null, "amenity": null, "beds": null, "staff_count_doctors": null, "access": null, "staff_count_nurses": null, "health_facility_level": null, "toilets_handwashing": null, "building": null, "name": "Kantor Kelurahan Sendangadi", "health_facility_bed": null }, "geometry": { "type": "Point", "coordinates": [ 110.3626, -7.7369 ] } },
{ "type": "Feature", "properties": { "osm_id": 1361175450, "osm_type": "nodes", "office": "government", "government": null, "opening_hours": null, "health_facility_type": null, "status": null, "medical_system_western": null, "rooms": null, "toilets_disposal": null, "operator": null, "tourism": null, "operator_type": null, "amenity": null, "beds": null, "staff_count_doctors": null, "access": null, "staff_count_nurses": null, "health_facility_level": null, "toilets_handwashing": null, "building": null, "name": "Dinas Pasar", "health_facility_bed": null }, "geometry": { "type": "Point", "coordinates": [ 110.3559197, -7.719713 ] } },
{ "type": "Feature", "properties": { "osm_id": 10961473942, "osm_type": "nodes", "office": "government", "government": "administrative", "opening_hours": null, "health_facility_type": null, "status": null, "medical_system_western": null, "rooms": null, "toilets_disposal": null, "operator": null, "tourism": null, "operator_type": null, "amenity": null, "beds": null, "staff_count_doctors": null, "access": null, "staff_count_nurses": null, "health_facility_level": null, "toilets_handwashing": null, "building": null, "name": "Kantor Kelurahan Sendangagung", "health_facility_bed": null }, "geometry": { "type": "Point", "coordinates": [ 110.2344, -7.7266 ] } },
{ "type": "Feature", "properties": { "osm_id": 10961472078, "osm_type": "nodes", "office": "government", "government": "administrative", "opening_hours": null, "health_facility_type": null, "status": null, "medical_system_western": null, "rooms": null, "toilets_disposal": null, "operator": null, "tourism": null, "operator_type": null, "amenity": null, "beds": null, "staff_count_doctors": null, "access": null, "staff_count_nurses": null, "health_facility_level": null, "toilets_handwashing": null, "building": null, "name": "Kantor Kelurahan Sendang Mulyo", "health_facility_bed": null }, "geometry": { "type": "Point", "coordinates": [ 110.232, -7.7425 ] } },
{ "type": "Feature", "properties": { "osm_id": 10961474613, "osm_type": "nodes", "office": "government", "government": "administrative", "opening_hours": null, "health_facility_type": null, "status": null, "medical_system_western": null, "rooms": null, "toilets_disposal": null, "operator": null, "tourism": null, "operator_type": null, "amenity": null, "beds": null, "staff_count_doctors": null, "access": null, "staff_count_nurses": null, "health_facility_level": null, "toilets_handwashing": null, "building": null, "name": "Kantor Kelurahan Sendang Arum", "health_facility_bed": null }, "geometry": { "type": "Point", "coordinates": [ 110.255, -7.7436 ] } },
{ "type": "Feature", "properties": { "osm_id": 5232757821, "osm_type": "nodes", "office": null, "government": null, "opening_hours": "24/7", "health_facility_type": null, "status": null, "medical_system_western": null, "rooms": null, "toilets_disposal": null, "operator": null, "tourism": "hostel", "operator_type": null, "amenity": null, "beds": null, "staff_count_doctors": null, "access": null, "staff_count_nurses": null, "health_facility_level": null, "toilets_handwashing": null, "building": null, "name": "Gado gado BNB", "health_facility_bed": null }, "geometry": { "type": "Point", "coordinates": [ 110.2321983, -7.7514683 ] } },
{ "type": "Feature", "properties": { "osm_id": 10961471409, "osm_type": "nodes", "office": "government", "government": "administrative", "opening_hours": null, "health_facility_type": null, "status": null, "medical_system_western": null, "rooms": null, "toilets_disposal": null, "operator": null, "tourism": null, "operator_type": null, "amenity": null, "beds": null, "staff_count_doctors": null, "access": null, "staff_count_nurses": null, "health_facility_level": null, "toilets_handwashing": null, "building": null, "name": "Kantor Kelurahan Sendangsari", "health_facility_bed": null }, "geometry": { "type": "Point", "coordinates": [ 110.2591, -7.7133 ] } },
{ "type": "Feature", "properties": { "osm_id": 10961477146, "osm_type": "nodes", "office": "government", "government": "administrative", "opening_hours": null, "health_facility_type": null, "status": null, "medical_system_western": null, "rooms": null, "toilets_disposal": null, "operator": null, "tourism": null, "operator_type": null, "amenity": null, "beds": null, "staff_count_doctors": null, "access": null, "staff_count_nurses": null, "health_facility_level": null, "toilets_handwashing": null, "building": null, "name": "Kantor Kelurahan Sendang Rejo", "health_facility_bed": null }, "geometry": { "type": "Point", "coordinates": [ 110.2663, -7.7255 ] } },
{ "type": "Feature", "properties": { "osm_id": 13550954577, "osm_type": "nodes", "office": "government", "government": null, "opening_hours": null, "health_facility_type": null, "status": null, "medical_system_western": null, "rooms": null, "toilets_disposal": null, "operator": null, "tourism": null, "operator_type": null, "amenity": null, "beds": null, "staff_count_doctors": null, "access": null, "staff_count_nurses": null, "health_facility_level": null, "toilets_handwashing": null, "building": null, "name": "KUA Minggir", "health_facility_bed": null }, "geometry": { "type": "Point", "coordinates": [ 110.2655779, -7.728108 ] } },
{ "type": "Feature", "properties": { "osm_id": 3601814241, "osm_type": "nodes", "office": "government", "government": "yes", "opening_hours": null, "health_facility_type": null, "status": null, "medical_system_western": null, "rooms": null, "toilets_disposal": null, "operator": null, "tourism": null, "operator_type": null, "amenity": null, "beds": null, "staff_count_doctors": null, "access": null, "staff_count_nurses": null, "health_facility_level": null, "toilets_handwashing": null, "building": null, "name": "Kantor Sementara Koramil Gedangsari", "health_facility_bed": null }, "geometry": { "type": "Point", "coordinates": [ 110.5493699, -7.7958701 ] } },
{ "type": "Feature", "properties": { "osm_id": 3601814243, "osm_type": "nodes", "office": "government", "government": "yes", "opening_hours": null, "health_facility_type": null, "status": null, "medical_system_western": null, "rooms": null, "toilets_disposal": null, "operator": null, "tourism": null, "operator_type": null, "amenity": null, "beds": null, "staff_count_doctors": null, "access": null, "staff_count_nurses": null, "health_facility_level": null, "toilets_handwashing": null, "building": null, "name": "Kantor Desa Serut", "health_facility_bed": null }, "geometry": { "type": "Point", "coordinates": [ 110.5498364, -7.7922184 ] } },
{ "type": "Feature", "properties": { "osm_id": 10961475139, "osm_type": "nodes", "office": "government", "government": "administrative", "opening_hours": null, "health_facility_type": null, "status": null, "medical_system_western": null, "rooms": null, "toilets_disposal": null, "operator": null, "tourism": null, "operator_type": null, "amenity": null, "beds": null, "staff_count_doctors": null, "access": null, "staff_count_nurses": null, "health_facility_level": null, "toilets_handwashing": null, "building": null, "name": "Kantor Kelurahan Tegal Panggung", "health_facility_bed": null }, "geometry": { "type": "Point", "coordinates": [ 110.5726, -7.7907 ] } },
{ "type": "Feature", "properties": { "osm_id": 10961473563, "osm_type": "nodes", "office": "government", "government": "administrative", "opening_hours": null, "health_facility_type": null, "status": null, "medical_system_western": null, "rooms": null, "toilets_disposal": null, "operator": null, "tourism": null, "operator_type": null, "amenity": null, "beds": null, "staff_count_doctors": null, "access": null, "staff_count_nurses": null, "health_facility_level": null, "toilets_handwashing": null, "building": null, "name": "Kantor Kelurahan Sidoagung", "health_facility_bed": null }, "geometry": { "type": "Point", "coordinates": [ 110.2939, -7.7678 ] } },
{ "type": "Feature", "properties": { "osm_id": 11875191688, "osm_type": "nodes", "office": null, "government": null, "opening_hours": null, "health_facility_type": null, "status": null, "medical_system_western": null, "rooms": null, "toilets_disposal": null, "operator": null, "tourism": null, "operator_type": null, "amenity": "hospital", "beds": null, "staff_count_doctors": null, "access": null, "staff_count_nurses": null, "health_facility_level": null, "toilets_handwashing": null, "building": null, "name": "Biro Konsultasi Psikologi PARIPURNA Yogyakarta", "health_facility_bed": null }, "geometry": { "type": "Point", "coordinates": [ 110.3062511, -7.7738367 ] } },
{ "type": "Feature", "properties": { "osm_id": 11875162815, "osm_type": "nodes", "office": null, "government": null, "opening_hours": null, "health_facility_type": null, "status": null, "medical_system_western": null, "rooms": null, "toilets_disposal": null, "operator": null, "tourism": null, "operator_type": null, "amenity": "hospital", "beds": null, "staff_count_doctors": null, "access": null, "staff_count_nurses": null, "health_facility_level": null, "toilets_handwashing": null, "building": null, "name": "Praktik Psikolog Nadia", "health_facility_bed": null }, "geometry": { "type": "Point", "coordinates": [ 110.3222196, -7.7785173 ] } },
{ "type": "Feature", "properties": { "osm_id": 10961472893, "osm_type": "nodes", "office": "government", "government": "administrative", "opening_hours": null, "health_facility_type": null, "status": null, "medical_system_western": null, "rooms": null, "toilets_disposal": null, "operator": null, "tourism": null, "operator_type": null, "amenity": null, "beds": null, "staff_count_doctors": null, "access": null, "staff_count_nurses": null, "health_facility_level": null, "toilets_handwashing": null, "building": null, "name": "Kantor Kelurahan Sidomoyo", "health_facility_bed": null }, "geometry": { "type": "Point", "coordinates": [ 110.3205, -7.764 ] } },
{ "type": "Feature", "properties": { "osm_id": 10961475033, "osm_type": "nodes", "office": "government", "government": "administrative", "opening_hours": null, "health_facility_type": null, "status": null, "medical_system_western": null, "rooms": null, "toilets_disposal": null, "operator": null, "tourism": null, "operator_type": null, "amenity": null, "beds": null, "staff_count_doctors": null, "access": null, "staff_count_nurses": null, "health_facility_level": null, "toilets_handwashing": null, "building": null, "name": "Kantor Kelurahan Sidoharjo", "health_facility_bed": null }, "geometry": { "type": "Point", "coordinates": [ 110.63, -8.09 ] } },
{ "type": "Feature", "properties": { "osm_id": 10961479299, "osm_type": "nodes", "office": "government", "government": "administrative", "opening_hours": null, "health_facility_type": null, "status": null, "medical_system_western": null, "rooms": null, "toilets_disposal": null, "operator": null, "tourism": null, "operator_type": null, "amenity": null, "beds": null, "staff_count_doctors": null, "access": null, "staff_count_nurses": null, "health_facility_level": null, "toilets_handwashing": null, "building": null, "name": "Kantor Kelurahan Sidomulyo", "health_facility_bed": null }, "geometry": { "type": "Point", "coordinates": [ 110.2936, -7.7811 ] } },
{ "type": "Feature", "properties": { "osm_id": 10961476097, "osm_type": "nodes", "office": "government", "government": "administrative", "opening_hours": null, "health_facility_type": null, "status": null, "medical_system_western": null, "rooms": null, "toilets_disposal": null, "operator": null, "tourism": null, "operator_type": null, "amenity": null, "beds": null, "staff_count_doctors": null, "access": null, "staff_count_nurses": null, "health_facility_level": null, "toilets_handwashing": null, "building": null, "name": "Kantor Kelurahan Sidokarto", "health_facility_bed": null }, "geometry": { "type": "Point", "coordinates": [ 110.3042, -7.7769 ] } },
{ "type": "Feature", "properties": { "osm_id": 10961471330, "osm_type": "nodes", "office": "government", "government": "administrative", "opening_hours": null, "health_facility_type": null, "status": null, "medical_system_western": null, "rooms": null, "toilets_disposal": null, "operator": null, "tourism": null, "operator_type": null, "amenity": null, "beds": null, "staff_count_doctors": null, "access": null, "staff_count_nurses": null, "health_facility_level": null, "toilets_handwashing": null, "building": null, "name": "Kantor Kelurahan Nguneng", "health_facility_bed": null }, "geometry": { "type": "Point", "coordinates": [ 110.2708, -7.7639 ] } },
{ "type": "Feature", "properties": { "osm_id": 10961474231, "osm_type": "nodes", "office": "government", "government": "administrative", "opening_hours": null, "health_facility_type": null, "status": null, "medical_system_western": null, "rooms": null, "toilets_disposal": null, "operator": null, "tourism": null, "operator_type": null, "amenity": null, "beds": null, "staff_count_doctors": null, "access": null, "staff_count_nurses": null, "health_facility_level": null, "toilets_handwashing": null, "building": null, "name": "Kantor Kelurahan Sidorejo", "health_facility_bed": null }, "geometry": { "type": "Point", "coordinates": [ 110.2672, -7.7613 ] } },
{ "type": "Feature", "properties": { "osm_id": 12357538058, "osm_type": "nodes", "office": null, "government": null, "opening_hours": null, "health_facility_type": null, "status": null, "medical_system_western": null, "rooms": null, "toilets_disposal": null, "operator": "Juan", "tourism": "guest_house", "operator_type": null, "amenity": null, "beds": null, "staff_count_doctors": null, "access": null, "staff_count_nurses": null, "health_facility_level": null, "toilets_handwashing": null, "building": null, "name": "Kos Putri Kenyo Ayu", "health_facility_bed": null }, "geometry": { "type": "Point", "coordinates": [ 110.3654124, -7.7593012 ] } },
{ "type": "Feature", "properties": { "osm_id": 12357538065, "osm_type": "nodes", "office": null, "government": null, "opening_hours": null, "health_facility_type": null, "status": null, "medical_system_western": null, "rooms": null, "toilets_disposal": null, "operator": "Juan", "tourism": "guest_house", "operator_type": null, "amenity": null, "beds": null, "staff_count_doctors": null, "access": null, "staff_count_nurses": null, "health_facility_level": null, "toilets_handwashing": null, "building": null, "name": "Tree Residence", "health_facility_bed": null }, "geometry": { "type": "Point", "coordinates": [ 110.3657468, -7.757985 ] } },
{ "type": "Feature", "properties": { "osm_id": 12357538063, "osm_type": "nodes", "office": null, "government": null, "opening_hours": null, "health_facility_type": null, "status": null, "medical_system_western": null, "rooms": null, "toilets_disposal": null, "operator": "Juan", "tourism": "guest_house", "operator_type": null, "amenity": null, "beds": null, "staff_count_doctors": null, "access": null, "staff_count_nurses": null, "health_facility_level": null, "toilets_handwashing": null, "building": null, "name": "Kos Atap Biru", "health_facility_bed": null }, "geometry": { "type": "Point", "coordinates": [ 110.3660415, -7.7587437 ] } },
{ "type": "Feature", "properties": { "osm_id": 10961475045, "osm_type": "nodes", "office": "government", "government": "administrative", "opening_hours": null, "health_facility_type": null, "status": null, "medical_system_western": null, "rooms": null, "toilets_disposal": null, "operator": null, "tourism": null, "operator_type": null, "amenity": null, "beds": null, "staff_count_doctors": null, "access": null, "staff_count_nurses": null, "health_facility_level": null, "toilets_handwashing": null, "building": null, "name": "Kantor Kelurahan Sinduadi", "health_facility_bed": null }, "geometry": { "type": "Point", "coordinates": [ 110.3623, -7.7672 ] } },
{ "type": "Feature", "properties": { "osm_id": 3422669469, "osm_type": "nodes", "office": null, "government": null, "opening_hours": null, "health_facility_type": null, "status": null, "medical_system_western": null, "rooms": null, "toilets_disposal": null, "operator": null, "tourism": "hostel", "operator_type": null, "amenity": null, "beds": null, "staff_count_doctors": null, "access": null, "staff_count_nurses": null, "health_facility_level": null, "toilets_handwashing": null, "building": null, "name": "kos", "health_facility_bed": null }, "geometry": { "type": "Point", "coordinates": [ 110.3618923, -7.7612182 ] } },
{ "type": "Feature", "properties": { "osm_id": 3713079501, "osm_type": "nodes", "office": "government", "government": "yes", "opening_hours": null, "health_facility_type": null, "status": null, "medical_system_western": null, "rooms": null, "toilets_disposal": null, "operator": null, "tourism": null, "operator_type": null, "amenity": null, "beds": null, "staff_count_doctors": null, "access": null, "staff_count_nurses": null, "health_facility_level": null, "toilets_handwashing": null, "building": null, "name": "TVRI Stasiun Yogyakarta", "health_facility_bed": null }, "geometry": { "type": "Point", "coordinates": [ 110.3619908, -7.7651057 ] } },
{ "type": "Feature", "properties": { "osm_id": 12357632947, "osm_type": "nodes", "office": null, "government": null, "opening_hours": null, "health_facility_type": null, "status": null, "medical_system_western": null, "rooms": null, "toilets_disposal": null, "operator": null, "tourism": "guest_house", "operator_type": null, "amenity": null, "beds": null, "staff_count_doctors": null, "access": null, "staff_count_nurses": null, "health_facility_level": null, "toilets_handwashing": null, "building": null, "name": "Kos Pak Sambudi", "health_facility_bed": null }, "geometry": { "type": "Point", "coordinates": [ 110.3649909, -7.754296 ] } },
{ "type": "Feature", "properties": { "osm_id": 12357632952, "osm_type": "nodes", "office": null, "government": null, "opening_hours": null, "health_facility_type": null, "status": null, "medical_system_western": null, "rooms": null, "toilets_disposal": null, "operator": null, "tourism": "guest_house", "operator_type": null, "amenity": null, "beds": null, "staff_count_doctors": null, "access": null, "staff_count_nurses": null, "health_facility_level": null, "toilets_handwashing": null, "building": null, "name": "Kedai Makan Edelweyz", "health_facility_bed": null }, "geometry": { "type": "Point", "coordinates": [ 110.3648927, -7.7544525 ] } },
{ "type": "Feature", "properties": { "osm_id": 12357632953, "osm_type": "nodes", "office": null, "government": null, "opening_hours": null, "health_facility_type": null, "status": null, "medical_system_western": null, "rooms": null, "toilets_disposal": null, "operator": null, "tourism": "guest_house", "operator_type": null, "amenity": null, "beds": null, "staff_count_doctors": null, "access": null, "staff_count_nurses": null, "health_facility_level": null, "toilets_handwashing": null, "building": null, "name": "KOS WIJAYA", "health_facility_bed": null }, "geometry": { "type": "Point", "coordinates": [ 110.3651646, -7.7543772 ] } },
{ "type": "Feature", "properties": { "osm_id": 12357632958, "osm_type": "nodes", "office": null, "government": null, "opening_hours": null, "health_facility_type": null, "status": null, "medical_system_western": null, "rooms": null, "toilets_disposal": null, "operator": null, "tourism": "guest_house", "operator_type": null, "amenity": null, "beds": null, "staff_count_doctors": null, "access": null, "staff_count_nurses": null, "health_facility_level": null, "toilets_handwashing": null, "building": null, "name": "Kos Pak Roso", "health_facility_bed": null }, "geometry": { "type": "Point", "coordinates": [ 110.365653, -7.7541993 ] } },
{ "type": "Feature", "properties": { "osm_id": 12357632970, "osm_type": "nodes", "office": null, "government": null, "opening_hours": null, "health_facility_type": null, "status": null, "medical_system_western": null, "rooms": null, "toilets_disposal": null, "operator": null, "tourism": "guest_house", "operator_type": null, "amenity": null, "beds": null, "staff_count_doctors": null, "access": null, "staff_count_nurses": null, "health_facility_level": null, "toilets_handwashing": null, "building": null, "name": "Kost Muslimah A3 Perum Mranggen Lama", "health_facility_bed": null }, "geometry": { "type": "Point", "coordinates": [ 110.3650238, -7.7548554 ] } },
{ "type": "Feature", "properties": { "osm_id": 12357632971, "osm_type": "nodes", "office": null, "government": null, "opening_hours": null, "health_facility_type": null, "status": null, "medical_system_western": null, "rooms": null, "toilets_disposal": null, "operator": null, "tourism": "guest_house", "operator_type": null, "amenity": null, "beds": null, "staff_count_doctors": null, "access": null, "staff_count_nurses": null, "health_facility_level": null, "toilets_handwashing": null, "building": null, "name": "Kost Yoyafir", "health_facility_bed": null }, "geometry": { "type": "Point", "coordinates": [ 110.3651771, -7.7548731 ] } },
{ "type": "Feature", "properties": { "osm_id": 12357632976, "osm_type": "nodes", "office": null, "government": null, "opening_hours": null, "health_facility_type": null, "status": null, "medical_system_western": null, "rooms": null, "toilets_disposal": null, "operator": null, "tourism": "guest_house", "operator_type": null, "amenity": null, "beds": null, "staff_count_doctors": null, "access": null, "staff_count_nurses": null, "health_facility_level": null, "toilets_handwashing": null, "building": null, "name": "Mranggen Mansion", "health_facility_bed": null }, "geometry": { "type": "Point", "coordinates": [ 110.3656003, -7.7551957 ] } },
{ "type": "Feature", "properties": { "osm_id": 12357671704, "osm_type": "nodes", "office": null, "government": null, "opening_hours": null, "health_facility_type": null, "status": null, "medical_system_western": null, "rooms": null, "toilets_disposal": null, "operator": null, "tourism": "guest_house", "operator_type": null, "amenity": null, "beds": null, "staff_count_doctors": null, "access": null, "staff_count_nurses": null, "health_facility_level": null, "toilets_handwashing": null, "building": null, "name": "paviliun laris mulya", "health_facility_bed": null }, "geometry": { "type": "Point", "coordinates": [ 110.3661755, -7.7568418 ] } },
{ "type": "Feature", "properties": { "osm_id": 12357642464, "osm_type": "nodes", "office": null, "government": null, "opening_hours": null, "health_facility_type": null, "status": null, "medical_system_western": null, "rooms": null, "toilets_disposal": null, "operator": null, "tourism": "guest_house", "operator_type": null, "amenity": null, "beds": null, "staff_count_doctors": null, "access": null, "staff_count_nurses": null, "health_facility_level": null, "toilets_handwashing": null, "building": null, "name": "penginapan dgs suplier", "health_facility_bed": null }, "geometry": { "type": "Point", "coordinates": [ 110.3657777, -7.7553993 ] } },
{ "type": "Feature", "properties": { "osm_id": 12357642467, "osm_type": "nodes", "office": null, "government": null, "opening_hours": null, "health_facility_type": null, "status": null, "medical_system_western": null, "rooms": null, "toilets_disposal": null, "operator": null, "tourism": "guest_house", "operator_type": null, "amenity": null, "beds": null, "staff_count_doctors": null, "access": null, "staff_count_nurses": null, "health_facility_level": null, "toilets_handwashing": null, "building": null, "name": "kontrakan bulu bulu", "health_facility_bed": null }, "geometry": { "type": "Point", "coordinates": [ 110.3661036, -7.7575049 ] } },
{ "type": "Feature", "properties": { "osm_id": 12357642468, "osm_type": "nodes", "office": null, "government": null, "opening_hours": null, "health_facility_type": null, "status": null, "medical_system_western": null, "rooms": null, "toilets_disposal": null, "operator": null, "tourism": "guest_house", "operator_type": null, "amenity": null, "beds": null, "staff_count_doctors": null, "access": null, "staff_count_nurses": null, "health_facility_level": null, "toilets_handwashing": null, "building": null, "name": "kontrakan mbak pur", "health_facility_bed": null }, "geometry": { "type": "Point", "coordinates": [ 110.366124, -7.7573828 ] } },
{ "type": "Feature", "properties": { "osm_id": 12357642477, "osm_type": "nodes", "office": null, "government": null, "opening_hours": null, "health_facility_type": null, "status": null, "medical_system_western": null, "rooms": null, "toilets_disposal": null, "operator": null, "tourism": "guest_house", "operator_type": null, "amenity": null, "beds": null, "staff_count_doctors": null, "access": null, "staff_count_nurses": null, "health_facility_level": null, "toilets_handwashing": null, "building": null, "name": "ndalem susilo", "health_facility_bed": null }, "geometry": { "type": "Point", "coordinates": [ 110.3648799, -7.7552078 ] } },
{ "type": "Feature", "properties": { "osm_id": 12357642493, "osm_type": "nodes", "office": null, "government": null, "opening_hours": null, "health_facility_type": null, "status": null, "medical_system_western": null, "rooms": null, "toilets_disposal": null, "operator": null, "tourism": "guest_house", "operator_type": null, "amenity": null, "beds": null, "staff_count_doctors": null, "access": null, "staff_count_nurses": null, "health_facility_level": null, "toilets_handwashing": null, "building": null, "name": "athome kost", "health_facility_bed": null }, "geometry": { "type": "Point", "coordinates": [ 110.3662293, -7.7561724 ] } },
{ "type": "Feature", "properties": { "osm_id": 12357671702, "osm_type": "nodes", "office": null, "government": null, "opening_hours": null, "health_facility_type": null, "status": null, "medical_system_western": null, "rooms": null, "toilets_disposal": null, "operator": null, "tourism": "guest_house", "operator_type": null, "amenity": null, "beds": null, "staff_count_doctors": null, "access": null, "staff_count_nurses": null, "health_facility_level": null, "toilets_handwashing": null, "building": null, "name": "homee 3p", "health_facility_bed": null }, "geometry": { "type": "Point", "coordinates": [ 110.3658216, -7.7572038 ] } },
{ "type": "Feature", "properties": { "osm_id": 12357578898, "osm_type": "nodes", "office": null, "government": null, "opening_hours": null, "health_facility_type": null, "status": null, "medical_system_western": null, "rooms": null, "toilets_disposal": null, "operator": null, "tourism": "guest_house", "operator_type": null, "amenity": null, "beds": null, "staff_count_doctors": null, "access": null, "staff_count_nurses": null, "health_facility_level": null, "toilets_handwashing": null, "building": null, "name": "Kost war Wur", "health_facility_bed": null }, "geometry": { "type": "Point", "coordinates": [ 110.3660848, -7.7512093 ] } },
{ "type": "Feature", "properties": { "osm_id": 12357612401, "osm_type": "nodes", "office": null, "government": null, "opening_hours": null, "health_facility_type": null, "status": null, "medical_system_western": null, "rooms": null, "toilets_disposal": null, "operator": null, "tourism": "guest_house", "operator_type": null, "amenity": null, "beds": null, "staff_count_doctors": null, "access": null, "staff_count_nurses": null, "health_facility_level": null, "toilets_handwashing": null, "building": null, "name": "Qos-ku 146", "health_facility_bed": null }, "geometry": { "type": "Point", "coordinates": [ 110.3663314, -7.7523395 ] } },
{ "type": "Feature", "properties": { "osm_id": 12357612414, "osm_type": "nodes", "office": null, "government": null, "opening_hours": null, "health_facility_type": null, "status": null, "medical_system_western": null, "rooms": null, "toilets_disposal": null, "operator": null, "tourism": "guest_house", "operator_type": null, "amenity": null, "beds": null, "staff_count_doctors": null, "access": null, "staff_count_nurses": null, "health_facility_level": null, "toilets_handwashing": null, "building": null, "name": "Kos Lingga Luvi", "health_facility_bed": null }, "geometry": { "type": "Point", "coordinates": [ 110.3652834, -7.7531254 ] } },
{ "type": "Feature", "properties": { "osm_id": 12357612415, "osm_type": "nodes", "office": null, "government": null, "opening_hours": null, "health_facility_type": null, "status": null, "medical_system_western": null, "rooms": null, "toilets_disposal": null, "operator": null, "tourism": "guest_house", "operator_type": null, "amenity": null, "beds": null, "staff_count_doctors": null, "access": null, "staff_count_nurses": null, "health_facility_level": null, "toilets_handwashing": null, "building": null, "name": "SUKA KOST", "health_facility_bed": null }, "geometry": { "type": "Point", "coordinates": [ 110.3660193, -7.7531441 ] } },
{ "type": "Feature", "properties": { "osm_id": 12357538041, "osm_type": "nodes", "office": null, "government": null, "opening_hours": null, "health_facility_type": null, "status": null, "medical_system_western": null, "rooms": null, "toilets_disposal": null, "operator": null, "tourism": "guest_house", "operator_type": null, "amenity": null, "beds": null, "staff_count_doctors": null, "access": null, "staff_count_nurses": null, "health_facility_level": null, "toilets_handwashing": null, "building": null, "name": "Guest House Aster", "health_facility_bed": null }, "geometry": { "type": "Point", "coordinates": [ 110.3631882, -7.758662 ] } },
{ "type": "Feature", "properties": { "osm_id": 12357538043, "osm_type": "nodes", "office": null, "government": null, "opening_hours": null, "health_facility_type": null, "status": null, "medical_system_western": null, "rooms": null, "toilets_disposal": null, "operator": null, "tourism": "guest_house", "operator_type": null, "amenity": null, "beds": null, "staff_count_doctors": null, "access": null, "staff_count_nurses": null, "health_facility_level": null, "toilets_handwashing": null, "building": null, "name": "Kost Kataji", "health_facility_bed": null }, "geometry": { "type": "Point", "coordinates": [ 110.3641162, -7.7608957 ] } },
{ "type": "Feature", "properties": { "osm_id": 12357538051, "osm_type": "nodes", "office": null, "government": null, "opening_hours": null, "health_facility_type": null, "status": null, "medical_system_western": null, "rooms": null, "toilets_disposal": null, "operator": null, "tourism": "guest_house", "operator_type": null, "amenity": null, "beds": null, "staff_count_doctors": null, "access": null, "staff_count_nurses": null, "health_facility_level": null, "toilets_handwashing": null, "building": null, "name": "Kos Putra", "health_facility_bed": null }, "geometry": { "type": "Point", "coordinates": [ 110.3637851, -7.7603845 ] } },
{ "type": "Feature", "properties": { "osm_id": 12357538055, "osm_type": "nodes", "office": null, "government": null, "opening_hours": null, "health_facility_type": null, "status": null, "medical_system_western": null, "rooms": null, "toilets_disposal": null, "operator": null, "tourism": "guest_house", "operator_type": null, "amenity": null, "beds": null, "staff_count_doctors": null, "access": null, "staff_count_nurses": null, "health_facility_level": null, "toilets_handwashing": null, "building": null, "name": "Kos Alfariz Megamnedung", "health_facility_bed": null }, "geometry": { "type": "Point", "coordinates": [ 110.3643345, -7.7589154 ] } },
{ "type": "Feature", "properties": { "osm_id": 12357538056, "osm_type": "nodes", "office": null, "government": null, "opening_hours": null, "health_facility_type": null, "status": null, "medical_system_western": null, "rooms": null, "toilets_disposal": null, "operator": null, "tourism": "guest_house", "operator_type": null, "amenity": null, "beds": null, "staff_count_doctors": null, "access": null, "staff_count_nurses": null, "health_facility_level": null, "toilets_handwashing": null, "building": null, "name": "Kos Putra ar-Razzan", "health_facility_bed": null }, "geometry": { "type": "Point", "coordinates": [ 110.3646141, -7.7588733 ] } },
{ "type": "Feature", "properties": { "osm_id": 12357538057, "osm_type": "nodes", "office": null, "government": null, "opening_hours": null, "health_facility_type": null, "status": null, "medical_system_western": null, "rooms": null, "toilets_disposal": null, "operator": null, "tourism": "guest_house", "operator_type": null, "amenity": null, "beds": null, "staff_count_doctors": null, "access": null, "staff_count_nurses": null, "health_facility_level": null, "toilets_handwashing": null, "building": null, "name": "Kos Putra Jaya Laza", "health_facility_bed": null }, "geometry": { "type": "Point", "coordinates": [ 110.3656726, -7.7593464 ] } },
{ "type": "Feature", "properties": { "osm_id": 12357538061, "osm_type": "nodes", "office": null, "government": null, "opening_hours": null, "health_facility_type": null, "status": null, "medical_system_western": null, "rooms": null, "toilets_disposal": null, "operator": null, "tourism": "guest_house", "operator_type": null, "amenity": null, "beds": null, "staff_count_doctors": null, "access": null, "staff_count_nurses": null, "health_facility_level": null, "toilets_handwashing": null, "building": null, "name": "Homestay Podhomor", "health_facility_bed": null }, "geometry": { "type": "Point", "coordinates": [ 110.3652947, -7.7581508 ] } },
{ "type": "Feature", "properties": { "osm_id": 12357628724, "osm_type": "nodes", "office": null, "government": null, "opening_hours": null, "health_facility_type": null, "status": null, "medical_system_western": null, "rooms": null, "toilets_disposal": null, "operator": null, "tourism": "guest_house", "operator_type": null, "amenity": null, "beds": null, "staff_count_doctors": null, "access": null, "staff_count_nurses": null, "health_facility_level": null, "toilets_handwashing": null, "building": null, "name": "Griya Garfita Mranggen", "health_facility_bed": null }, "geometry": { "type": "Point", "coordinates": [ 110.3640628, -7.7577056 ] } },
{ "type": "Feature", "properties": { "osm_id": 12357595298, "osm_type": "nodes", "office": null, "government": null, "opening_hours": null, "health_facility_type": null, "status": null, "medical_system_western": null, "rooms": null, "toilets_disposal": null, "operator": null, "tourism": "guest_house", "operator_type": null, "amenity": null, "beds": null, "staff_count_doctors": null, "access": null, "staff_count_nurses": null, "health_facility_level": null, "toilets_handwashing": null, "building": null, "name": "Bale Tradian Homestay", "health_facility_bed": null }, "geometry": { "type": "Point", "coordinates": [ 110.3643703, -7.7558358 ] } },
{ "type": "Feature", "properties": { "osm_id": 12357647002, "osm_type": "nodes", "office": null, "government": null, "opening_hours": null, "health_facility_type": null, "status": null, "medical_system_western": null, "rooms": null, "toilets_disposal": null, "operator": null, "tourism": "guest_house", "operator_type": null, "amenity": null, "beds": null, "staff_count_doctors": null, "access": null, "staff_count_nurses": null, "health_facility_level": null, "toilets_handwashing": null, "building": null, "name": "Kos Putra & Paviliun Oma", "health_facility_bed": null }, "geometry": { "type": "Point", "coordinates": [ 110.3651861, -7.7562717 ] } },
{ "type": "Feature", "properties": { "osm_id": 12357566596, "osm_type": "nodes", "office": null, "government": null, "opening_hours": null, "health_facility_type": null, "status": null, "medical_system_western": null, "rooms": null, "toilets_disposal": null, "operator": null, "tourism": "guest_house", "operator_type": null, "amenity": null, "beds": null, "staff_count_doctors": null, "access": null, "staff_count_nurses": null, "health_facility_level": null, "toilets_handwashing": null, "building": null, "name": "TAJUGLORO.", "health_facility_bed": null }, "geometry": { "type": "Point", "coordinates": [ 110.3661795, -7.7508424 ] } },
{ "type": "Feature", "properties": { "osm_id": 12298770182, "osm_type": "nodes", "office": null, "government": null, "opening_hours": null, "health_facility_type": null, "status": null, "medical_system_western": null, "rooms": null, "toilets_disposal": null, "operator": null, "tourism": "hotel", "operator_type": null, "amenity": null, "beds": null, "staff_count_doctors": null, "access": null, "staff_count_nurses": null, "health_facility_level": null, "toilets_handwashing": null, "building": null, "name": null, "health_facility_bed": null }, "geometry": { "type": "Point", "coordinates": [ 110.3691071, -7.7570311 ] } },
{ "type": "Feature", "properties": { "osm_id": 12357578893, "osm_type": "nodes", "office": null, "government": null, "opening_hours": null, "health_facility_type": null, "status": null, "medical_system_western": null, "rooms": null, "toilets_disposal": null, "operator": null, "tourism": "guest_house", "operator_type": null, "amenity": null, "beds": null, "staff_count_doctors": null, "access": null, "staff_count_nurses": null, "health_facility_level": null, "toilets_handwashing": null, "building": null, "name": "Kost Bu Parni", "health_facility_bed": null }, "geometry": { "type": "Point", "coordinates": [ 110.3660708, -7.7522258 ] } },
{ "type": "Feature", "properties": { "osm_id": 12357647001, "osm_type": "nodes", "office": null, "government": null, "opening_hours": null, "health_facility_type": null, "status": null, "medical_system_western": null, "rooms": null, "toilets_disposal": null, "operator": null, "tourism": "guest_house", "operator_type": null, "amenity": null, "beds": null, "staff_count_doctors": null, "access": null, "staff_count_nurses": null, "health_facility_level": null, "toilets_handwashing": null, "building": null, "name": "Kos Pak Ngadirin", "health_facility_bed": null }, "geometry": { "type": "Point", "coordinates": [ 110.3648701, -7.7556263 ] } },
{ "type": "Feature", "properties": { "osm_id": 12357632954, "osm_type": "nodes", "office": null, "government": null, "opening_hours": null, "health_facility_type": null, "status": null, "medical_system_western": null, "rooms": null, "toilets_disposal": null, "operator": null, "tourism": "guest_house", "operator_type": null, "amenity": null, "beds": null, "staff_count_doctors": null, "access": null, "staff_count_nurses": null, "health_facility_level": null, "toilets_handwashing": null, "building": null, "name": "Kost Pak Rodjikin", "health_facility_bed": null }, "geometry": { "type": "Point", "coordinates": [ 110.3653993, -7.7542572 ] } },
{ "type": "Feature", "properties": { "osm_id": 12357632963, "osm_type": "nodes", "office": null, "government": null, "opening_hours": null, "health_facility_type": null, "status": null, "medical_system_western": null, "rooms": null, "toilets_disposal": null, "operator": null, "tourism": "guest_house", "operator_type": null, "amenity": null, "beds": null, "staff_count_doctors": null, "access": null, "staff_count_nurses": null, "health_facility_level": null, "toilets_handwashing": null, "building": null, "name": "JOS Bale", "health_facility_bed": null }, "geometry": { "type": "Point", "coordinates": [ 110.3661269, -7.754667 ] } },
{ "type": "Feature", "properties": { "osm_id": 12357642473, "osm_type": "nodes", "office": null, "government": null, "opening_hours": null, "health_facility_type": null, "status": null, "medical_system_western": null, "rooms": null, "toilets_disposal": null, "operator": null, "tourism": "guest_house", "operator_type": null, "amenity": null, "beds": null, "staff_count_doctors": null, "access": null, "staff_count_nurses": null, "health_facility_level": null, "toilets_handwashing": null, "building": null, "name": "kost putri msulimah azkayra", "health_facility_bed": null }, "geometry": { "type": "Point", "coordinates": [ 110.364529, -7.7551946 ] } },
{ "type": "Feature", "properties": { "osm_id": 12357642476, "osm_type": "nodes", "office": null, "government": null, "opening_hours": null, "health_facility_type": null, "status": null, "medical_system_western": null, "rooms": null, "toilets_disposal": null, "operator": null, "tourism": "guest_house", "operator_type": null, "amenity": null, "beds": null, "staff_count_doctors": null, "access": null, "staff_count_nurses": null, "health_facility_level": null, "toilets_handwashing": null, "building": null, "name": "kost bu prapto", "health_facility_bed": null }, "geometry": { "type": "Point", "coordinates": [ 110.3647832, -7.7551759 ] } },
{ "type": "Feature", "properties": { "osm_id": 12357642483, "osm_type": "nodes", "office": null, "government": null, "opening_hours": null, "health_facility_type": null, "status": null, "medical_system_western": null, "rooms": null, "toilets_disposal": null, "operator": null, "tourism": "guest_house", "operator_type": null, "amenity": null, "beds": null, "staff_count_doctors": null, "access": null, "staff_count_nurses": null, "health_facility_level": null, "toilets_handwashing": null, "building": null, "name": "zhafira kost kutu tegal", "health_facility_bed": null }, "geometry": { "type": "Point", "coordinates": [ 110.366377, -7.7558611 ] } },
{ "type": "Feature", "properties": { "osm_id": 12357642487, "osm_type": "nodes", "office": null, "government": null, "opening_hours": null, "health_facility_type": null, "status": null, "medical_system_western": null, "rooms": null, "toilets_disposal": null, "operator": null, "tourism": "guest_house", "operator_type": null, "amenity": null, "beds": null, "staff_count_doctors": null, "access": null, "staff_count_nurses": null, "health_facility_level": null, "toilets_handwashing": null, "building": null, "name": "bale tardian homestay", "health_facility_bed": null }, "geometry": { "type": "Point", "coordinates": [ 110.3643609, -7.7558216 ] } },
{ "type": "Feature", "properties": { "osm_id": 12357642491, "osm_type": "nodes", "office": null, "government": null, "opening_hours": null, "health_facility_type": null, "status": null, "medical_system_western": null, "rooms": null, "toilets_disposal": null, "operator": null, "tourism": "guest_house", "operator_type": null, "amenity": null, "beds": null, "staff_count_doctors": null, "access": null, "staff_count_nurses": null, "health_facility_level": null, "toilets_handwashing": null, "building": null, "name": "kost putri bintang", "health_facility_bed": null }, "geometry": { "type": "Point", "coordinates": [ 110.3660233, -7.7560024 ] } },
{ "type": "Feature", "properties": { "osm_id": 12357578894, "osm_type": "nodes", "office": null, "government": null, "opening_hours": null, "health_facility_type": null, "status": null, "medical_system_western": null, "rooms": null, "toilets_disposal": null, "operator": null, "tourism": "guest_house", "operator_type": null, "amenity": null, "beds": null, "staff_count_doctors": null, "access": null, "staff_count_nurses": null, "health_facility_level": null, "toilets_handwashing": null, "building": null, "name": "Kos Afi Julantari", "health_facility_bed": null }, "geometry": { "type": "Point", "coordinates": [ 110.3662312, -7.7522622 ] } },
{ "type": "Feature", "properties": { "osm_id": 12357612407, "osm_type": "nodes", "office": null, "government": null, "opening_hours": null, "health_facility_type": null, "status": null, "medical_system_western": null, "rooms": null, "toilets_disposal": null, "operator": null, "tourism": "guest_house", "operator_type": null, "amenity": null, "beds": null, "staff_count_doctors": null, "access": null, "staff_count_nurses": null, "health_facility_level": null, "toilets_handwashing": null, "building": null, "name": "Kost Candra", "health_facility_bed": null }, "geometry": { "type": "Point", "coordinates": [ 110.3654769, -7.7525756 ] } },
{ "type": "Feature", "properties": { "osm_id": 12357606617, "osm_type": "nodes", "office": null, "government": null, "opening_hours": null, "health_facility_type": null, "status": null, "medical_system_western": null, "rooms": null, "toilets_disposal": null, "operator": null, "tourism": "guest_house", "operator_type": null, "amenity": null, "beds": null, "staff_count_doctors": null, "access": null, "staff_count_nurses": null, "health_facility_level": null, "toilets_handwashing": null, "building": null, "name": "Kost Putri Bu Icuk", "health_facility_bed": null }, "geometry": { "type": "Point", "coordinates": [ 110.3650629, -7.7533702 ] } },
{ "type": "Feature", "properties": { "osm_id": 12357538048, "osm_type": "nodes", "office": null, "government": null, "opening_hours": null, "health_facility_type": null, "status": null, "medical_system_western": null, "rooms": null, "toilets_disposal": null, "operator": null, "tourism": "guest_house", "operator_type": null, "amenity": null, "beds": null, "staff_count_doctors": null, "access": null, "staff_count_nurses": null, "health_facility_level": null, "toilets_handwashing": null, "building": null, "name": "Kos Pintu Orange", "health_facility_bed": null }, "geometry": { "type": "Point", "coordinates": [ 110.36486, -7.761317 ] } },
{ "type": "Feature", "properties": { "osm_id": 12357538054, "osm_type": "nodes", "office": null, "government": null, "opening_hours": null, "health_facility_type": null, "status": null, "medical_system_western": null, "rooms": null, "toilets_disposal": null, "operator": null, "tourism": "guest_house", "operator_type": null, "amenity": null, "beds": null, "staff_count_doctors": null, "access": null, "staff_count_nurses": null, "health_facility_level": null, "toilets_handwashing": null, "building": null, "name": "Kos TISAGA", "health_facility_bed": null }, "geometry": { "type": "Point", "coordinates": [ 110.3640773, -7.758823 ] } },
{ "type": "Feature", "properties": { "osm_id": 12357538067, "osm_type": "nodes", "office": null, "government": null, "opening_hours": null, "health_facility_type": null, "status": null, "medical_system_western": null, "rooms": null, "toilets_disposal": null, "operator": null, "tourism": "guest_house", "operator_type": null, "amenity": null, "beds": null, "staff_count_doctors": null, "access": null, "staff_count_nurses": null, "health_facility_level": null, "toilets_handwashing": null, "building": null, "name": "Rumah Kirana", "health_facility_bed": null }, "geometry": { "type": "Point", "coordinates": [ 110.3660446, -7.7578693 ] } },
{ "type": "Feature", "properties": { "osm_id": 12357573602, "osm_type": "nodes", "office": null, "government": null, "opening_hours": null, "health_facility_type": null, "status": null, "medical_system_western": null, "rooms": null, "toilets_disposal": null, "operator": null, "tourism": "guest_house", "operator_type": null, "amenity": null, "beds": null, "staff_count_doctors": null, "access": null, "staff_count_nurses": null, "health_facility_level": null, "toilets_handwashing": null, "building": null, "name": "Kos Putra Bmth", "health_facility_bed": null }, "geometry": { "type": "Point", "coordinates": [ 110.3657217, -7.7515268 ] } },
{ "type": "Feature", "properties": { "osm_id": 12357566597, "osm_type": "nodes", "office": null, "government": null, "opening_hours": null, "health_facility_type": null, "status": null, "medical_system_western": null, "rooms": null, "toilets_disposal": null, "operator": null, "tourism": "guest_house", "operator_type": null, "amenity": null, "beds": null, "staff_count_doctors": null, "access": null, "staff_count_nurses": null, "health_facility_level": null, "toilets_handwashing": null, "building": null, "name": "Sugar Guest House 2", "health_facility_bed": null }, "geometry": { "type": "Point", "coordinates": [ 110.3661526, -7.7510517 ] } },
{ "type": "Feature", "properties": { "osm_id": 12357566600, "osm_type": "nodes", "office": null, "government": null, "opening_hours": null, "health_facility_type": null, "status": null, "medical_system_western": null, "rooms": null, "toilets_disposal": null, "operator": null, "tourism": "guest_house", "operator_type": null, "amenity": null, "beds": null, "staff_count_doctors": null, "access": null, "staff_count_nurses": null, "health_facility_level": null, "toilets_handwashing": null, "building": null, "name": "Kost JOMBRO", "health_facility_bed": null }, "geometry": { "type": "Point", "coordinates": [ 110.3653954, -7.7509555 ] } },
{ "type": "Feature", "properties": { "osm_id": 12298790416, "osm_type": "nodes", "office": null, "government": null, "opening_hours": null, "health_facility_type": null, "status": null, "medical_system_western": null, "rooms": null, "toilets_disposal": null, "operator": null, "tourism": null, "operator_type": null, "amenity": "hospital", "beds": null, "staff_count_doctors": null, "access": null, "staff_count_nurses": null, "health_facility_level": null, "toilets_handwashing": null, "building": null, "name": "Rumah Sakit Khusus Bedah (RSKB) Sinduadi", "health_facility_bed": null }, "geometry": { "type": "Point", "coordinates": [ 110.3633677, -7.7573565 ] } },
{ "type": "Feature", "properties": { "osm_id": 3492884193, "osm_type": "nodes", "office": null, "government": null, "opening_hours": null, "health_facility_type": null, "status": null, "medical_system_western": null, "rooms": null, "toilets_disposal": null, "operator": null, "tourism": "hotel", "operator_type": null, "amenity": null, "beds": null, "staff_count_doctors": null, "access": null, "staff_count_nurses": null, "health_facility_level": null, "toilets_handwashing": null, "building": null, "name": "Kangen Hotel", "health_facility_bed": null }, "geometry": { "type": "Point", "coordinates": [ 110.3619242, -7.753663 ] } },
{ "type": "Feature", "properties": { "osm_id": 1848000010, "osm_type": "nodes", "office": null, "government": null, "opening_hours": null, "health_facility_type": null, "status": null, "medical_system_western": null, "rooms": null, "toilets_disposal": null, "operator": null, "tourism": "hotel", "operator_type": null, "amenity": null, "beds": null, "staff_count_doctors": null, "access": null, "staff_count_nurses": null, "health_facility_level": null, "toilets_handwashing": null, "building": null, "name": "Sahid Rich Jogja Hotel", "health_facility_bed": null }, "geometry": { "type": "Point", "coordinates": [ 110.3611659, -7.7524293 ] } },
{ "type": "Feature", "properties": { "osm_id": 3557258300, "osm_type": "nodes", "office": null, "government": null, "opening_hours": null, "health_facility_type": null, "status": null, "medical_system_western": null, "rooms": null, "toilets_disposal": null, "operator": null, "tourism": "guest_house", "operator_type": null, "amenity": null, "beds": null, "staff_count_doctors": null, "access": null, "staff_count_nurses": null, "health_facility_level": null, "toilets_handwashing": null, "building": null, "name": "Griya Kalimantan", "health_facility_bed": null }, "geometry": { "type": "Point", "coordinates": [ 110.3606526, -7.7601889 ] } },
{ "type": "Feature", "properties": { "osm_id": 3557258299, "osm_type": "nodes", "office": null, "government": null, "opening_hours": null, "health_facility_type": null, "status": null, "medical_system_western": null, "rooms": null, "toilets_disposal": null, "operator": null, "tourism": "hotel", "operator_type": null, "amenity": null, "beds": null, "staff_count_doctors": null, "access": null, "staff_count_nurses": null, "health_facility_level": null, "toilets_handwashing": null, "building": null, "name": "Crystal Lotus Hotel Yogyakarta Managed by Prabu", "health_facility_bed": null }, "geometry": { "type": "Point", "coordinates": [ 110.3619963, -7.7607878 ] } },
{ "type": "Feature", "properties": { "osm_id": 12357612403, "osm_type": "nodes", "office": null, "government": null, "opening_hours": null, "health_facility_type": null, "status": null, "medical_system_western": null, "rooms": null, "toilets_disposal": null, "operator": null, "tourism": "guest_house", "operator_type": null, "amenity": null, "beds": null, "staff_count_doctors": null, "access": null, "staff_count_nurses": null, "health_facility_level": null, "toilets_handwashing": null, "building": null, "name": "Kost Bu Ndari", "health_facility_bed": null }, "geometry": { "type": "Point", "coordinates": [ 110.3663409, -7.7525484 ] } },
{ "type": "Feature", "properties": { "osm_id": 12357612406, "osm_type": "nodes", "office": null, "government": null, "opening_hours": null, "health_facility_type": null, "status": null, "medical_system_western": null, "rooms": null, "toilets_disposal": null, "operator": null, "tourism": "guest_house", "operator_type": null, "amenity": null, "beds": null, "staff_count_doctors": null, "access": null, "staff_count_nurses": null, "health_facility_level": null, "toilets_handwashing": null, "building": null, "name": "Kostan Bu Sugeng", "health_facility_bed": null }, "geometry": { "type": "Point", "coordinates": [ 110.3659988, -7.7525061 ] } },
{ "type": "Feature", "properties": { "osm_id": 12357612413, "osm_type": "nodes", "office": null, "government": null, "opening_hours": null, "health_facility_type": null, "status": null, "medical_system_western": null, "rooms": null, "toilets_disposal": null, "operator": null, "tourism": "guest_house", "operator_type": null, "amenity": null, "beds": null, "staff_count_doctors": null, "access": null, "staff_count_nurses": null, "health_facility_level": null, "toilets_handwashing": null, "building": null, "name": "RUMAH KOST PUTRI MELATI", "health_facility_bed": null }, "geometry": { "type": "Point", "coordinates": [ 110.3649767, -7.7530763 ] } },
{ "type": "Feature", "properties": { "osm_id": 12357612417, "osm_type": "nodes", "office": null, "government": null, "opening_hours": null, "health_facility_type": null, "status": null, "medical_system_western": null, "rooms": null, "toilets_disposal": null, "operator": null, "tourism": "guest_house", "operator_type": null, "amenity": null, "beds": null, "staff_count_doctors": null, "access": null, "staff_count_nurses": null, "health_facility_level": null, "toilets_handwashing": null, "building": null, "name": "Mess JCM", "health_facility_bed": null }, "geometry": { "type": "Point", "coordinates": [ 110.3660272, -7.7529245 ] } },
{ "type": "Feature", "properties": { "osm_id": 12357632957, "osm_type": "nodes", "office": null, "government": null, "opening_hours": null, "health_facility_type": null, "status": null, "medical_system_western": null, "rooms": null, "toilets_disposal": null, "operator": null, "tourism": "guest_house", "operator_type": null, "amenity": null, "beds": null, "staff_count_doctors": null, "access": null, "staff_count_nurses": null, "health_facility_level": null, "toilets_handwashing": null, "building": null, "name": "Kos Putra Ceria", "health_facility_bed": null }, "geometry": { "type": "Point", "coordinates": [ 110.3657095, -7.7545123 ] } },
{ "type": "Feature", "properties": { "osm_id": 12357632966, "osm_type": "nodes", "office": null, "government": null, "opening_hours": null, "health_facility_type": null, "status": null, "medical_system_western": null, "rooms": null, "toilets_disposal": null, "operator": null, "tourism": "guest_house", "operator_type": null, "amenity": null, "beds": null, "staff_count_doctors": null, "access": null, "staff_count_nurses": null, "health_facility_level": null, "toilets_handwashing": null, "building": null, "name": "Kost Rahayu (khusus Putri)", "health_facility_bed": null }, "geometry": { "type": "Point", "coordinates": [ 110.3656479, -7.7547703 ] } },
{ "type": "Feature", "properties": { "osm_id": 12357632977, "osm_type": "nodes", "office": null, "government": null, "opening_hours": null, "health_facility_type": null, "status": null, "medical_system_western": null, "rooms": null, "toilets_disposal": null, "operator": null, "tourism": "guest_house", "operator_type": null, "amenity": null, "beds": null, "staff_count_doctors": null, "access": null, "staff_count_nurses": null, "health_facility_level": null, "toilets_handwashing": null, "building": null, "name": "Kost Putri Eksklusif LA MAISON", "health_facility_bed": null }, "geometry": { "type": "Point", "coordinates": [ 110.3656788, -7.7552101 ] } },
{ "type": "Feature", "properties": { "osm_id": 12357632979, "osm_type": "nodes", "office": null, "government": null, "opening_hours": null, "health_facility_type": null, "status": null, "medical_system_western": null, "rooms": null, "toilets_disposal": null, "operator": null, "tourism": "guest_house", "operator_type": null, "amenity": null, "beds": null, "staff_count_doctors": null, "access": null, "staff_count_nurses": null, "health_facility_level": null, "toilets_handwashing": null, "building": null, "name": "Kost Putri Eksklusif Griya Anggrek 27", "health_facility_bed": null }, "geometry": { "type": "Point", "coordinates": [ 110.3661469, -7.7553057 ] } },
{ "type": "Feature", "properties": { "osm_id": 12357642472, "osm_type": "nodes", "office": null, "government": null, "opening_hours": null, "health_facility_type": null, "status": null, "medical_system_western": null, "rooms": null, "toilets_disposal": null, "operator": null, "tourism": "guest_house", "operator_type": null, "amenity": null, "beds": null, "staff_count_doctors": null, "access": null, "staff_count_nurses": null, "health_facility_level": null, "toilets_handwashing": null, "building": null, "name": "puri nastiti", "health_facility_bed": null }, "geometry": { "type": "Point", "coordinates": [ 110.3656172, -7.7557971 ] } },
{ "type": "Feature", "properties": { "osm_id": 12357642498, "osm_type": "nodes", "office": null, "government": null, "opening_hours": null, "health_facility_type": null, "status": null, "medical_system_western": null, "rooms": null, "toilets_disposal": null, "operator": null, "tourism": "guest_house", "operator_type": null, "amenity": null, "beds": null, "staff_count_doctors": null, "access": null, "staff_count_nurses": null, "health_facility_level": null, "toilets_handwashing": null, "building": null, "name": "kost pak suwardi", "health_facility_bed": null }, "geometry": { "type": "Point", "coordinates": [ 110.3654206, -7.7573637 ] } },
{ "type": "Feature", "properties": { "osm_id": 12357578900, "osm_type": "nodes", "office": null, "government": null, "opening_hours": null, "health_facility_type": null, "status": null, "medical_system_western": null, "rooms": null, "toilets_disposal": null, "operator": null, "tourism": "guest_house", "operator_type": null, "amenity": null, "beds": null, "staff_count_doctors": null, "access": null, "staff_count_nurses": null, "health_facility_level": null, "toilets_handwashing": null, "building": null, "name": "Wisma Haniyah", "health_facility_bed": null }, "geometry": { "type": "Point", "coordinates": [ 110.3663581, -7.7522574 ] } },
{ "type": "Feature", "properties": { "osm_id": 12357612402, "osm_type": "nodes", "office": null, "government": null, "opening_hours": null, "health_facility_type": null, "status": null, "medical_system_western": null, "rooms": null, "toilets_disposal": null, "operator": null, "tourism": "guest_house", "operator_type": null, "amenity": null, "beds": null, "staff_count_doctors": null, "access": null, "staff_count_nurses": null, "health_facility_level": null, "toilets_handwashing": null, "building": null, "name": "Kost Muslimah Rafania", "health_facility_bed": null }, "geometry": { "type": "Point", "coordinates": [ 110.3663339, -7.7524853 ] } },
{ "type": "Feature", "properties": { "osm_id": 12357612404, "osm_type": "nodes", "office": null, "government": null, "opening_hours": null, "health_facility_type": null, "status": null, "medical_system_western": null, "rooms": null, "toilets_disposal": null, "operator": null, "tourism": "guest_house", "operator_type": null, "amenity": null, "beds": null, "staff_count_doctors": null, "access": null, "staff_count_nurses": null, "health_facility_level": null, "toilets_handwashing": null, "building": null, "name": "Kos Mranggen", "health_facility_bed": null }, "geometry": { "type": "Point", "coordinates": [ 110.366295, -7.75277 ] } },
{ "type": "Feature", "properties": { "osm_id": 12357606618, "osm_type": "nodes", "office": null, "government": null, "opening_hours": null, "health_facility_type": null, "status": null, "medical_system_western": null, "rooms": null, "toilets_disposal": null, "operator": null, "tourism": "guest_house", "operator_type": null, "amenity": null, "beds": null, "staff_count_doctors": null, "access": null, "staff_count_nurses": null, "health_facility_level": null, "toilets_handwashing": null, "building": null, "name": "Kost Putra Arjuna Sinduadi", "health_facility_bed": null }, "geometry": { "type": "Point", "coordinates": [ 110.3653153, -7.7534592 ] } },
{ "type": "Feature", "properties": { "osm_id": 12357538040, "osm_type": "nodes", "office": null, "government": null, "opening_hours": null, "health_facility_type": null, "status": null, "medical_system_western": null, "rooms": null, "toilets_disposal": null, "operator": null, "tourism": "guest_house", "operator_type": null, "amenity": null, "beds": null, "staff_count_doctors": null, "access": null, "staff_count_nurses": null, "health_facility_level": null, "toilets_handwashing": null, "building": null, "name": "Red Doorz Near Jogja City Mall 4", "health_facility_bed": null }, "geometry": { "type": "Point", "coordinates": [ 110.363196, -7.7597817 ] } },
{ "type": "Feature", "properties": { "osm_id": 12357538049, "osm_type": "nodes", "office": null, "government": null, "opening_hours": null, "health_facility_type": null, "status": null, "medical_system_western": null, "rooms": null, "toilets_disposal": null, "operator": null, "tourism": "guest_house", "operator_type": null, "amenity": null, "beds": null, "staff_count_doctors": null, "access": null, "staff_count_nurses": null, "health_facility_level": null, "toilets_handwashing": null, "building": null, "name": "Ayla Homestay", "health_facility_bed": null }, "geometry": { "type": "Point", "coordinates": [ 110.3646256, -7.7610511 ] } },
{ "type": "Feature", "properties": { "osm_id": 12357538068, "osm_type": "nodes", "office": null, "government": null, "opening_hours": null, "health_facility_type": null, "status": null, "medical_system_western": null, "rooms": null, "toilets_disposal": null, "operator": null, "tourism": "guest_house", "operator_type": null, "amenity": null, "beds": null, "staff_count_doctors": null, "access": null, "staff_count_nurses": null, "health_facility_level": null, "toilets_handwashing": null, "building": null, "name": "Kos Putra Dinke Jogja", "health_facility_bed": null }, "geometry": { "type": "Point", "coordinates": [ 110.366263, -7.7575234 ] } },
{ "type": "Feature", "properties": { "osm_id": 4851278881, "osm_type": "nodes", "office": null, "government": null, "opening_hours": null, "health_facility_type": null, "status": null, "medical_system_western": null, "rooms": null, "toilets_disposal": null, "operator": "Prabu Management", "tourism": "hotel", "operator_type": null, "amenity": null, "beds": null, "staff_count_doctors": null, "access": null, "staff_count_nurses": null, "health_facility_level": null, "toilets_handwashing": null, "building": null, "name": "Crystal Lotus", "health_facility_bed": null }, "geometry": { "type": "Point", "coordinates": [ 110.3622608, -7.7593574 ] } },
{ "type": "Feature", "properties": { "osm_id": 3589549116, "osm_type": "nodes", "office": "government", "government": null, "opening_hours": null, "health_facility_type": null, "status": null, "medical_system_western": null, "rooms": null, "toilets_disposal": null, "operator": null, "tourism": null, "operator_type": null, "amenity": null, "beds": null, "staff_count_doctors": null, "access": null, "staff_count_nurses": null, "health_facility_level": null, "toilets_handwashing": null, "building": null, "name": "BPBD Gunungkidul", "health_facility_bed": null }, "geometry": { "type": "Point", "coordinates": [ 110.6040023, -7.96689 ] } },
{ "type": "Feature", "properties": { "osm_id": 11565843174, "osm_type": "nodes", "office": null, "government": null, "opening_hours": null, "health_facility_type": null, "status": null, "medical_system_western": null, "rooms": null, "toilets_disposal": null, "operator": null, "tourism": "guest_house", "operator_type": null, "amenity": null, "beds": null, "staff_count_doctors": null, "access": null, "staff_count_nurses": null, "health_facility_level": null, "toilets_handwashing": null, "building": null, "name": "Asrama B BBPPMPV Seni dan Budaya", "health_facility_bed": null }, "geometry": { "type": "Point", "coordinates": [ 110.4268776, -7.6982693 ] } },
{ "type": "Feature", "properties": { "osm_id": 11549921761, "osm_type": "nodes", "office": null, "government": null, "opening_hours": null, "health_facility_type": null, "status": null, "medical_system_western": null, "rooms": null, "toilets_disposal": null, "operator": null, "tourism": "guest_house", "operator_type": null, "amenity": null, "beds": null, "staff_count_doctors": null, "access": null, "staff_count_nurses": null, "health_facility_level": null, "toilets_handwashing": null, "building": null, "name": "Asrama A BBPPMPV Seni dan Budaya", "health_facility_bed": null }, "geometry": { "type": "Point", "coordinates": [ 110.427214, -7.6983502 ] } },
{ "type": "Feature", "properties": { "osm_id": 11549944472, "osm_type": "nodes", "office": null, "government": null, "opening_hours": null, "health_facility_type": null, "status": null, "medical_system_western": null, "rooms": null, "toilets_disposal": null, "operator": null, "tourism": "guest_house", "operator_type": null, "amenity": null, "beds": null, "staff_count_doctors": null, "access": null, "staff_count_nurses": null, "health_facility_level": null, "toilets_handwashing": null, "building": null, "name": "Asrama C BBPPMPV Seni dan Budaya", "health_facility_bed": null }, "geometry": { "type": "Point", "coordinates": [ 110.4269765, -7.6984896 ] } },
{ "type": "Feature", "properties": { "osm_id": 11290306669, "osm_type": "nodes", "office": null, "government": null, "opening_hours": null, "health_facility_type": null, "status": null, "medical_system_western": null, "rooms": null, "toilets_disposal": null, "operator": null, "tourism": "hostel", "operator_type": null, "amenity": null, "beds": null, "staff_count_doctors": null, "access": null, "staff_count_nurses": null, "health_facility_level": null, "toilets_handwashing": null, "building": null, "name": "WaitHozz", "health_facility_bed": null }, "geometry": { "type": "Point", "coordinates": [ 110.3424297, -7.7356915 ] } },
{ "type": "Feature", "properties": { "osm_id": 10225661691, "osm_type": "nodes", "office": null, "government": null, "opening_hours": null, "health_facility_type": null, "status": null, "medical_system_western": null, "rooms": null, "toilets_disposal": null, "operator": null, "tourism": "guest_house", "operator_type": null, "amenity": null, "beds": null, "staff_count_doctors": null, "access": null, "staff_count_nurses": null, "health_facility_level": null, "toilets_handwashing": null, "building": null, "name": "Rumah Popuri", "health_facility_bed": null }, "geometry": { "type": "Point", "coordinates": [ 110.3331115, -7.7330365 ] } },
{ "type": "Feature", "properties": { "osm_id": 10961474087, "osm_type": "nodes", "office": "government", "government": "administrative", "opening_hours": null, "health_facility_type": null, "status": null, "medical_system_western": null, "rooms": null, "toilets_disposal": null, "operator": null, "tourism": null, "operator_type": null, "amenity": null, "beds": null, "staff_count_doctors": null, "access": null, "staff_count_nurses": null, "health_facility_level": null, "toilets_handwashing": null, "building": null, "name": "Kantor Kelurahan Sumberadi", "health_facility_bed": null }, "geometry": { "type": "Point", "coordinates": [ 110.3286, -7.7194 ] } },
{ "type": "Feature", "properties": { "osm_id": 10961476621, "osm_type": "nodes", "office": "government", "government": "administrative", "opening_hours": null, "health_facility_type": null, "status": null, "medical_system_western": null, "rooms": null, "toilets_disposal": null, "operator": null, "tourism": null, "operator_type": null, "amenity": null, "beds": null, "staff_count_doctors": null, "access": null, "staff_count_nurses": null, "health_facility_level": null, "toilets_handwashing": null, "building": null, "name": "Kantor Kelurahan Tlogoadi", "health_facility_bed": null }, "geometry": { "type": "Point", "coordinates": [ 110.3325, -7.7317 ] } },
{ "type": "Feature", "properties": { "osm_id": 10961475282, "osm_type": "nodes", "office": "government", "government": "administrative", "opening_hours": null, "health_facility_type": null, "status": null, "medical_system_western": null, "rooms": null, "toilets_disposal": null, "operator": null, "tourism": null, "operator_type": null, "amenity": null, "beds": null, "staff_count_doctors": null, "access": null, "staff_count_nurses": null, "health_facility_level": null, "toilets_handwashing": null, "building": null, "name": "Kantor Kelurahan Sumber Agung", "health_facility_bed": null }, "geometry": { "type": "Point", "coordinates": [ 110.2592, -7.76 ] } },
{ "type": "Feature", "properties": { "osm_id": 10961477815, "osm_type": "nodes", "office": "government", "government": "administrative", "opening_hours": null, "health_facility_type": null, "status": null, "medical_system_western": null, "rooms": null, "toilets_disposal": null, "operator": null, "tourism": null, "operator_type": null, "amenity": null, "beds": null, "staff_count_doctors": null, "access": null, "staff_count_nurses": null, "health_facility_level": null, "toilets_handwashing": null, "building": null, "name": "Kantor Kelurahan Sumberarum", "health_facility_bed": null }, "geometry": { "type": "Point", "coordinates": [ 110.233, -7.7667 ] } },
{ "type": "Feature", "properties": { "osm_id": 10961473034, "osm_type": "nodes", "office": "government", "government": "administrative", "opening_hours": null, "health_facility_type": null, "status": null, "medical_system_western": null, "rooms": null, "toilets_disposal": null, "operator": null, "tourism": null, "operator_type": null, "amenity": null, "beds": null, "staff_count_doctors": null, "access": null, "staff_count_nurses": null, "health_facility_level": null, "toilets_handwashing": null, "building": null, "name": "Kantor Kelurahan Wukir Harjo", "health_facility_bed": null }, "geometry": { "type": "Point", "coordinates": [ 110.520203, -7.8107742 ] } },
{ "type": "Feature", "properties": { "osm_id": 10961477764, "osm_type": "nodes", "office": "government", "government": "administrative", "opening_hours": null, "health_facility_type": null, "status": null, "medical_system_western": null, "rooms": null, "toilets_disposal": null, "operator": null, "tourism": null, "operator_type": null, "amenity": null, "beds": null, "staff_count_doctors": null, "access": null, "staff_count_nurses": null, "health_facility_level": null, "toilets_handwashing": null, "building": null, "name": "Kantor Kelurahan Tambak Rejo", "health_facility_bed": null }, "geometry": { "type": "Point", "coordinates": [ 110.3017, -7.6836 ] } },
{ "type": "Feature", "properties": { "osm_id": 10961477566, "osm_type": "nodes", "office": "government", "government": "administrative", "opening_hours": null, "health_facility_type": null, "status": null, "medical_system_western": null, "rooms": null, "toilets_disposal": null, "operator": null, "tourism": null, "operator_type": null, "amenity": null, "beds": null, "staff_count_doctors": null, "access": null, "staff_count_nurses": null, "health_facility_level": null, "toilets_handwashing": null, "building": null, "name": "Kantor Kelurahan Tepus", "health_facility_bed": null }, "geometry": { "type": "Point", "coordinates": [ 110.65, -8.12 ] } },
{ "type": "Feature", "properties": { "osm_id": 10961478001, "osm_type": "nodes", "office": "government", "government": "administrative", "opening_hours": null, "health_facility_type": null, "status": null, "medical_system_western": null, "rooms": null, "toilets_disposal": null, "operator": null, "tourism": null, "operator_type": null, "amenity": null, "beds": null, "staff_count_doctors": null, "access": null, "staff_count_nurses": null, "health_facility_level": null, "toilets_handwashing": null, "building": null, "name": "Kantor Kelurahan Candirejo", "health_facility_bed": null }, "geometry": { "type": "Point", "coordinates": [ 110.6591, -8.0636 ] } },
{ "type": "Feature", "properties": { "osm_id": 10961478525, "osm_type": "nodes", "office": "government", "government": "administrative", "opening_hours": null, "health_facility_type": null, "status": null, "medical_system_western": null, "rooms": null, "toilets_disposal": null, "operator": null, "tourism": null, "operator_type": null, "amenity": null, "beds": null, "staff_count_doctors": null, "access": null, "staff_count_nurses": null, "health_facility_level": null, "toilets_handwashing": null, "building": null, "name": "Kantor Kelurahan Sumber Wungu", "health_facility_bed": null }, "geometry": { "type": "Point", "coordinates": [ 110.66, -8.08 ] } },
{ "type": "Feature", "properties": { "osm_id": 10120346815, "osm_type": "nodes", "office": "government", "government": null, "opening_hours": null, "health_facility_type": null, "status": null, "medical_system_western": null, "rooms": null, "toilets_disposal": null, "operator": null, "tourism": null, "operator_type": null, "amenity": null, "beds": null, "staff_count_doctors": null, "access": null, "staff_count_nurses": null, "health_facility_level": null, "toilets_handwashing": null, "building": null, "name": "Kantor Lembaga Kemasyarakatan Desa", "health_facility_bed": null }, "geometry": { "type": "Point", "coordinates": [ 110.4839458, -7.7360109 ] } },
{ "type": "Feature", "properties": { "osm_id": 10120343841, "osm_type": "nodes", "office": "government", "government": null, "opening_hours": null, "health_facility_type": null, "status": null, "medical_system_western": null, "rooms": null, "toilets_disposal": null, "operator": null, "tourism": null, "operator_type": null, "amenity": null, "beds": null, "staff_count_doctors": null, "access": null, "staff_count_nurses": null, "health_facility_level": null, "toilets_handwashing": null, "building": null, "name": "Kalurahan Tamanmartani", "health_facility_bed": null }, "geometry": { "type": "Point", "coordinates": [ 110.4843018, -7.7358031 ] } },
{ "type": "Feature", "properties": { "osm_id": 10961474746, "osm_type": "nodes", "office": "government", "government": "administrative", "opening_hours": null, "health_facility_type": null, "status": null, "medical_system_western": null, "rooms": null, "toilets_disposal": null, "operator": null, "tourism": null, "operator_type": null, "amenity": null, "beds": null, "staff_count_doctors": null, "access": null, "staff_count_nurses": null, "health_facility_level": null, "toilets_handwashing": null, "building": null, "name": "Kantor Kelurahan Tegalrejo", "health_facility_bed": null }, "geometry": { "type": "Point", "coordinates": [ 110.64, -7.8 ] } },
{ "type": "Feature", "properties": { "osm_id": 6031280885, "osm_type": "nodes", "office": null, "government": null, "opening_hours": null, "health_facility_type": null, "status": null, "medical_system_western": null, "rooms": null, "toilets_disposal": null, "operator": null, "tourism": "guest_house", "operator_type": null, "amenity": null, "beds": null, "staff_count_doctors": null, "access": null, "staff_count_nurses": null, "health_facility_level": null, "toilets_handwashing": null, "building": null, "name": "Omah Sundak Homestay is NOT here", "health_facility_bed": null }, "geometry": { "type": "Point", "coordinates": [ 110.6612585, -8.1664087 ] } },
{ "type": "Feature", "properties": { "osm_id": 10961471554, "osm_type": "nodes", "office": "government", "government": "administrative", "opening_hours": null, "health_facility_type": null, "status": null, "medical_system_western": null, "rooms": null, "toilets_disposal": null, "operator": null, "tourism": null, "operator_type": null, "amenity": null, "beds": null, "staff_count_doctors": null, "access": null, "staff_count_nurses": null, "health_facility_level": null, "toilets_handwashing": null, "building": null, "name": "Kantor Kelurahan Tirtoadi", "health_facility_bed": null }, "geometry": { "type": "Point", "coordinates": [ 110.3236, -7.7397 ] } },
{ "type": "Feature", "properties": { "osm_id": 4996011858, "osm_type": "nodes", "office": "government", "government": null, "opening_hours": null, "health_facility_type": null, "status": null, "medical_system_western": null, "rooms": null, "toilets_disposal": null, "operator": null, "tourism": null, "operator_type": null, "amenity": null, "beds": null, "staff_count_doctors": null, "access": null, "staff_count_nurses": null, "health_facility_level": null, "toilets_handwashing": null, "building": null, "name": "Dinas Komunikasi dan Informatika Kabupaten Sleman", "health_facility_bed": null }, "geometry": { "type": "Point", "coordinates": [ 110.3557848, -7.7172787 ] } },
{ "type": "Feature", "properties": { "osm_id": 1361166358, "osm_type": "nodes", "office": "government", "government": null, "opening_hours": null, "health_facility_type": null, "status": null, "medical_system_western": null, "rooms": null, "toilets_disposal": null, "operator": null, "tourism": null, "operator_type": null, "amenity": null, "beds": null, "staff_count_doctors": null, "access": null, "staff_count_nurses": null, "health_facility_level": null, "toilets_handwashing": null, "building": null, "name": "Badan Keuangan dan Aset Daerah", "health_facility_bed": null }, "geometry": { "type": "Point", "coordinates": [ 110.3543756, -7.7174875 ] } },
{ "type": "Feature", "properties": { "osm_id": 1361166465, "osm_type": "nodes", "office": "government", "government": "public_service", "opening_hours": "Mo-Th 07:30-14:30; Fr 07:30-11:30; Sa 07:30-13:00", "health_facility_type": null, "status": null, "medical_system_western": null, "rooms": null, "toilets_disposal": null, "operator": null, "tourism": null, "operator_type": null, "amenity": null, "beds": null, "staff_count_doctors": null, "access": null, "staff_count_nurses": null, "health_facility_level": null, "toilets_handwashing": null, "building": null, "name": "PDAM Sleman", "health_facility_bed": null }, "geometry": { "type": "Point", "coordinates": [ 110.3560458, -7.7154777 ] } },
{ "type": "Feature", "properties": { "osm_id": 1361166398, "osm_type": "nodes", "office": "government", "government": null, "opening_hours": null, "health_facility_type": null, "status": null, "medical_system_western": null, "rooms": null, "toilets_disposal": null, "operator": null, "tourism": null, "operator_type": null, "amenity": null, "beds": null, "staff_count_doctors": null, "access": null, "staff_count_nurses": null, "health_facility_level": null, "toilets_handwashing": null, "building": null, "name": "Dinas Pendidikan, Pemuda, dan Olahraga", "health_facility_bed": null }, "geometry": { "type": "Point", "coordinates": [ 110.3544384, -7.7171528 ] } },
{ "type": "Feature", "properties": { "osm_id": 1361166536, "osm_type": "nodes", "office": "government", "government": "tax", "opening_hours": null, "health_facility_type": null, "status": null, "medical_system_western": null, "rooms": null, "toilets_disposal": null, "operator": null, "tourism": null, "operator_type": null, "amenity": null, "beds": null, "staff_count_doctors": null, "access": null, "staff_count_nurses": null, "health_facility_level": null, "toilets_handwashing": null, "building": null, "name": "Direktorat Jendral Pajak", "health_facility_bed": null }, "geometry": { "type": "Point", "coordinates": [ 110.3555638, -7.7161852 ] } },
{ "type": "Feature", "properties": { "osm_id": 1361194943, "osm_type": "nodes", "office": "government", "government": null, "opening_hours": null, "health_facility_type": null, "status": null, "medical_system_western": null, "rooms": null, "toilets_disposal": null, "operator": null, "tourism": null, "operator_type": null, "amenity": null, "beds": null, "staff_count_doctors": null, "access": null, "staff_count_nurses": null, "health_facility_level": null, "toilets_handwashing": null, "building": null, "name": "Dinas Transportasi dan Telekomunikasi", "health_facility_bed": null }, "geometry": { "type": "Point", "coordinates": [ 110.352508, -7.7184343 ] } },
{ "type": "Feature", "properties": { "osm_id": 1361166474, "osm_type": "nodes", "office": "government", "government": null, "opening_hours": null, "health_facility_type": null, "status": null, "medical_system_western": null, "rooms": null, "toilets_disposal": null, "operator": null, "tourism": null, "operator_type": null, "amenity": null, "beds": null, "staff_count_doctors": null, "access": null, "staff_count_nurses": null, "health_facility_level": null, "toilets_handwashing": null, "building": null, "name": "Dinas Kepegawaian Daerah", "health_facility_bed": null }, "geometry": { "type": "Point", "coordinates": [ 110.3560666, -7.7176577 ] } },
{ "type": "Feature", "properties": { "osm_id": 1361158436, "osm_type": "nodes", "office": "government", "government": null, "opening_hours": null, "health_facility_type": null, "status": null, "medical_system_western": null, "rooms": null, "toilets_disposal": null, "operator": null, "tourism": null, "operator_type": null, "amenity": null, "beds": null, "staff_count_doctors": null, "access": null, "staff_count_nurses": null, "health_facility_level": null, "toilets_handwashing": null, "building": null, "name": "Dinas Tenaga Kerja", "health_facility_bed": null }, "geometry": { "type": "Point", "coordinates": [ 110.3550724, -7.7172286 ] } },
{ "type": "Feature", "properties": { "osm_id": 1361166467, "osm_type": "nodes", "office": "government", "government": null, "opening_hours": null, "health_facility_type": null, "status": null, "medical_system_western": null, "rooms": null, "toilets_disposal": null, "operator": null, "tourism": null, "operator_type": null, "amenity": null, "beds": null, "staff_count_doctors": null, "access": null, "staff_count_nurses": null, "health_facility_level": null, "toilets_handwashing": null, "building": null, "name": "BPBD Sleman", "health_facility_bed": null }, "geometry": { "type": "Point", "coordinates": [ 110.3552321, -7.7178993 ] } },
{ "type": "Feature", "properties": { "osm_id": 1361166385, "osm_type": "nodes", "office": "government", "government": null, "opening_hours": null, "health_facility_type": null, "status": null, "medical_system_western": null, "rooms": null, "toilets_disposal": null, "operator": null, "tourism": null, "operator_type": null, "amenity": null, "beds": null, "staff_count_doctors": null, "access": null, "staff_count_nurses": null, "health_facility_level": null, "toilets_handwashing": null, "building": null, "name": "Dinas Perindustrian, Perdagangan, dan Koperasi", "health_facility_bed": null }, "geometry": { "type": "Point", "coordinates": [ 110.3542142, -7.7178134 ] } },
{ "type": "Feature", "properties": { "osm_id": 1361167368, "osm_type": "nodes", "office": "government", "government": null, "opening_hours": null, "health_facility_type": null, "status": null, "medical_system_western": null, "rooms": null, "toilets_disposal": null, "operator": null, "tourism": null, "operator_type": null, "amenity": null, "beds": null, "staff_count_doctors": null, "access": null, "staff_count_nurses": null, "health_facility_level": null, "toilets_handwashing": null, "building": null, "name": "BAPPEDA Sleman", "health_facility_bed": null }, "geometry": { "type": "Point", "coordinates": [ 110.3541097, -7.7183872 ] } },
{ "type": "Feature", "properties": { "osm_id": 1361158604, "osm_type": "nodes", "office": "government", "government": null, "opening_hours": null, "health_facility_type": null, "status": null, "medical_system_western": null, "rooms": null, "toilets_disposal": null, "operator": null, "tourism": null, "operator_type": null, "amenity": null, "beds": null, "staff_count_doctors": null, "access": null, "staff_count_nurses": null, "health_facility_level": null, "toilets_handwashing": null, "building": null, "name": "BLKK", "health_facility_bed": null }, "geometry": { "type": "Point", "coordinates": [ 110.3552977, -7.7154849 ] } },
{ "type": "Feature", "properties": { "osm_id": 1361158451, "osm_type": "nodes", "office": "government", "government": "legislative", "opening_hours": null, "health_facility_type": null, "status": null, "medical_system_western": null, "rooms": null, "toilets_disposal": null, "operator": null, "tourism": null, "operator_type": null, "amenity": null, "beds": null, "staff_count_doctors": null, "access": null, "staff_count_nurses": null, "health_facility_level": null, "toilets_handwashing": null, "building": null, "name": "DPRD Sleman", "health_facility_bed": null }, "geometry": { "type": "Point", "coordinates": [ 110.3547774, -7.7162781 ] } },
{ "type": "Feature", "properties": { "osm_id": 1361211179, "osm_type": "nodes", "office": "government", "government": null, "opening_hours": null, "health_facility_type": null, "status": null, "medical_system_western": null, "rooms": null, "toilets_disposal": null, "operator": null, "tourism": null, "operator_type": null, "amenity": null, "beds": null, "staff_count_doctors": null, "access": null, "staff_count_nurses": null, "health_facility_level": null, "toilets_handwashing": null, "building": null, "name": "Sekretariat Sensus Penduduk 2010", "health_facility_bed": null }, "geometry": { "type": "Point", "coordinates": [ 110.3551978, -7.7194708 ] } },
{ "type": "Feature", "properties": { "osm_id": 1361211218, "osm_type": "nodes", "office": "government", "government": null, "opening_hours": null, "health_facility_type": null, "status": null, "medical_system_western": null, "rooms": null, "toilets_disposal": null, "operator": null, "tourism": null, "operator_type": null, "amenity": null, "beds": null, "staff_count_doctors": null, "access": null, "staff_count_nurses": null, "health_facility_level": null, "toilets_handwashing": null, "building": null, "name": "Dinas Pengendalian Pertanahan Daerah", "health_facility_bed": null }, "geometry": { "type": "Point", "coordinates": [ 110.3548577, -7.7193179 ] } },
{ "type": "Feature", "properties": { "osm_id": 1361211162, "osm_type": "nodes", "office": "government", "government": null, "opening_hours": null, "health_facility_type": null, "status": null, "medical_system_western": null, "rooms": null, "toilets_disposal": null, "operator": null, "tourism": null, "operator_type": null, "amenity": null, "beds": null, "staff_count_doctors": null, "access": null, "staff_count_nurses": null, "health_facility_level": null, "toilets_handwashing": null, "building": null, "name": "Kantor Lingkungan Hidup", "health_facility_bed": null }, "geometry": { "type": "Point", "coordinates": [ 110.3553267, -7.7194385 ] } },
{ "type": "Feature", "properties": { "osm_id": 1361211203, "osm_type": "nodes", "office": "government", "government": "register_office", "opening_hours": null, "health_facility_type": null, "status": null, "medical_system_western": null, "rooms": null, "toilets_disposal": null, "operator": null, "tourism": null, "operator_type": null, "amenity": null, "beds": null, "staff_count_doctors": null, "access": null, "staff_count_nurses": null, "health_facility_level": null, "toilets_handwashing": null, "building": null, "name": "Dinas Catatan Sipil", "health_facility_bed": null }, "geometry": { "type": "Point", "coordinates": [ 110.3544892, -7.7190669 ] } },
{ "type": "Feature", "properties": { "osm_id": 1361158549, "osm_type": "nodes", "office": null, "government": null, "opening_hours": null, "health_facility_type": null, "status": null, "medical_system_western": null, "rooms": null, "toilets_disposal": null, "operator": null, "tourism": null, "operator_type": null, "amenity": "townhall", "beds": null, "staff_count_doctors": null, "access": null, "staff_count_nurses": null, "health_facility_level": null, "toilets_handwashing": null, "building": null, "name": "Kantor Bupati Sleman", "health_facility_bed": null }, "geometry": { "type": "Point", "coordinates": [ 110.3559567, -7.7168329 ] } },
{ "type": "Feature", "properties": { "osm_id": 10961478247, "osm_type": "nodes", "office": "government", "government": "administrative", "opening_hours": null, "health_facility_type": null, "status": null, "medical_system_western": null, "rooms": null, "toilets_disposal": null, "operator": null, "tourism": null, "operator_type": null, "amenity": null, "beds": null, "staff_count_doctors": null, "access": null, "staff_count_nurses": null, "health_facility_level": null, "toilets_handwashing": null, "building": null, "name": "Kantor Kelurahan Triharjo", "health_facility_bed": null }, "geometry": { "type": "Point", "coordinates": [ 110.3444, -7.6944 ] } },
{ "type": "Feature", "properties": { "osm_id": 13797654475, "osm_type": "nodes", "office": null, "government": null, "opening_hours": null, "health_facility_type": null, "status": null, "medical_system_western": null, "rooms": null, "toilets_disposal": null, "operator": null, "tourism": null, "operator_type": null, "amenity": "hospital", "beds": null, "staff_count_doctors": null, "access": null, "staff_count_nurses": null, "health_facility_level": null, "toilets_handwashing": null, "building": null, "name": "Apotek K24", "health_facility_bed": null }, "geometry": { "type": "Point", "coordinates": [ 110.3435069, -7.6908568 ] } },
{ "type": "Feature", "properties": { "osm_id": 10961475190, "osm_type": "nodes", "office": "government", "government": "administrative", "opening_hours": null, "health_facility_type": null, "status": null, "medical_system_western": null, "rooms": null, "toilets_disposal": null, "operator": null, "tourism": null, "operator_type": null, "amenity": null, "beds": null, "staff_count_doctors": null, "access": null, "staff_count_nurses": null, "health_facility_level": null, "toilets_handwashing": null, "building": null, "name": "Kantor Kelurahan Umbulmartani", "health_facility_bed": null }, "geometry": { "type": "Point", "coordinates": [ 110.431, -7.6793 ] } },
{ "type": "Feature", "properties": { "osm_id": 10961476990, "osm_type": "nodes", "office": "government", "government": "administrative", "opening_hours": null, "health_facility_type": null, "status": null, "medical_system_western": null, "rooms": null, "toilets_disposal": null, "operator": null, "tourism": null, "operator_type": null, "amenity": null, "beds": null, "staff_count_doctors": null, "access": null, "staff_count_nurses": null, "health_facility_level": null, "toilets_handwashing": null, "building": null, "name": "Kantor Kelurahan Wareng", "health_facility_bed": null }, "geometry": { "type": "Point", "coordinates": [ 110.578, -7.9897 ] } },
{ "type": "Feature", "properties": { "osm_id": 10961477279, "osm_type": "nodes", "office": "government", "government": "administrative", "opening_hours": null, "health_facility_type": null, "status": null, "medical_system_western": null, "rooms": null, "toilets_disposal": null, "operator": null, "tourism": null, "operator_type": null, "amenity": null, "beds": null, "staff_count_doctors": null, "access": null, "staff_count_nurses": null, "health_facility_level": null, "toilets_handwashing": null, "building": null, "name": "Kantor Kelurahan Watu Gajah", "health_facility_bed": null }, "geometry": { "type": "Point", "coordinates": [ 110.59, -7.81 ] } },
{ "type": "Feature", "properties": { "osm_id": 9742575759, "osm_type": "nodes", "office": null, "government": null, "opening_hours": null, "health_facility_type": null, "status": null, "medical_system_western": null, "rooms": null, "toilets_disposal": null, "operator": null, "tourism": "guest_house", "operator_type": null, "amenity": null, "beds": null, "staff_count_doctors": null, "access": null, "staff_count_nurses": null, "health_facility_level": null, "toilets_handwashing": null, "building": null, "name": "Banyu Jiwo Guest House", "health_facility_bed": null }, "geometry": { "type": "Point", "coordinates": [ 110.4291724, -7.7405076 ] } },
{ "type": "Feature", "properties": { "osm_id": 13164453401, "osm_type": "nodes", "office": "government", "government": null, "opening_hours": "Mo-Th 07:30-15:30; Fr 07:30-14:30", "health_facility_type": null, "status": null, "medical_system_western": null, "rooms": null, "toilets_disposal": null, "operator": null, "tourism": null, "operator_type": null, "amenity": null, "beds": null, "staff_count_doctors": null, "access": null, "staff_count_nurses": null, "health_facility_level": null, "toilets_handwashing": null, "building": null, "name": "PDAM Sleman Unit Ngemplak", "health_facility_bed": null }, "geometry": { "type": "Point", "coordinates": [ 110.4448348, -7.6986772 ] } },
{ "type": "Feature", "properties": { "osm_id": 13197842418, "osm_type": "nodes", "office": "government", "government": null, "opening_hours": null, "health_facility_type": null, "status": null, "medical_system_western": null, "rooms": null, "toilets_disposal": null, "operator": null, "tourism": null, "operator_type": null, "amenity": null, "beds": null, "staff_count_doctors": null, "access": null, "staff_count_nurses": null, "health_facility_level": null, "toilets_handwashing": null, "building": null, "name": "Kantor Kelurahan Widodomartani", "health_facility_bed": null }, "geometry": { "type": "Point", "coordinates": [ 110.4444296, -7.697843 ] } },
{ "type": "Feature", "properties": { "osm_id": 13230229256, "osm_type": "nodes", "office": "government", "government": null, "opening_hours": null, "health_facility_type": null, "status": null, "medical_system_western": null, "rooms": null, "toilets_disposal": null, "operator": null, "tourism": null, "operator_type": null, "amenity": null, "beds": null, "staff_count_doctors": null, "access": null, "staff_count_nurses": null, "health_facility_level": null, "toilets_handwashing": null, "building": null, "name": "Ranting Dinas P&K Ngemplak", "health_facility_bed": null }, "geometry": { "type": "Point", "coordinates": [ 110.4460178, -7.6992183 ] } },
{ "type": "Feature", "properties": { "osm_id": 9899376513, "osm_type": "nodes", "office": "government", "government": null, "opening_hours": null, "health_facility_type": null, "status": null, "medical_system_western": null, "rooms": null, "toilets_disposal": null, "operator": null, "tourism": null, "operator_type": null, "amenity": null, "beds": null, "staff_count_doctors": null, "access": null, "staff_count_nurses": null, "health_facility_level": null, "toilets_handwashing": null, "building": null, "name": "Kantor Kecamatan Ngemplak", "health_facility_bed": null }, "geometry": { "type": "Point", "coordinates": [ 110.4451494, -7.6980701 ] } },
{ "type": "Feature", "properties": { "osm_id": 13208311732, "osm_type": "nodes", "office": "government", "government": null, "opening_hours": null, "health_facility_type": null, "status": null, "medical_system_western": null, "rooms": null, "toilets_disposal": null, "operator": null, "tourism": null, "operator_type": null, "amenity": null, "beds": null, "staff_count_doctors": null, "access": null, "staff_count_nurses": null, "health_facility_level": null, "toilets_handwashing": null, "building": null, "name": "KUA Kapanewon Ngemplak", "health_facility_bed": null }, "geometry": { "type": "Point", "coordinates": [ 110.447254, -7.7014571 ] } },
{ "type": "Feature", "properties": { "osm_id": 10961473075, "osm_type": "nodes", "office": "government", "government": "administrative", "opening_hours": null, "health_facility_type": null, "status": null, "medical_system_western": null, "rooms": null, "toilets_disposal": null, "operator": null, "tourism": null, "operator_type": null, "amenity": null, "beds": null, "staff_count_doctors": null, "access": null, "staff_count_nurses": null, "health_facility_level": null, "toilets_handwashing": null, "building": null, "name": "Kantor Kelurahan Wiladeg", "health_facility_bed": null }, "geometry": { "type": "Point", "coordinates": [ 110.65, -7.96 ] } },
{ "type": "Feature", "properties": { "osm_id": 10961475650, "osm_type": "nodes", "office": "government", "government": "administrative", "opening_hours": null, "health_facility_type": null, "status": null, "medical_system_western": null, "rooms": null, "toilets_disposal": null, "operator": null, "tourism": null, "operator_type": null, "amenity": null, "beds": null, "staff_count_doctors": null, "access": null, "staff_count_nurses": null, "health_facility_level": null, "toilets_handwashing": null, "building": null, "name": "Kantor Kelurahan Wonosari", "health_facility_bed": null }, "geometry": { "type": "Point", "coordinates": [ 110.6086, -7.9639 ] } },
{ "type": "Feature", "properties": { "osm_id": 10961478855, "osm_type": "nodes", "office": "government", "government": "administrative", "opening_hours": null, "health_facility_type": null, "status": null, "medical_system_western": null, "rooms": null, "toilets_disposal": null, "operator": null, "tourism": null, "operator_type": null, "amenity": null, "beds": null, "staff_count_doctors": null, "access": null, "staff_count_nurses": null, "health_facility_level": null, "toilets_handwashing": null, "building": null, "name": "Kantor Kelurahan Baleharjo", "health_facility_bed": null }, "geometry": { "type": "Point", "coordinates": [ 110.6108, -7.9583 ] } },
{ "type": "Feature", "properties": { "osm_id": 10961478381, "osm_type": "nodes", "office": "government", "government": "administrative", "opening_hours": null, "health_facility_type": null, "status": null, "medical_system_western": null, "rooms": null, "toilets_disposal": null, "operator": null, "tourism": null, "operator_type": null, "amenity": null, "beds": null, "staff_count_doctors": null, "access": null, "staff_count_nurses": null, "health_facility_level": null, "toilets_handwashing": null, "building": null, "name": "Kantor Kelurahan Balong", "health_facility_bed": null }, "geometry": { "type": "Point", "coordinates": [ 110.7011, -8.1461 ] } },
{ "type": "Feature", "properties": { "osm_id": 10961476661, "osm_type": "nodes", "office": "government", "government": "administrative", "opening_hours": null, "health_facility_type": null, "status": null, "medical_system_western": null, "rooms": null, "toilets_disposal": null, "operator": null, "tourism": null, "operator_type": null, "amenity": null, "beds": null, "staff_count_doctors": null, "access": null, "staff_count_nurses": null, "health_facility_level": null, "toilets_handwashing": null, "building": null, "name": "Kantor Kelurahan Bedoyo", "health_facility_bed": null }, "geometry": { "type": "Point", "coordinates": [ 110.7425, -8.0108 ] } },
{ "type": "Feature", "properties": { "osm_id": 10961479195, "osm_type": "nodes", "office": "government", "government": "administrative", "opening_hours": null, "health_facility_type": null, "status": null, "medical_system_western": null, "rooms": null, "toilets_disposal": null, "operator": null, "tourism": null, "operator_type": null, "amenity": null, "beds": null, "staff_count_doctors": null, "access": null, "staff_count_nurses": null, "health_facility_level": null, "toilets_handwashing": null, "building": null, "name": "Kantor Kelurahan Karang Asem", "health_facility_bed": null }, "geometry": { "type": "Point", "coordinates": [ 110.7527, -8.0041 ] } },
{ "type": "Feature", "properties": { "osm_id": 10961472354, "osm_type": "nodes", "office": "government", "government": "administrative", "opening_hours": null, "health_facility_type": null, "status": null, "medical_system_western": null, "rooms": null, "toilets_disposal": null, "operator": null, "tourism": null, "operator_type": null, "amenity": null, "beds": null, "staff_count_doctors": null, "access": null, "staff_count_nurses": null, "health_facility_level": null, "toilets_handwashing": null, "building": null, "name": "Kantor Kelurahan Kemejing", "health_facility_bed": null }, "geometry": { "type": "Point", "coordinates": [ 110.7156, -7.8675 ] } },
{ "type": "Feature", "properties": { "osm_id": 10961474219, "osm_type": "nodes", "office": "government", "government": "administrative", "opening_hours": null, "health_facility_type": null, "status": null, "medical_system_western": null, "rooms": null, "toilets_disposal": null, "operator": null, "tourism": null, "operator_type": null, "amenity": null, "beds": null, "staff_count_doctors": null, "access": null, "staff_count_nurses": null, "health_facility_level": null, "toilets_handwashing": null, "building": null, "name": "Kantor Kelurahan Rejosari", "health_facility_bed": null }, "geometry": { "type": "Point", "coordinates": [ 110.7097, -7.8597 ] } },
{ "type": "Feature", "properties": { "osm_id": 10961476753, "osm_type": "nodes", "office": "government", "government": "administrative", "opening_hours": null, "health_facility_type": null, "status": null, "medical_system_western": null, "rooms": null, "toilets_disposal": null, "operator": null, "tourism": null, "operator_type": null, "amenity": null, "beds": null, "staff_count_doctors": null, "access": null, "staff_count_nurses": null, "health_facility_level": null, "toilets_handwashing": null, "building": null, "name": "Kantor Kelurahan Bulurejo", "health_facility_bed": null }, "geometry": { "type": "Point", "coordinates": [ 110.7269, -7.8614 ] } },
{ "type": "Feature", "properties": { "osm_id": 10961479156, "osm_type": "nodes", "office": "government", "government": "administrative", "opening_hours": null, "health_facility_type": null, "status": null, "medical_system_western": null, "rooms": null, "toilets_disposal": null, "operator": null, "tourism": null, "operator_type": null, "amenity": null, "beds": null, "staff_count_doctors": null, "access": null, "staff_count_nurses": null, "health_facility_level": null, "toilets_handwashing": null, "building": null, "name": "Kantor Kelurahan Bendung", "health_facility_bed": null }, "geometry": { "type": "Point", "coordinates": [ 110.7228, -7.8581 ] } },
{ "type": "Feature", "properties": { "osm_id": 8150385417, "osm_type": "nodes", "office": "government", "government": null, "opening_hours": null, "health_facility_type": null, "status": null, "medical_system_western": null, "rooms": null, "toilets_disposal": null, "operator": null, "tourism": null, "operator_type": null, "amenity": null, "beds": null, "staff_count_doctors": null, "access": null, "staff_count_nurses": null, "health_facility_level": null, "toilets_handwashing": null, "building": null, "name": "Balai Desa Bohol", "health_facility_bed": null }, "geometry": { "type": "Point", "coordinates": [ 110.7475966, -8.135205 ] } },
{ "type": "Feature", "properties": { "osm_id": 10961474889, "osm_type": "nodes", "office": "government", "government": "administrative", "opening_hours": null, "health_facility_type": null, "status": null, "medical_system_western": null, "rooms": null, "toilets_disposal": null, "operator": null, "tourism": null, "operator_type": null, "amenity": null, "beds": null, "staff_count_doctors": null, "access": null, "staff_count_nurses": null, "health_facility_level": null, "toilets_handwashing": null, "building": null, "name": "Kantor Kelurahan Semin", "health_facility_bed": null }, "geometry": { "type": "Point", "coordinates": [ 110.735, -7.8686 ] } },
{ "type": "Feature", "properties": { "osm_id": 10961477423, "osm_type": "nodes", "office": "government", "government": "administrative", "opening_hours": null, "health_facility_type": null, "status": null, "medical_system_western": null, "rooms": null, "toilets_disposal": null, "operator": null, "tourism": null, "operator_type": null, "amenity": null, "beds": null, "staff_count_doctors": null, "access": null, "staff_count_nurses": null, "health_facility_level": null, "toilets_handwashing": null, "building": null, "name": "Kantor Kelurahan Pundung Sari", "health_facility_bed": null }, "geometry": { "type": "Point", "coordinates": [ 110.7439, -7.8658 ] } },
{ "type": "Feature", "properties": { "osm_id": 10961475952, "osm_type": "nodes", "office": "government", "government": "administrative", "opening_hours": null, "health_facility_type": null, "status": null, "medical_system_western": null, "rooms": null, "toilets_disposal": null, "operator": null, "tourism": null, "operator_type": null, "amenity": null, "beds": null, "staff_count_doctors": null, "access": null, "staff_count_nurses": null, "health_facility_level": null, "toilets_handwashing": null, "building": null, "name": "Kantor Kelurahan Candi Rejo", "health_facility_bed": null }, "geometry": { "type": "Point", "coordinates": [ 110.7528, -7.8289 ] } },
{ "type": "Feature", "properties": { "osm_id": 10961473517, "osm_type": "nodes", "office": "government", "government": "administrative", "opening_hours": null, "health_facility_type": null, "status": null, "medical_system_western": null, "rooms": null, "toilets_disposal": null, "operator": null, "tourism": null, "operator_type": null, "amenity": null, "beds": null, "staff_count_doctors": null, "access": null, "staff_count_nurses": null, "health_facility_level": null, "toilets_handwashing": null, "building": null, "name": "Kantor Kelurahan Karanggeneng", "health_facility_bed": null }, "geometry": { "type": "Point", "coordinates": [ 110.7186, -7.9514 ] } },
{ "type": "Feature", "properties": { "osm_id": 10961473745, "osm_type": "nodes", "office": "government", "government": "administrative", "opening_hours": null, "health_facility_type": null, "status": null, "medical_system_western": null, "rooms": null, "toilets_disposal": null, "operator": null, "tourism": null, "operator_type": null, "amenity": null, "beds": null, "staff_count_doctors": null, "access": null, "staff_count_nurses": null, "health_facility_level": null, "toilets_handwashing": null, "building": null, "name": "Kantor Kelurahan Umbul Rejo", "health_facility_bed": null }, "geometry": { "type": "Point", "coordinates": [ 110.7189, -7.9511 ] } },
{ "type": "Feature", "properties": { "osm_id": 10961477619, "osm_type": "nodes", "office": "government", "government": "administrative", "opening_hours": null, "health_facility_type": null, "status": null, "medical_system_western": null, "rooms": null, "toilets_disposal": null, "operator": null, "tourism": null, "operator_type": null, "amenity": null, "beds": null, "staff_count_doctors": null, "access": null, "staff_count_nurses": null, "health_facility_level": null, "toilets_handwashing": null, "building": null, "name": "Kantor Kelurahan Genjahan", "health_facility_bed": null }, "geometry": { "type": "Point", "coordinates": [ 110.7105, -7.97 ] } },
{ "type": "Feature", "properties": { "osm_id": 10961476806, "osm_type": "nodes", "office": "government", "government": "administrative", "opening_hours": null, "health_facility_type": null, "status": null, "medical_system_western": null, "rooms": null, "toilets_disposal": null, "operator": null, "tourism": null, "operator_type": null, "amenity": null, "beds": null, "staff_count_doctors": null, "access": null, "staff_count_nurses": null, "health_facility_level": null, "toilets_handwashing": null, "building": null, "name": "Kantor Kelurahan Karangawen", "health_facility_bed": null }, "geometry": { "type": "Point", "coordinates": [ 110.7395078, -8.1501235 ] } },
{ "type": "Feature", "properties": { "osm_id": 10961474273, "osm_type": "nodes", "office": "government", "government": "administrative", "opening_hours": null, "health_facility_type": null, "status": null, "medical_system_western": null, "rooms": null, "toilets_disposal": null, "operator": null, "tourism": null, "operator_type": null, "amenity": null, "beds": null, "staff_count_doctors": null, "access": null, "staff_count_nurses": null, "health_facility_level": null, "toilets_handwashing": null, "building": null, "name": "Kantor Kelurahan Jepitu", "health_facility_bed": null }, "geometry": { "type": "Point", "coordinates": [ 110.7158, -8.1453 ] } },
{ "type": "Feature", "properties": { "osm_id": 6865613385, "osm_type": "nodes", "office": null, "government": null, "opening_hours": null, "health_facility_type": null, "status": null, "medical_system_western": null, "rooms": null, "toilets_disposal": null, "operator": null, "tourism": "hotel", "operator_type": null, "amenity": null, "beds": null, "staff_count_doctors": null, "access": null, "staff_count_nurses": null, "health_facility_level": null, "toilets_handwashing": null, "building": null, "name": "Joglo Wediombo", "health_facility_bed": null }, "geometry": { "type": "Point", "coordinates": [ 110.7113725, -8.1897941 ] } },
{ "type": "Feature", "properties": { "osm_id": 8149113144, "osm_type": "nodes", "office": "government", "government": "administrative", "opening_hours": null, "health_facility_type": null, "status": null, "medical_system_western": null, "rooms": null, "toilets_disposal": null, "operator": null, "tourism": null, "operator_type": null, "amenity": null, "beds": null, "staff_count_doctors": null, "access": null, "staff_count_nurses": null, "health_facility_level": null, "toilets_handwashing": null, "building": null, "name": "Balai Desa Jerukwudel", "health_facility_bed": null }, "geometry": { "type": "Point", "coordinates": [ 110.7713126, -8.141115 ] } },
{ "type": "Feature", "properties": { "osm_id": 8150372092, "osm_type": "nodes", "office": "government", "government": null, "opening_hours": null, "health_facility_type": null, "status": null, "medical_system_western": null, "rooms": null, "toilets_disposal": null, "operator": null, "tourism": null, "operator_type": null, "amenity": null, "beds": null, "staff_count_doctors": null, "access": null, "staff_count_nurses": null, "health_facility_level": null, "toilets_handwashing": null, "building": null, "name": "BPP Kecamatan Girisubo", "health_facility_bed": null }, "geometry": { "type": "Point", "coordinates": [ 110.7705463, -8.1497394 ] } },
{ "type": "Feature", "properties": { "osm_id": 10961476138, "osm_type": "nodes", "office": "government", "government": "administrative", "opening_hours": null, "health_facility_type": null, "status": null, "medical_system_western": null, "rooms": null, "toilets_disposal": null, "operator": null, "tourism": null, "operator_type": null, "amenity": null, "beds": null, "staff_count_doctors": null, "access": null, "staff_count_nurses": null, "health_facility_level": null, "toilets_handwashing": null, "building": null, "name": "Kantor Kelurahan Jerukwudel", "health_facility_bed": null }, "geometry": { "type": "Point", "coordinates": [ 110.77, -8.14 ] } },
{ "type": "Feature", "properties": { "osm_id": 10961478091, "osm_type": "nodes", "office": "government", "government": "administrative", "opening_hours": null, "health_facility_type": null, "status": null, "medical_system_western": null, "rooms": null, "toilets_disposal": null, "operator": null, "tourism": null, "operator_type": null, "amenity": null, "beds": null, "staff_count_doctors": null, "access": null, "staff_count_nurses": null, "health_facility_level": null, "toilets_handwashing": null, "building": null, "name": "Kantor Kelurahan Kalitekuk", "health_facility_bed": null }, "geometry": { "type": "Point", "coordinates": [ 110.7097, -7.8761 ] } },
{ "type": "Feature", "properties": { "osm_id": 10961471684, "osm_type": "nodes", "office": "government", "government": "administrative", "opening_hours": null, "health_facility_type": null, "status": null, "medical_system_western": null, "rooms": null, "toilets_disposal": null, "operator": null, "tourism": null, "operator_type": null, "amenity": null, "beds": null, "staff_count_doctors": null, "access": null, "staff_count_nurses": null, "health_facility_level": null, "toilets_handwashing": null, "building": null, "name": "Kantor Kelurahan Karang Sari", "health_facility_bed": null }, "geometry": { "type": "Point", "coordinates": [ 110.76, -7.8675 ] } },
{ "type": "Feature", "properties": { "osm_id": 9179658775, "osm_type": "nodes", "office": null, "government": "administrative", "opening_hours": null, "health_facility_type": null, "status": null, "medical_system_western": null, "rooms": null, "toilets_disposal": null, "operator": null, "tourism": null, "operator_type": null, "amenity": null, "beds": null, "staff_count_doctors": null, "access": null, "staff_count_nurses": null, "health_facility_level": null, "toilets_handwashing": null, "building": "office", "name": "Kapanewon Rongkop", "health_facility_bed": null }, "geometry": { "type": "Point", "coordinates": [ 110.7640904, -8.0832897 ] } },
{ "type": "Feature", "properties": { "osm_id": 10961474416, "osm_type": "nodes", "office": "government", "government": "administrative", "opening_hours": null, "health_facility_type": null, "status": null, "medical_system_western": null, "rooms": null, "toilets_disposal": null, "operator": null, "tourism": null, "operator_type": null, "amenity": null, "beds": null, "staff_count_doctors": null, "access": null, "staff_count_nurses": null, "health_facility_level": null, "toilets_handwashing": null, "building": null, "name": "Kantor Kelurahan Kenteng", "health_facility_bed": null }, "geometry": { "type": "Point", "coordinates": [ 110.7528, -7.9878 ] } },
{ "type": "Feature", "properties": { "osm_id": 10961473602, "osm_type": "nodes", "office": "government", "government": "administrative", "opening_hours": null, "health_facility_type": null, "status": null, "medical_system_western": null, "rooms": null, "toilets_disposal": null, "operator": null, "tourism": null, "operator_type": null, "amenity": null, "beds": null, "staff_count_doctors": null, "access": null, "staff_count_nurses": null, "health_facility_level": null, "toilets_handwashing": null, "building": null, "name": "Kantor Kelurahan Nglindur", "health_facility_bed": null }, "geometry": { "type": "Point", "coordinates": [ 110.7655, -8.123 ] } },
{ "type": "Feature", "properties": { "osm_id": 10961477187, "osm_type": "nodes", "office": "government", "government": "administrative", "opening_hours": null, "health_facility_type": null, "status": null, "medical_system_western": null, "rooms": null, "toilets_disposal": null, "operator": null, "tourism": null, "operator_type": null, "amenity": null, "beds": null, "staff_count_doctors": null, "access": null, "staff_count_nurses": null, "health_facility_level": null, "toilets_handwashing": null, "building": null, "name": "Kantor Kelurahan Melikan", "health_facility_bed": null }, "geometry": { "type": "Point", "coordinates": [ 110.7753, -8.1136 ] } },
{ "type": "Feature", "properties": { "osm_id": 9179253057, "osm_type": "nodes", "office": "government", "government": "administrative", "opening_hours": null, "health_facility_type": null, "status": null, "medical_system_western": null, "rooms": null, "toilets_disposal": null, "operator": null, "tourism": null, "operator_type": null, "amenity": null, "beds": null, "staff_count_doctors": null, "access": null, "staff_count_nurses": null, "health_facility_level": null, "toilets_handwashing": null, "building": "public", "name": "Balai Dusun Ngepoh", "health_facility_bed": null }, "geometry": { "type": "Point", "coordinates": [ 110.7588574, -8.1236403 ] } },
{ "type": "Feature", "properties": { "osm_id": 10961475087, "osm_type": "nodes", "office": "government", "government": "administrative", "opening_hours": null, "health_facility_type": null, "status": null, "medical_system_western": null, "rooms": null, "toilets_disposal": null, "operator": null, "tourism": null, "operator_type": null, "amenity": null, "beds": null, "staff_count_doctors": null, "access": null, "staff_count_nurses": null, "health_facility_level": null, "toilets_handwashing": null, "building": null, "name": "Kantor Kelurahan Ponjong", "health_facility_bed": null }, "geometry": { "type": "Point", "coordinates": [ 110.715, -7.9817 ] } },
{ "type": "Feature", "properties": { "osm_id": 10961473982, "osm_type": "nodes", "office": "government", "government": "administrative", "opening_hours": null, "health_facility_type": null, "status": null, "medical_system_western": null, "rooms": null, "toilets_disposal": null, "operator": null, "tourism": null, "operator_type": null, "amenity": null, "beds": null, "staff_count_doctors": null, "access": null, "staff_count_nurses": null, "health_facility_level": null, "toilets_handwashing": null, "building": null, "name": "Kantor Kelurahan Pringombo", "health_facility_bed": null }, "geometry": { "type": "Point", "coordinates": [ 110.7561, -8.1086 ] } },
{ "type": "Feature", "properties": { "osm_id": 10961472263, "osm_type": "nodes", "office": "government", "government": "administrative", "opening_hours": null, "health_facility_type": null, "status": null, "medical_system_western": null, "rooms": null, "toilets_disposal": null, "operator": null, "tourism": null, "operator_type": null, "amenity": null, "beds": null, "staff_count_doctors": null, "access": null, "staff_count_nurses": null, "health_facility_level": null, "toilets_handwashing": null, "building": null, "name": "Kantor Kelurahan Dadapayu", "health_facility_bed": null }, "geometry": { "type": "Point", "coordinates": [ 110.7052, -8.058 ] } },
{ "type": "Feature", "properties": { "osm_id": 10961478671, "osm_type": "nodes", "office": "government", "government": "administrative", "opening_hours": null, "health_facility_type": null, "status": null, "medical_system_western": null, "rooms": null, "toilets_disposal": null, "operator": null, "tourism": null, "operator_type": null, "amenity": null, "beds": null, "staff_count_doctors": null, "access": null, "staff_count_nurses": null, "health_facility_level": null, "toilets_handwashing": null, "building": null, "name": "Kantor Kelurahan Pucung", "health_facility_bed": null }, "geometry": { "type": "Point", "coordinates": [ 110.7842, -8.1642 ] } },
{ "type": "Feature", "properties": { "osm_id": 10961473022, "osm_type": "nodes", "office": "government", "government": "administrative", "opening_hours": null, "health_facility_type": null, "status": null, "medical_system_western": null, "rooms": null, "toilets_disposal": null, "operator": null, "tourism": null, "operator_type": null, "amenity": null, "beds": null, "staff_count_doctors": null, "access": null, "staff_count_nurses": null, "health_facility_level": null, "toilets_handwashing": null, "building": null, "name": "Kantor Kelurahan Sambirejo", "health_facility_bed": null }, "geometry": { "type": "Point", "coordinates": [ 110.72, -7.81 ] } },
{ "type": "Feature", "properties": { "osm_id": 10961455212, "osm_type": "nodes", "office": "government", "government": "administrative", "opening_hours": null, "health_facility_type": null, "status": null, "medical_system_western": null, "rooms": null, "toilets_disposal": null, "operator": null, "tourism": null, "operator_type": null, "amenity": null, "beds": null, "staff_count_doctors": null, "access": null, "staff_count_nurses": null, "health_facility_level": null, "toilets_handwashing": null, "building": null, "name": "Kantor Kelurahan Sawahan", "health_facility_bed": null }, "geometry": { "type": "Point", "coordinates": [ 110.7478, -7.925 ] } },
{ "type": "Feature", "properties": { "osm_id": 10961473417, "osm_type": "nodes", "office": "government", "government": "administrative", "opening_hours": null, "health_facility_type": null, "status": null, "medical_system_western": null, "rooms": null, "toilets_disposal": null, "operator": null, "tourism": null, "operator_type": null, "amenity": null, "beds": null, "staff_count_doctors": null, "access": null, "staff_count_nurses": null, "health_facility_level": null, "toilets_handwashing": null, "building": null, "name": "Kantor Kelurahan Sumberrejo", "health_facility_bed": null }, "geometry": { "type": "Point", "coordinates": [ 110.7333, -7.8436 ] } },
{ "type": "Feature", "properties": { "osm_id": 10961471881, "osm_type": "nodes", "office": "government", "government": "administrative", "opening_hours": null, "health_facility_type": null, "status": null, "medical_system_western": null, "rooms": null, "toilets_disposal": null, "operator": null, "tourism": null, "operator_type": null, "amenity": null, "beds": null, "staff_count_doctors": null, "access": null, "staff_count_nurses": null, "health_facility_level": null, "toilets_handwashing": null, "building": null, "name": "Kantor Kelurahan Sumber Giri", "health_facility_bed": null }, "geometry": { "type": "Point", "coordinates": [ 110.7225, -7.9658 ] } },
{ "type": "Feature", "properties": { "osm_id": 10961476950, "osm_type": "nodes", "office": "government", "government": "administrative", "opening_hours": null, "health_facility_type": null, "status": null, "medical_system_western": null, "rooms": null, "toilets_disposal": null, "operator": null, "tourism": null, "operator_type": null, "amenity": null, "beds": null, "staff_count_doctors": null, "access": null, "staff_count_nurses": null, "health_facility_level": null, "toilets_handwashing": null, "building": null, "name": "Kantor Kelurahan Tambakromo", "health_facility_bed": null }, "geometry": { "type": "Point", "coordinates": [ 110.7653, -7.9422 ] } },
{ "type": "Feature", "properties": { "osm_id": 10961479339, "osm_type": "nodes", "office": "government", "government": "administrative", "opening_hours": null, "health_facility_type": null, "status": null, "medical_system_western": null, "rooms": null, "toilets_disposal": null, "operator": null, "tourism": null, "operator_type": null, "amenity": null, "beds": null, "staff_count_doctors": null, "access": null, "staff_count_nurses": null, "health_facility_level": null, "toilets_handwashing": null, "building": null, "name": "Kantor Kelurahan Tileng", "health_facility_bed": null }, "geometry": { "type": "Point", "coordinates": [ 110.7603, -8.1589 ] } },
{ "type": "Feature", "properties": { "osm_id": 10961476227, "osm_type": "nodes", "office": "government", "government": "administrative", "opening_hours": null, "health_facility_type": null, "status": null, "medical_system_western": null, "rooms": null, "toilets_disposal": null, "operator": null, "tourism": null, "operator_type": null, "amenity": null, "beds": null, "staff_count_doctors": null, "access": null, "staff_count_nurses": null, "health_facility_level": null, "toilets_handwashing": null, "building": null, "name": "Kantor Kelurahan Kampung", "health_facility_bed": null }, "geometry": { "type": "Point", "coordinates": [ 110.7, -7.84 ] } },
{ "type": "Feature", "properties": { "osm_id": 10961479429, "osm_type": "nodes", "office": "government", "government": "administrative", "opening_hours": null, "health_facility_type": null, "status": null, "medical_system_western": null, "rooms": null, "toilets_disposal": null, "operator": null, "tourism": null, "operator_type": null, "amenity": null, "beds": null, "staff_count_doctors": null, "access": null, "staff_count_nurses": null, "health_facility_level": null, "toilets_handwashing": null, "building": null, "name": "Kantor Kelurahan Watu Sigar", "health_facility_bed": null }, "geometry": { "type": "Point", "coordinates": [ 110.69, -7.86 ] } },
{ "type": "Feature", "properties": { "osm_id": 10961475992, "osm_type": "nodes", "office": "government", "government": "administrative", "opening_hours": null, "health_facility_type": null, "status": null, "medical_system_western": null, "rooms": null, "toilets_disposal": null, "operator": null, "tourism": null, "operator_type": null, "amenity": null, "beds": null, "staff_count_doctors": null, "access": null, "staff_count_nurses": null, "health_facility_level": null, "toilets_handwashing": null, "building": null, "name": "Kantor Kelurahan Giripanggung", "health_facility_bed": null }, "geometry": { "type": "Point", "coordinates": [ 110.69, -8.1 ] } },
{ "type": "Feature", "properties": { "osm_id": 10961471737, "osm_type": "nodes", "office": "government", "government": "administrative", "opening_hours": null, "health_facility_type": null, "status": null, "medical_system_western": null, "rooms": null, "toilets_disposal": null, "operator": null, "tourism": null, "operator_type": null, "amenity": null, "beds": null, "staff_count_doctors": null, "access": null, "staff_count_nurses": null, "health_facility_level": null, "toilets_handwashing": null, "building": null, "name": "Kantor Kelurahan Jati Ayu", "health_facility_bed": null }, "geometry": { "type": "Point", "coordinates": [ 110.6881, -7.9508 ] } },
{ "type": "Feature", "properties": { "osm_id": 10961478761, "osm_type": "nodes", "office": "government", "government": "administrative", "opening_hours": null, "health_facility_type": null, "status": null, "medical_system_western": null, "rooms": null, "toilets_disposal": null, "operator": null, "tourism": null, "operator_type": null, "amenity": null, "beds": null, "staff_count_doctors": null, "access": null, "staff_count_nurses": null, "health_facility_level": null, "toilets_handwashing": null, "building": null, "name": "Kantor Kelurahan Jurang Jero", "health_facility_bed": null }, "geometry": { "type": "Point", "coordinates": [ 110.7, -7.82 ] } },
{ "type": "Feature", "properties": { "osm_id": 10961472408, "osm_type": "nodes", "office": "government", "government": "administrative", "opening_hours": null, "health_facility_type": null, "status": null, "medical_system_western": null, "rooms": null, "toilets_disposal": null, "operator": null, "tourism": null, "operator_type": null, "amenity": null, "beds": null, "staff_count_doctors": null, "access": null, "staff_count_nurses": null, "health_facility_level": null, "toilets_handwashing": null, "building": null, "name": "Kantor Kelurahan Karangmojo", "health_facility_bed": null }, "geometry": { "type": "Point", "coordinates": [ 110.6914, -7.9572 ] } },
{ "type": "Feature", "properties": { "osm_id": 10961475940, "osm_type": "nodes", "office": "government", "government": "administrative", "opening_hours": null, "health_facility_type": null, "status": null, "medical_system_western": null, "rooms": null, "toilets_disposal": null, "operator": null, "tourism": null, "operator_type": null, "amenity": null, "beds": null, "staff_count_doctors": null, "access": null, "staff_count_nurses": null, "health_facility_level": null, "toilets_handwashing": null, "building": null, "name": "Kantor Kelurahan Kedungpoh", "health_facility_bed": null }, "geometry": { "type": "Point", "coordinates": [ 110.6225, -7.8702 ] } },
{ "type": "Feature", "properties": { "osm_id": 10961474798, "osm_type": "nodes", "office": "government", "government": "administrative", "opening_hours": null, "health_facility_type": null, "status": null, "medical_system_western": null, "rooms": null, "toilets_disposal": null, "operator": null, "tourism": null, "operator_type": null, "amenity": null, "beds": null, "staff_count_doctors": null, "access": null, "staff_count_nurses": null, "health_facility_level": null, "toilets_handwashing": null, "building": null, "name": "Kantor Kelurahan Ngeposari", "health_facility_bed": null }, "geometry": { "type": "Point", "coordinates": [ 110.6716, -7.9994 ] } },
{ "type": "Feature", "properties": { "osm_id": 10961478144, "osm_type": "nodes", "office": "government", "government": "administrative", "opening_hours": null, "health_facility_type": null, "status": null, "medical_system_western": null, "rooms": null, "toilets_disposal": null, "operator": null, "tourism": null, "operator_type": null, "amenity": null, "beds": null, "staff_count_doctors": null, "access": null, "staff_count_nurses": null, "health_facility_level": null, "toilets_handwashing": null, "building": null, "name": "Kantor Kelurahan Ngipak", "health_facility_bed": null }, "geometry": { "type": "Point", "coordinates": [ 110.6706, -7.9581 ] } },
{ "type": "Feature", "properties": { "osm_id": 10961473458, "osm_type": "nodes", "office": "government", "government": "administrative", "opening_hours": null, "health_facility_type": null, "status": null, "medical_system_western": null, "rooms": null, "toilets_disposal": null, "operator": "Pemerintah Kalurahan Purwodadi", "tourism": null, "operator_type": null, "amenity": null, "beds": null, "staff_count_doctors": null, "access": null, "staff_count_nurses": null, "health_facility_level": null, "toilets_handwashing": null, "building": null, "name": "Kantor Kalurahan Purwodadi", "health_facility_bed": null }, "geometry": { "type": "Point", "coordinates": [ 110.6833039, -8.1528035 ] } },
{ "type": "Feature", "properties": { "osm_id": 10961474127, "osm_type": "nodes", "office": "government", "government": "administrative", "opening_hours": null, "health_facility_type": null, "status": null, "medical_system_western": null, "rooms": null, "toilets_disposal": null, "operator": null, "tourism": null, "operator_type": null, "amenity": null, "beds": null, "staff_count_doctors": null, "access": null, "staff_count_nurses": null, "health_facility_level": null, "toilets_handwashing": null, "building": null, "name": "Kantor Kelurahan Sidorejo", "health_facility_bed": null }, "geometry": { "type": "Point", "coordinates": [ 110.6925, -7.9878 ] } }
]
}
